xrun(64): 25.09-s001: (c) Copyright 1995-2025 Cadence Design Systems, Inc.
TOOL:	xrun(64)	25.09-s001: Started on Apr 26, 2026 at 23:25:35 EDT
xrun
	-f run.f
		-clean
		-uvm
		-access +rwc
		sources/tpu_top.sv
		sources/weight_sram.sv
		sources/weight_fifo.sv
		sources/weight_controller.sv
		sources/act_sram.sv
		sources/input_fifo.sv
		sources/act_skew_buffer.sv
		sources/systolic_array.sv
		sources/pe.sv
		UVM/env/interfaces/tpu_if.sv
		UVM/env/seq_items/weight_item.sv
		UVM/env/seq_items/act_item.sv
		UVM/env/seq_items/out_item.sv
		UVM/env/sequences/weight_sequence.sv
		UVM/env/sequences/act_sequence.sv
		UVM/env/agents/weight_agent/weight_sequencer.sv
		UVM/env/agents/weight_agent/weight_driver.sv
		UVM/env/agents/weight_agent/weight_monitor.sv
		UVM/env/agents/weight_agent/weight_agent.sv
		UVM/env/agents/act_agent/act_sequencer.sv
		UVM/env/agents/act_agent/act_driver.sv
		UVM/env/agents/act_agent/act_monitor.sv
		UVM/env/agents/act_agent/act_agent.sv
		UVM/env/agents/out_agent/out_monitor.sv
		UVM/env/agents/out_agent/out_agent.sv
		UVM/env/tpu_scoreboard.sv
		UVM/env/tpu_env.sv
		UVM/tests/tpu_test.sv
		UVM/tests/tpu_reset_test.sv
		tb_top.sv
xrun: *N,CLEAN: Removing existing directory ./xcelium.d.
Compiling UVM packages (uvm_pkg.sv cdns_uvm_pkg.sv) using uvmhome location /opt/cadence/xcelium/install/tools/methodology/UVM/CDNS-1.1d
file: sources/tpu_top.sv
	module worklib.tpu_top:sv
		errors: 0, warnings: 0
file: sources/weight_sram.sv
	module worklib.weight_sram:sv
		errors: 0, warnings: 0
file: sources/weight_fifo.sv
	module worklib.weight_fifo:sv
		errors: 0, warnings: 0
file: sources/weight_controller.sv
	module worklib.weight_controller:sv
		errors: 0, warnings: 0
file: sources/act_sram.sv
	module worklib.act_sram:sv
		errors: 0, warnings: 0
file: sources/input_fifo.sv
	module worklib.input_fifo:sv
		errors: 0, warnings: 0
file: sources/act_skew_buffer.sv
	module worklib.act_skew_buffer:sv
		errors: 0, warnings: 0
file: sources/systolic_array.sv
	module worklib.systolic_array:sv
		errors: 0, warnings: 0
file: sources/pe.sv
	module worklib.pe:sv
		errors: 0, warnings: 0
file: UVM/env/interfaces/tpu_if.sv
	interface worklib.tpu_if:sv
		errors: 0, warnings: 0
file: UVM/env/seq_items/weight_item.sv
file: UVM/env/seq_items/act_item.sv
file: UVM/env/seq_items/out_item.sv
file: UVM/env/sequences/weight_sequence.sv
file: UVM/env/sequences/act_sequence.sv
file: UVM/env/agents/weight_agent/weight_sequencer.sv
file: UVM/env/agents/weight_agent/weight_driver.sv
file: UVM/env/agents/weight_agent/weight_monitor.sv
file: UVM/env/agents/weight_agent/weight_agent.sv
file: UVM/env/agents/act_agent/act_sequencer.sv
file: UVM/env/agents/act_agent/act_driver.sv
file: UVM/env/agents/act_agent/act_monitor.sv
file: UVM/env/agents/act_agent/act_agent.sv
file: UVM/env/agents/out_agent/out_monitor.sv
file: UVM/env/agents/out_agent/out_agent.sv
file: UVM/env/tpu_scoreboard.sv
file: UVM/env/tpu_env.sv
file: UVM/tests/tpu_test.sv
file: UVM/tests/tpu_reset_test.sv
file: tb_top.sv
	module worklib.tb_top:sv
		errors: 0, warnings: 0
		Caching library 'worklib' ....... Done
	Elaborating the design hierarchy:
	Top level design units:
		worklib.uvm_pkg:sv (package)
		worklib.cdns_uvmapi:svp (package)
		worklib.cdns_assert2uvm_pkg:sv (package)
		worklib.cdns_uvm_pkg:sv (package)
		worklib.$unit_0x249dcdd7:compilation_unit (compilation_unit)
		worklib.tb_top:sv (module)
	Building instance overlay tables: .................... Done
	Generating native compiled code:
		worklib.pe:sv <0x6d24f057>
			streams:   9, words:  2700
		worklib.input_fifo:sv <0x4142d2d5>
			streams:   8, words:  4650
		worklib.act_sram:sv <0x7ee96635>
			streams:   4, words:  2194
		worklib.weight_controller:sv <0x44ddaa7f>
			streams:  10, words:  3651
		worklib.weight_fifo:sv <0x1a671163>
			streams:   8, words:  3604
		worklib.weight_sram:sv <0x7edf43cb>
			streams:   4, words:  1322
		worklib.act_skew_buffer:sv <0x085e2aa2>
			streams:   6, words:  5487
		worklib.systolic_array:sv <0x78bd756b>
			streams:   9, words:  3087
		worklib.tpu_top:sv <0x0dc32dd7>
			streams:  52, words: 23282
		worklib.tpu_if:sv <0x600862a6>
			streams: 1175, words: 1365445
		worklib.cdns_uvm_pkg:sv <0x5ceaca78>
			streams: 172, words: 270843
		worklib.cdns_uvmapi:svp <0x66f3d52f>
			streams:  27, words: 30102
		worklib.cdns_assert2uvm_pkg:sv <0x251b1236>
			streams:   3, words:  1697
		worklib.uvm_pkg:sv <0x2d2fb0e6>
			streams: 4534, words: 7088573
	Building instance specific data structures.
	Loading native compiled code:     .................... Done
	Design hierarchy summary:
		                        Instances  Unique
		Modules:                      265      10
		Interfaces:                     1       1
		Verilog packages:               4       4
		Registers:                 17,344  10,477
		Scalar wires:                 296       -
		Vectored wires:             2,930       -
		Named events:                   4      12
		Always blocks:                289      20
		Initial blocks:               323     167
		Parallel blocks:               27      28
		Cont. assignments:          1,111      20
		Pseudo assignments:         1,582       -
		Assertions:                     4       4
		Compilation units:              1       1
		SV Class declarations:        209     322
		SV Class specializations:     435     435
		Process Clocks:               284       2
	Writing initial simulation snapshot: worklib.tb_top:sv
Loading snapshot worklib.tb_top:sv .................... Done
SVSEED default: 1
xcelium> source /opt/cadence/xcelium/install/tools/xcelium/files/xmsimrc
xcelium> source /opt/cadence/xcelium/install/tools/methodology/UVM/CDNS-1.1d/additions/sv/files/tcl/uvm_sim.tcl
xcelium> run
----------------------------------------------------------------
CDNS-UVM-1.1d (25.09-s001)
(C) 2007-2013 Mentor Graphics Corporation
(C) 2007-2013 Cadence Design Systems, Inc.
(C) 2006-2013 Synopsys, Inc.
(C) 2011-2013 Cypress Semiconductor Corp.
----------------------------------------------------------------

  ***********       IMPORTANT RELEASE NOTES         ************

  You are using a version of the UVM library that has been compiled
  with `UVM_NO_DEPRECATED undefined.
  See http://www.eda.org/svdb/view.php?id=3313 for more details.

  You are using a version of the UVM library that has been compiled
  with `UVM_OBJECT_MUST_HAVE_CONSTRUCTOR undefined.
  See http://www.eda.org/svdb/view.php?id=3770 for more details.

      (Specify +UVM_NO_RELNOTES to turn off this notice)

UVM_INFO @ 0: reporter [RNTST] Running test tpu_test...
UVM_INFO UVM/env/tpu_env.sv(18) @ 0: uvm_test_top.env [TPU_ENV] Build agents
UVM_INFO UVM/tests/tpu_test.sv(24) @ 0: uvm_test_top [TEST] Test started! Objection raised.
UVM_INFO UVM/env/tpu_scoreboard.sv(34) @ 0: uvm_test_top.env.sb [SCOREBOARD] Waiting data from 3 monitors
UVM_INFO UVM/env/sequences/weight_sequence.sv(12) @ 50: uvm_test_top.env.w_agent.sequencer@@w_seq [WT_SEQ] Preparing to send matrices
UVM_INFO UVM/env/agents/weight_agent/weight_driver.sv(26) @ 50: uvm_test_top.env.w_agent.driver [WT_DRV] Starting SRAM writing phase...
UVM_INFO UVM/env/agents/weight_agent/weight_driver.sv(43) @ 5250: uvm_test_top.env.w_agent.driver [WT_DRV] Waiting for controller to finish ...
UVM_INFO UVM/env/agents/weight_agent/weight_driver.sv(58) @ 15550: uvm_test_top.env.w_agent.driver [WT_DRV] Matrix successfully loaded into PEs!
UVM_INFO UVM/env/sequences/weight_sequence.sv(19) @ 15550: uvm_test_top.env.w_agent.sequencer@@w_seq [WT_SEQ] All 3 matrices sent.
UVM_INFO UVM/env/agents/weight_agent/weight_monitor.sv(36) @ 15570: uvm_test_top.env.w_agent.monitor [WT_MON] Broadcasting matrix
UVM_INFO UVM/env/sequences/act_sequence.sv(12) @ 15650: uvm_test_top.env.a_agent.sqr@@a_seq [ACT_SEQ] Starting
UVM_INFO UVM/env/agents/act_agent/act_driver.sv(24) @ 15650: uvm_test_top.env.a_agent.drv [ACT_DRV] Starting SRAM writing phase...
UVM_INFO UVM/env/agents/act_agent/act_monitor.sv(33) @ 16030: uvm_test_top.env.a_agent.mon [ACT_MON] Broadcasting activation matrix to Scoreboard
UVM_INFO UVM/env/agents/out_agent/out_monitor.sv(31) @ 16030: uvm_test_top.env.o_agent.mon [OUT_MON] Execution started
UVM_INFO UVM/env/agents/act_agent/act_driver.sv(40) @ 16030: uvm_test_top.env.a_agent.drv [ACT_DRV] Activations loaded and start_exec pulsed!
UVM_INFO UVM/env/tpu_scoreboard.sv(40) @ 16030: uvm_test_top.env.sb [SCOREBOARD] Data received
UVM_INFO UVM/env/sequences/act_sequence.sv(19) @ 16030: uvm_test_top.env.a_agent.sqr@@a_seq [ACT_SEQ] All done
UVM_INFO UVM/env/agents/out_agent/out_monitor.sv(34) @ 16450: uvm_test_top.env.o_agent.mon [OUT_MON] Timer finish
UVM_INFO UVM/env/tpu_scoreboard.sv(90) @ 17070: uvm_test_top.env.sb [SCOREBOARD] --- Comparing Row 0 ---
UVM_INFO UVM/env/tpu_scoreboard.sv(90) @ 17070: uvm_test_top.env.sb [SCOREBOARD] --- Comparing Row 1 ---
UVM_INFO UVM/env/tpu_scoreboard.sv(90) @ 17070: uvm_test_top.env.sb [SCOREBOARD] --- Comparing Row 2 ---
UVM_INFO UVM/env/tpu_scoreboard.sv(90) @ 17070: uvm_test_top.env.sb [SCOREBOARD] --- Comparing Row 3 ---
UVM_INFO UVM/env/tpu_scoreboard.sv(90) @ 17070: uvm_test_top.env.sb [SCOREBOARD] --- Comparing Row 4 ---
UVM_INFO UVM/env/tpu_scoreboard.sv(90) @ 17070: uvm_test_top.env.sb [SCOREBOARD] --- Comparing Row 5 ---
UVM_INFO UVM/env/tpu_scoreboard.sv(90) @ 17070: uvm_test_top.env.sb [SCOREBOARD] --- Comparing Row 6 ---
UVM_INFO UVM/env/tpu_scoreboard.sv(90) @ 17070: uvm_test_top.env.sb [SCOREBOARD] --- Comparing Row 7 ---
UVM_INFO UVM/env/tpu_scoreboard.sv(90) @ 17070: uvm_test_top.env.sb [SCOREBOARD] --- Comparing Row 8 ---
UVM_INFO UVM/env/tpu_scoreboard.sv(90) @ 17070: uvm_test_top.env.sb [SCOREBOARD] --- Comparing Row 9 ---
UVM_INFO UVM/env/tpu_scoreboard.sv(90) @ 17070: uvm_test_top.env.sb [SCOREBOARD] --- Comparing Row 10 ---
UVM_INFO UVM/env/tpu_scoreboard.sv(90) @ 17070: uvm_test_top.env.sb [SCOREBOARD] --- Comparing Row 11 ---
UVM_INFO UVM/env/tpu_scoreboard.sv(90) @ 17070: uvm_test_top.env.sb [SCOREBOARD] --- Comparing Row 12 ---
UVM_INFO UVM/env/tpu_scoreboard.sv(90) @ 17070: uvm_test_top.env.sb [SCOREBOARD] --- Comparing Row 13 ---
UVM_INFO UVM/env/tpu_scoreboard.sv(90) @ 17070: uvm_test_top.env.sb [SCOREBOARD] --- Comparing Row 14 ---
UVM_INFO UVM/env/tpu_scoreboard.sv(90) @ 17070: uvm_test_top.env.sb [SCOREBOARD] --- Comparing Row 15 ---
UVM_INFO UVM/env/tpu_scoreboard.sv(102) @ 17070: uvm_test_top.env.sb [SCOREBOARD] ==================================================
UVM_INFO UVM/env/tpu_scoreboard.sv(103) @ 17070: uvm_test_top.env.sb [SCOREBOARD]  [PASS] ALL 256 OUTPUTS MATCH THE GOLDEN MODEL! 
UVM_INFO UVM/env/tpu_scoreboard.sv(104) @ 17070: uvm_test_top.env.sb [SCOREBOARD] ==================================================
UVM_INFO UVM/env/tpu_scoreboard.sv(34) @ 17070: uvm_test_top.env.sb [SCOREBOARD] Waiting data from 3 monitors
UVM_INFO UVM/env/sequences/weight_sequence.sv(12) @ 18530: uvm_test_top.env.w_agent.sequencer@@w_seq [WT_SEQ] Preparing to send matrices
UVM_INFO UVM/env/agents/weight_agent/weight_driver.sv(26) @ 18530: uvm_test_top.env.w_agent.driver [WT_DRV] Starting SRAM writing phase...
UVM_INFO UVM/env/agents/weight_agent/weight_driver.sv(43) @ 23730: uvm_test_top.env.w_agent.driver [WT_DRV] Waiting for controller to finish ...
UVM_INFO UVM/env/agents/weight_agent/weight_driver.sv(58) @ 34030: uvm_test_top.env.w_agent.driver [WT_DRV] Matrix successfully loaded into PEs!
UVM_INFO UVM/env/sequences/weight_sequence.sv(19) @ 34030: uvm_test_top.env.w_agent.sequencer@@w_seq [WT_SEQ] All 3 matrices sent.
UVM_INFO UVM/env/agents/weight_agent/weight_monitor.sv(36) @ 34050: uvm_test_top.env.w_agent.monitor [WT_MON] Broadcasting matrix
UVM_INFO UVM/env/sequences/act_sequence.sv(12) @ 34130: uvm_test_top.env.a_agent.sqr@@a_seq [ACT_SEQ] Starting
UVM_INFO UVM/env/agents/act_agent/act_driver.sv(24) @ 34130: uvm_test_top.env.a_agent.drv [ACT_DRV] Starting SRAM writing phase...
UVM_INFO UVM/env/agents/act_agent/act_monitor.sv(33) @ 34510: uvm_test_top.env.a_agent.mon [ACT_MON] Broadcasting activation matrix to Scoreboard
UVM_INFO UVM/env/agents/out_agent/out_monitor.sv(31) @ 34510: uvm_test_top.env.o_agent.mon [OUT_MON] Execution started
UVM_INFO UVM/env/agents/act_agent/act_driver.sv(40) @ 34510: uvm_test_top.env.a_agent.drv [ACT_DRV] Activations loaded and start_exec pulsed!
UVM_INFO UVM/env/tpu_scoreboard.sv(40) @ 34510: uvm_test_top.env.sb [SCOREBOARD] Data received
UVM_INFO UVM/env/sequences/act_sequence.sv(19) @ 34510: uvm_test_top.env.a_agent.sqr@@a_seq [ACT_SEQ] All done
UVM_INFO UVM/env/agents/out_agent/out_monitor.sv(34) @ 34930: uvm_test_top.env.o_agent.mon [OUT_MON] Timer finish
UVM_INFO UVM/env/tpu_scoreboard.sv(90) @ 35550: uvm_test_top.env.sb [SCOREBOARD] --- Comparing Row 0 ---
UVM_INFO UVM/env/tpu_scoreboard.sv(90) @ 35550: uvm_test_top.env.sb [SCOREBOARD] --- Comparing Row 1 ---
UVM_INFO UVM/env/tpu_scoreboard.sv(90) @ 35550: uvm_test_top.env.sb [SCOREBOARD] --- Comparing Row 2 ---
UVM_INFO UVM/env/tpu_scoreboard.sv(90) @ 35550: uvm_test_top.env.sb [SCOREBOARD] --- Comparing Row 3 ---
UVM_INFO UVM/env/tpu_scoreboard.sv(90) @ 35550: uvm_test_top.env.sb [SCOREBOARD] --- Comparing Row 4 ---
UVM_INFO UVM/env/tpu_scoreboard.sv(90) @ 35550: uvm_test_top.env.sb [SCOREBOARD] --- Comparing Row 5 ---
UVM_INFO UVM/env/tpu_scoreboard.sv(90) @ 35550: uvm_test_top.env.sb [SCOREBOARD] --- Comparing Row 6 ---
UVM_INFO UVM/env/tpu_scoreboard.sv(90) @ 35550: uvm_test_top.env.sb [SCOREBOARD] --- Comparing Row 7 ---
UVM_INFO UVM/env/tpu_scoreboard.sv(90) @ 35550: uvm_test_top.env.sb [SCOREBOARD] --- Comparing Row 8 ---
UVM_INFO UVM/env/tpu_scoreboard.sv(90) @ 35550: uvm_test_top.env.sb [SCOREBOARD] --- Comparing Row 9 ---
UVM_INFO UVM/env/tpu_scoreboard.sv(90) @ 35550: uvm_test_top.env.sb [SCOREBOARD] --- Comparing Row 10 ---
UVM_INFO UVM/env/tpu_scoreboard.sv(90) @ 35550: uvm_test_top.env.sb [SCOREBOARD] --- Comparing Row 11 ---
UVM_INFO UVM/env/tpu_scoreboard.sv(90) @ 35550: uvm_test_top.env.sb [SCOREBOARD] --- Comparing Row 12 ---
UVM_INFO UVM/env/tpu_scoreboard.sv(90) @ 35550: uvm_test_top.env.sb [SCOREBOARD] --- Comparing Row 13 ---
UVM_INFO UVM/env/tpu_scoreboard.sv(90) @ 35550: uvm_test_top.env.sb [SCOREBOARD] --- Comparing Row 14 ---
UVM_INFO UVM/env/tpu_scoreboard.sv(90) @ 35550: uvm_test_top.env.sb [SCOREBOARD] --- Comparing Row 15 ---
UVM_INFO UVM/env/tpu_scoreboard.sv(102) @ 35550: uvm_test_top.env.sb [SCOREBOARD] ==================================================
UVM_INFO UVM/env/tpu_scoreboard.sv(103) @ 35550: uvm_test_top.env.sb [SCOREBOARD]  [PASS] ALL 256 OUTPUTS MATCH THE GOLDEN MODEL! 
UVM_INFO UVM/env/tpu_scoreboard.sv(104) @ 35550: uvm_test_top.env.sb [SCOREBOARD] ==================================================
UVM_INFO UVM/env/tpu_scoreboard.sv(34) @ 35550: uvm_test_top.env.sb [SCOREBOARD] Waiting data from 3 monitors
UVM_INFO UVM/env/sequences/weight_sequence.sv(12) @ 37010: uvm_test_top.env.w_agent.sequencer@@w_seq [WT_SEQ] Preparing to send matrices
UVM_INFO UVM/env/agents/weight_agent/weight_driver.sv(26) @ 37010: uvm_test_top.env.w_agent.driver [WT_DRV] Starting SRAM writing phase...
UVM_INFO UVM/env/agents/weight_agent/weight_driver.sv(43) @ 42210: uvm_test_top.env.w_agent.driver [WT_DRV] Waiting for controller to finish ...
UVM_INFO UVM/env/agents/weight_agent/weight_driver.sv(58) @ 52510: uvm_test_top.env.w_agent.driver [WT_DRV] Matrix successfully loaded into PEs!
UVM_INFO UVM/env/sequences/weight_sequence.sv(19) @ 52510: uvm_test_top.env.w_agent.sequencer@@w_seq [WT_SEQ] All 3 matrices sent.
UVM_INFO UVM/env/agents/weight_agent/weight_monitor.sv(36) @ 52530: uvm_test_top.env.w_agent.monitor [WT_MON] Broadcasting matrix
UVM_INFO UVM/env/sequences/act_sequence.sv(12) @ 52610: uvm_test_top.env.a_agent.sqr@@a_seq [ACT_SEQ] Starting
UVM_INFO UVM/env/agents/act_agent/act_driver.sv(24) @ 52610: uvm_test_top.env.a_agent.drv [ACT_DRV] Starting SRAM writing phase...
UVM_INFO UVM/env/agents/act_agent/act_monitor.sv(33) @ 52990: uvm_test_top.env.a_agent.mon [ACT_MON] Broadcasting activation matrix to Scoreboard
UVM_INFO UVM/env/agents/out_agent/out_monitor.sv(31) @ 52990: uvm_test_top.env.o_agent.mon [OUT_MON] Execution started
UVM_INFO UVM/env/agents/act_agent/act_driver.sv(40) @ 52990: uvm_test_top.env.a_agent.drv [ACT_DRV] Activations loaded and start_exec pulsed!
UVM_INFO UVM/env/tpu_scoreboard.sv(40) @ 52990: uvm_test_top.env.sb [SCOREBOARD] Data received
UVM_INFO UVM/env/sequences/act_sequence.sv(19) @ 52990: uvm_test_top.env.a_agent.sqr@@a_seq [ACT_SEQ] All done
UVM_INFO UVM/env/agents/out_agent/out_monitor.sv(34) @ 53410: uvm_test_top.env.o_agent.mon [OUT_MON] Timer finish
UVM_INFO UVM/env/tpu_scoreboard.sv(90) @ 54030: uvm_test_top.env.sb [SCOREBOARD] --- Comparing Row 0 ---
UVM_INFO UVM/env/tpu_scoreboard.sv(90) @ 54030: uvm_test_top.env.sb [SCOREBOARD] --- Comparing Row 1 ---
UVM_INFO UVM/env/tpu_scoreboard.sv(90) @ 54030: uvm_test_top.env.sb [SCOREBOARD] --- Comparing Row 2 ---
UVM_INFO UVM/env/tpu_scoreboard.sv(90) @ 54030: uvm_test_top.env.sb [SCOREBOARD] --- Comparing Row 3 ---
UVM_INFO UVM/env/tpu_scoreboard.sv(90) @ 54030: uvm_test_top.env.sb [SCOREBOARD] --- Comparing Row 4 ---
UVM_INFO UVM/env/tpu_scoreboard.sv(90) @ 54030: uvm_test_top.env.sb [SCOREBOARD] --- Comparing Row 5 ---
UVM_INFO UVM/env/tpu_scoreboard.sv(90) @ 54030: uvm_test_top.env.sb [SCOREBOARD] --- Comparing Row 6 ---
UVM_INFO UVM/env/tpu_scoreboard.sv(90) @ 54030: uvm_test_top.env.sb [SCOREBOARD] --- Comparing Row 7 ---
UVM_INFO UVM/env/tpu_scoreboard.sv(90) @ 54030: uvm_test_top.env.sb [SCOREBOARD] --- Comparing Row 8 ---
UVM_INFO UVM/env/tpu_scoreboard.sv(90) @ 54030: uvm_test_top.env.sb [SCOREBOARD] --- Comparing Row 9 ---
UVM_INFO UVM/env/tpu_scoreboard.sv(90) @ 54030: uvm_test_top.env.sb [SCOREBOARD] --- Comparing Row 10 ---
UVM_INFO UVM/env/tpu_scoreboard.sv(90) @ 54030: uvm_test_top.env.sb [SCOREBOARD] --- Comparing Row 11 ---
UVM_INFO UVM/env/tpu_scoreboard.sv(90) @ 54030: uvm_test_top.env.sb [SCOREBOARD] --- Comparing Row 12 ---
UVM_INFO UVM/env/tpu_scoreboard.sv(90) @ 54030: uvm_test_top.env.sb [SCOREBOARD] --- Comparing Row 13 ---
UVM_INFO UVM/env/tpu_scoreboard.sv(90) @ 54030: uvm_test_top.env.sb [SCOREBOARD] --- Comparing Row 14 ---
UVM_INFO UVM/env/tpu_scoreboard.sv(90) @ 54030: uvm_test_top.env.sb [SCOREBOARD] --- Comparing Row 15 ---
UVM_INFO UVM/env/tpu_scoreboard.sv(102) @ 54030: uvm_test_top.env.sb [SCOREBOARD] ==================================================
UVM_INFO UVM/env/tpu_scoreboard.sv(103) @ 54030: uvm_test_top.env.sb [SCOREBOARD]  [PASS] ALL 256 OUTPUTS MATCH THE GOLDEN MODEL! 
UVM_INFO UVM/env/tpu_scoreboard.sv(104) @ 54030: uvm_test_top.env.sb [SCOREBOARD] ==================================================
UVM_INFO UVM/env/tpu_scoreboard.sv(34) @ 54030: uvm_test_top.env.sb [SCOREBOARD] Waiting data from 3 monitors
UVM_INFO UVM/env/sequences/weight_sequence.sv(12) @ 55490: uvm_test_top.env.w_agent.sequencer@@w_seq [WT_SEQ] Preparing to send matrices
UVM_INFO UVM/env/agents/weight_agent/weight_driver.sv(26) @ 55490: uvm_test_top.env.w_agent.driver [WT_DRV] Starting SRAM writing phase...
UVM_INFO UVM/env/agents/weight_agent/weight_driver.sv(43) @ 60690: uvm_test_top.env.w_agent.driver [WT_DRV] Waiting for controller to finish ...
UVM_INFO UVM/env/agents/weight_agent/weight_driver.sv(58) @ 70990: uvm_test_top.env.w_agent.driver [WT_DRV] Matrix successfully loaded into PEs!
UVM_INFO UVM/env/sequences/weight_sequence.sv(19) @ 70990: uvm_test_top.env.w_agent.sequencer@@w_seq [WT_SEQ] All 3 matrices sent.
UVM_INFO UVM/env/agents/weight_agent/weight_monitor.sv(36) @ 71010: uvm_test_top.env.w_agent.monitor [WT_MON] Broadcasting matrix
UVM_INFO UVM/env/sequences/act_sequence.sv(12) @ 71090: uvm_test_top.env.a_agent.sqr@@a_seq [ACT_SEQ] Starting
UVM_INFO UVM/env/agents/act_agent/act_driver.sv(24) @ 71090: uvm_test_top.env.a_agent.drv [ACT_DRV] Starting SRAM writing phase...
UVM_INFO UVM/env/agents/act_agent/act_monitor.sv(33) @ 71470: uvm_test_top.env.a_agent.mon [ACT_MON] Broadcasting activation matrix to Scoreboard
UVM_INFO UVM/env/agents/out_agent/out_monitor.sv(31) @ 71470: uvm_test_top.env.o_agent.mon [OUT_MON] Execution started
UVM_INFO UVM/env/agents/act_agent/act_driver.sv(40) @ 71470: uvm_test_top.env.a_agent.drv [ACT_DRV] Activations loaded and start_exec pulsed!
UVM_INFO UVM/env/tpu_scoreboard.sv(40) @ 71470: uvm_test_top.env.sb [SCOREBOARD] Data received
UVM_INFO UVM/env/sequences/act_sequence.sv(19) @ 71470: uvm_test_top.env.a_agent.sqr@@a_seq [ACT_SEQ] All done
UVM_INFO UVM/env/agents/out_agent/out_monitor.sv(34) @ 71890: uvm_test_top.env.o_agent.mon [OUT_MON] Timer finish
UVM_INFO UVM/env/tpu_scoreboard.sv(90) @ 72510: uvm_test_top.env.sb [SCOREBOARD] --- Comparing Row 0 ---
UVM_INFO UVM/env/tpu_scoreboard.sv(90) @ 72510: uvm_test_top.env.sb [SCOREBOARD] --- Comparing Row 1 ---
UVM_INFO UVM/env/tpu_scoreboard.sv(90) @ 72510: uvm_test_top.env.sb [SCOREBOARD] --- Comparing Row 2 ---
UVM_INFO UVM/env/tpu_scoreboard.sv(90) @ 72510: uvm_test_top.env.sb [SCOREBOARD] --- Comparing Row 3 ---
UVM_INFO UVM/env/tpu_scoreboard.sv(90) @ 72510: uvm_test_top.env.sb [SCOREBOARD] --- Comparing Row 4 ---
UVM_INFO UVM/env/tpu_scoreboard.sv(90) @ 72510: uvm_test_top.env.sb [SCOREBOARD] --- Comparing Row 5 ---
UVM_INFO UVM/env/tpu_scoreboard.sv(90) @ 72510: uvm_test_top.env.sb [SCOREBOARD] --- Comparing Row 6 ---
UVM_INFO UVM/env/tpu_scoreboard.sv(90) @ 72510: uvm_test_top.env.sb [SCOREBOARD] --- Comparing Row 7 ---
UVM_INFO UVM/env/tpu_scoreboard.sv(90) @ 72510: uvm_test_top.env.sb [SCOREBOARD] --- Comparing Row 8 ---
UVM_INFO UVM/env/tpu_scoreboard.sv(90) @ 72510: uvm_test_top.env.sb [SCOREBOARD] --- Comparing Row 9 ---
UVM_INFO UVM/env/tpu_scoreboard.sv(90) @ 72510: uvm_test_top.env.sb [SCOREBOARD] --- Comparing Row 10 ---
UVM_INFO UVM/env/tpu_scoreboard.sv(90) @ 72510: uvm_test_top.env.sb [SCOREBOARD] --- Comparing Row 11 ---
UVM_INFO UVM/env/tpu_scoreboard.sv(90) @ 72510: uvm_test_top.env.sb [SCOREBOARD] --- Comparing Row 12 ---
UVM_INFO UVM/env/tpu_scoreboard.sv(90) @ 72510: uvm_test_top.env.sb [SCOREBOARD] --- Comparing Row 13 ---
UVM_INFO UVM/env/tpu_scoreboard.sv(90) @ 72510: uvm_test_top.env.sb [SCOREBOARD] --- Comparing Row 14 ---
UVM_INFO UVM/env/tpu_scoreboard.sv(90) @ 72510: uvm_test_top.env.sb [SCOREBOARD] --- Comparing Row 15 ---
UVM_INFO UVM/env/tpu_scoreboard.sv(102) @ 72510: uvm_test_top.env.sb [SCOREBOARD] ==================================================
UVM_INFO UVM/env/tpu_scoreboard.sv(103) @ 72510: uvm_test_top.env.sb [SCOREBOARD]  [PASS] ALL 256 OUTPUTS MATCH THE GOLDEN MODEL! 
UVM_INFO UVM/env/tpu_scoreboard.sv(104) @ 72510: uvm_test_top.env.sb [SCOREBOARD] ==================================================
UVM_INFO UVM/env/tpu_scoreboard.sv(34) @ 72510: uvm_test_top.env.sb [SCOREBOARD] Waiting data from 3 monitors
UVM_INFO UVM/env/sequences/weight_sequence.sv(12) @ 73970: uvm_test_top.env.w_agent.sequencer@@w_seq [WT_SEQ] Preparing to send matrices
UVM_INFO UVM/env/agents/weight_agent/weight_driver.sv(26) @ 73970: uvm_test_top.env.w_agent.driver [WT_DRV] Starting SRAM writing phase...
UVM_INFO UVM/env/agents/weight_agent/weight_driver.sv(43) @ 79170: uvm_test_top.env.w_agent.driver [WT_DRV] Waiting for controller to finish ...
UVM_INFO UVM/env/agents/weight_agent/weight_driver.sv(58) @ 89470: uvm_test_top.env.w_agent.driver [WT_DRV] Matrix successfully loaded into PEs!
UVM_INFO UVM/env/sequences/weight_sequence.sv(19) @ 89470: uvm_test_top.env.w_agent.sequencer@@w_seq [WT_SEQ] All 3 matrices sent.
UVM_INFO UVM/env/agents/weight_agent/weight_monitor.sv(36) @ 89490: uvm_test_top.env.w_agent.monitor [WT_MON] Broadcasting matrix
UVM_INFO UVM/env/sequences/act_sequence.sv(12) @ 89570: uvm_test_top.env.a_agent.sqr@@a_seq [ACT_SEQ] Starting
UVM_INFO UVM/env/agents/act_agent/act_driver.sv(24) @ 89570: uvm_test_top.env.a_agent.drv [ACT_DRV] Starting SRAM writing phase...
UVM_INFO UVM/env/agents/act_agent/act_monitor.sv(33) @ 89950: uvm_test_top.env.a_agent.mon [ACT_MON] Broadcasting activation matrix to Scoreboard
UVM_INFO UVM/env/agents/out_agent/out_monitor.sv(31) @ 89950: uvm_test_top.env.o_agent.mon [OUT_MON] Execution started
UVM_INFO UVM/env/agents/act_agent/act_driver.sv(40) @ 89950: uvm_test_top.env.a_agent.drv [ACT_DRV] Activations loaded and start_exec pulsed!
UVM_INFO UVM/env/tpu_scoreboard.sv(40) @ 89950: uvm_test_top.env.sb [SCOREBOARD] Data received
UVM_INFO UVM/env/sequences/act_sequence.sv(19) @ 89950: uvm_test_top.env.a_agent.sqr@@a_seq [ACT_SEQ] All done
UVM_INFO UVM/env/agents/out_agent/out_monitor.sv(34) @ 90370: uvm_test_top.env.o_agent.mon [OUT_MON] Timer finish
UVM_INFO UVM/env/tpu_scoreboard.sv(90) @ 90990: uvm_test_top.env.sb [SCOREBOARD] --- Comparing Row 0 ---
UVM_INFO UVM/env/tpu_scoreboard.sv(90) @ 90990: uvm_test_top.env.sb [SCOREBOARD] --- Comparing Row 1 ---
UVM_INFO UVM/env/tpu_scoreboard.sv(90) @ 90990: uvm_test_top.env.sb [SCOREBOARD] --- Comparing Row 2 ---
UVM_INFO UVM/env/tpu_scoreboard.sv(90) @ 90990: uvm_test_top.env.sb [SCOREBOARD] --- Comparing Row 3 ---
UVM_INFO UVM/env/tpu_scoreboard.sv(90) @ 90990: uvm_test_top.env.sb [SCOREBOARD] --- Comparing Row 4 ---
UVM_INFO UVM/env/tpu_scoreboard.sv(90) @ 90990: uvm_test_top.env.sb [SCOREBOARD] --- Comparing Row 5 ---
UVM_INFO UVM/env/tpu_scoreboard.sv(90) @ 90990: uvm_test_top.env.sb [SCOREBOARD] --- Comparing Row 6 ---
UVM_INFO UVM/env/tpu_scoreboard.sv(90) @ 90990: uvm_test_top.env.sb [SCOREBOARD] --- Comparing Row 7 ---
UVM_INFO UVM/env/tpu_scoreboard.sv(90) @ 90990: uvm_test_top.env.sb [SCOREBOARD] --- Comparing Row 8 ---
UVM_INFO UVM/env/tpu_scoreboard.sv(90) @ 90990: uvm_test_top.env.sb [SCOREBOARD] --- Comparing Row 9 ---
UVM_INFO UVM/env/tpu_scoreboard.sv(90) @ 90990: uvm_test_top.env.sb [SCOREBOARD] --- Comparing Row 10 ---
UVM_INFO UVM/env/tpu_scoreboard.sv(90) @ 90990: uvm_test_top.env.sb [SCOREBOARD] --- Comparing Row 11 ---
UVM_INFO UVM/env/tpu_scoreboard.sv(90) @ 90990: uvm_test_top.env.sb [SCOREBOARD] --- Comparing Row 12 ---
UVM_INFO UVM/env/tpu_scoreboard.sv(90) @ 90990: uvm_test_top.env.sb [SCOREBOARD] --- Comparing Row 13 ---
UVM_INFO UVM/env/tpu_scoreboard.sv(90) @ 90990: uvm_test_top.env.sb [SCOREBOARD] --- Comparing Row 14 ---
UVM_INFO UVM/env/tpu_scoreboard.sv(90) @ 90990: uvm_test_top.env.sb [SCOREBOARD] --- Comparing Row 15 ---
UVM_INFO UVM/env/tpu_scoreboard.sv(102) @ 90990: uvm_test_top.env.sb [SCOREBOARD] ==================================================
UVM_INFO UVM/env/tpu_scoreboard.sv(103) @ 90990: uvm_test_top.env.sb [SCOREBOARD]  [PASS] ALL 256 OUTPUTS MATCH THE GOLDEN MODEL! 
UVM_INFO UVM/env/tpu_scoreboard.sv(104) @ 90990: uvm_test_top.env.sb [SCOREBOARD] ==================================================
UVM_INFO UVM/env/tpu_scoreboard.sv(34) @ 90990: uvm_test_top.env.sb [SCOREBOARD] Waiting data from 3 monitors
UVM_INFO UVM/env/sequences/weight_sequence.sv(12) @ 92450: uvm_test_top.env.w_agent.sequencer@@w_seq [WT_SEQ] Preparing to send matrices
UVM_INFO UVM/env/agents/weight_agent/weight_driver.sv(26) @ 92450: uvm_test_top.env.w_agent.driver [WT_DRV] Starting SRAM writing phase...
UVM_INFO UVM/env/agents/weight_agent/weight_driver.sv(43) @ 97650: uvm_test_top.env.w_agent.driver [WT_DRV] Waiting for controller to finish ...
UVM_INFO UVM/env/agents/weight_agent/weight_driver.sv(58) @ 107950: uvm_test_top.env.w_agent.driver [WT_DRV] Matrix successfully loaded into PEs!
UVM_INFO UVM/env/sequences/weight_sequence.sv(19) @ 107950: uvm_test_top.env.w_agent.sequencer@@w_seq [WT_SEQ] All 3 matrices sent.
UVM_INFO UVM/env/agents/weight_agent/weight_monitor.sv(36) @ 107970: uvm_test_top.env.w_agent.monitor [WT_MON] Broadcasting matrix
UVM_INFO UVM/env/sequences/act_sequence.sv(12) @ 108050: uvm_test_top.env.a_agent.sqr@@a_seq [ACT_SEQ] Starting
UVM_INFO UVM/env/agents/act_agent/act_driver.sv(24) @ 108050: uvm_test_top.env.a_agent.drv [ACT_DRV] Starting SRAM writing phase...
UVM_INFO UVM/env/agents/act_agent/act_monitor.sv(33) @ 108430: uvm_test_top.env.a_agent.mon [ACT_MON] Broadcasting activation matrix to Scoreboard
UVM_INFO UVM/env/agents/out_agent/out_monitor.sv(31) @ 108430: uvm_test_top.env.o_agent.mon [OUT_MON] Execution started
UVM_INFO UVM/env/agents/act_agent/act_driver.sv(40) @ 108430: uvm_test_top.env.a_agent.drv [ACT_DRV] Activations loaded and start_exec pulsed!
UVM_INFO UVM/env/tpu_scoreboard.sv(40) @ 108430: uvm_test_top.env.sb [SCOREBOARD] Data received
UVM_INFO UVM/env/sequences/act_sequence.sv(19) @ 108430: uvm_test_top.env.a_agent.sqr@@a_seq [ACT_SEQ] All done
UVM_INFO UVM/env/agents/out_agent/out_monitor.sv(34) @ 108850: uvm_test_top.env.o_agent.mon [OUT_MON] Timer finish
UVM_INFO UVM/env/tpu_scoreboard.sv(90) @ 109470: uvm_test_top.env.sb [SCOREBOARD] --- Comparing Row 0 ---
UVM_INFO UVM/env/tpu_scoreboard.sv(90) @ 109470: uvm_test_top.env.sb [SCOREBOARD] --- Comparing Row 1 ---
UVM_INFO UVM/env/tpu_scoreboard.sv(90) @ 109470: uvm_test_top.env.sb [SCOREBOARD] --- Comparing Row 2 ---
UVM_INFO UVM/env/tpu_scoreboard.sv(90) @ 109470: uvm_test_top.env.sb [SCOREBOARD] --- Comparing Row 3 ---
UVM_INFO UVM/env/tpu_scoreboard.sv(90) @ 109470: uvm_test_top.env.sb [SCOREBOARD] --- Comparing Row 4 ---
UVM_INFO UVM/env/tpu_scoreboard.sv(90) @ 109470: uvm_test_top.env.sb [SCOREBOARD] --- Comparing Row 5 ---
UVM_INFO UVM/env/tpu_scoreboard.sv(90) @ 109470: uvm_test_top.env.sb [SCOREBOARD] --- Comparing Row 6 ---
UVM_INFO UVM/env/tpu_scoreboard.sv(90) @ 109470: uvm_test_top.env.sb [SCOREBOARD] --- Comparing Row 7 ---
UVM_INFO UVM/env/tpu_scoreboard.sv(90) @ 109470: uvm_test_top.env.sb [SCOREBOARD] --- Comparing Row 8 ---
UVM_INFO UVM/env/tpu_scoreboard.sv(90) @ 109470: uvm_test_top.env.sb [SCOREBOARD] --- Comparing Row 9 ---
UVM_INFO UVM/env/tpu_scoreboard.sv(90) @ 109470: uvm_test_top.env.sb [SCOREBOARD] --- Comparing Row 10 ---
UVM_INFO UVM/env/tpu_scoreboard.sv(90) @ 109470: uvm_test_top.env.sb [SCOREBOARD] --- Comparing Row 11 ---
UVM_INFO UVM/env/tpu_scoreboard.sv(90) @ 109470: uvm_test_top.env.sb [SCOREBOARD] --- Comparing Row 12 ---
UVM_INFO UVM/env/tpu_scoreboard.sv(90) @ 109470: uvm_test_top.env.sb [SCOREBOARD] --- Comparing Row 13 ---
UVM_INFO UVM/env/tpu_scoreboard.sv(90) @ 109470: uvm_test_top.env.sb [SCOREBOARD] --- Comparing Row 14 ---
UVM_INFO UVM/env/tpu_scoreboard.sv(90) @ 109470: uvm_test_top.env.sb [SCOREBOARD] --- Comparing Row 15 ---
UVM_INFO UVM/env/tpu_scoreboard.sv(102) @ 109470: uvm_test_top.env.sb [SCOREBOARD] ==================================================
UVM_INFO UVM/env/tpu_scoreboard.sv(103) @ 109470: uvm_test_top.env.sb [SCOREBOARD]  [PASS] ALL 256 OUTPUTS MATCH THE GOLDEN MODEL! 
UVM_INFO UVM/env/tpu_scoreboard.sv(104) @ 109470: uvm_test_top.env.sb [SCOREBOARD] ==================================================
UVM_INFO UVM/env/tpu_scoreboard.sv(34) @ 109470: uvm_test_top.env.sb [SCOREBOARD] Waiting data from 3 monitors
UVM_INFO UVM/env/sequences/weight_sequence.sv(12) @ 110930: uvm_test_top.env.w_agent.sequencer@@w_seq [WT_SEQ] Preparing to send matrices
UVM_INFO UVM/env/agents/weight_agent/weight_driver.sv(26) @ 110930: uvm_test_top.env.w_agent.driver [WT_DRV] Starting SRAM writing phase...
UVM_INFO UVM/env/agents/weight_agent/weight_driver.sv(43) @ 116130: uvm_test_top.env.w_agent.driver [WT_DRV] Waiting for controller to finish ...
UVM_INFO UVM/env/agents/weight_agent/weight_driver.sv(58) @ 126430: uvm_test_top.env.w_agent.driver [WT_DRV] Matrix successfully loaded into PEs!
UVM_INFO UVM/env/sequences/weight_sequence.sv(19) @ 126430: uvm_test_top.env.w_agent.sequencer@@w_seq [WT_SEQ] All 3 matrices sent.
UVM_INFO UVM/env/agents/weight_agent/weight_monitor.sv(36) @ 126450: uvm_test_top.env.w_agent.monitor [WT_MON] Broadcasting matrix
UVM_INFO UVM/env/sequences/act_sequence.sv(12) @ 126530: uvm_test_top.env.a_agent.sqr@@a_seq [ACT_SEQ] Starting
UVM_INFO UVM/env/agents/act_agent/act_driver.sv(24) @ 126530: uvm_test_top.env.a_agent.drv [ACT_DRV] Starting SRAM writing phase...
UVM_INFO UVM/env/agents/act_agent/act_monitor.sv(33) @ 126910: uvm_test_top.env.a_agent.mon [ACT_MON] Broadcasting activation matrix to Scoreboard
UVM_INFO UVM/env/agents/out_agent/out_monitor.sv(31) @ 126910: uvm_test_top.env.o_agent.mon [OUT_MON] Execution started
UVM_INFO UVM/env/agents/act_agent/act_driver.sv(40) @ 126910: uvm_test_top.env.a_agent.drv [ACT_DRV] Activations loaded and start_exec pulsed!
UVM_INFO UVM/env/tpu_scoreboard.sv(40) @ 126910: uvm_test_top.env.sb [SCOREBOARD] Data received
UVM_INFO UVM/env/sequences/act_sequence.sv(19) @ 126910: uvm_test_top.env.a_agent.sqr@@a_seq [ACT_SEQ] All done
UVM_INFO UVM/env/agents/out_agent/out_monitor.sv(34) @ 127330: uvm_test_top.env.o_agent.mon [OUT_MON] Timer finish
UVM_INFO UVM/env/tpu_scoreboard.sv(90) @ 127950: uvm_test_top.env.sb [SCOREBOARD] --- Comparing Row 0 ---
UVM_INFO UVM/env/tpu_scoreboard.sv(90) @ 127950: uvm_test_top.env.sb [SCOREBOARD] --- Comparing Row 1 ---
UVM_INFO UVM/env/tpu_scoreboard.sv(90) @ 127950: uvm_test_top.env.sb [SCOREBOARD] --- Comparing Row 2 ---
UVM_INFO UVM/env/tpu_scoreboard.sv(90) @ 127950: uvm_test_top.env.sb [SCOREBOARD] --- Comparing Row 3 ---
UVM_INFO UVM/env/tpu_scoreboard.sv(90) @ 127950: uvm_test_top.env.sb [SCOREBOARD] --- Comparing Row 4 ---
UVM_INFO UVM/env/tpu_scoreboard.sv(90) @ 127950: uvm_test_top.env.sb [SCOREBOARD] --- Comparing Row 5 ---
UVM_INFO UVM/env/tpu_scoreboard.sv(90) @ 127950: uvm_test_top.env.sb [SCOREBOARD] --- Comparing Row 6 ---
UVM_INFO UVM/env/tpu_scoreboard.sv(90) @ 127950: uvm_test_top.env.sb [SCOREBOARD] --- Comparing Row 7 ---
UVM_INFO UVM/env/tpu_scoreboard.sv(90) @ 127950: uvm_test_top.env.sb [SCOREBOARD] --- Comparing Row 8 ---
UVM_INFO UVM/env/tpu_scoreboard.sv(90) @ 127950: uvm_test_top.env.sb [SCOREBOARD] --- Comparing Row 9 ---
UVM_INFO UVM/env/tpu_scoreboard.sv(90) @ 127950: uvm_test_top.env.sb [SCOREBOARD] --- Comparing Row 10 ---
UVM_INFO UVM/env/tpu_scoreboard.sv(90) @ 127950: uvm_test_top.env.sb [SCOREBOARD] --- Comparing Row 11 ---
UVM_INFO UVM/env/tpu_scoreboard.sv(90) @ 127950: uvm_test_top.env.sb [SCOREBOARD] --- Comparing Row 12 ---
UVM_INFO UVM/env/tpu_scoreboard.sv(90) @ 127950: uvm_test_top.env.sb [SCOREBOARD] --- Comparing Row 13 ---
UVM_INFO UVM/env/tpu_scoreboard.sv(90) @ 127950: uvm_test_top.env.sb [SCOREBOARD] --- Comparing Row 14 ---
UVM_INFO UVM/env/tpu_scoreboard.sv(90) @ 127950: uvm_test_top.env.sb [SCOREBOARD] --- Comparing Row 15 ---
UVM_INFO UVM/env/tpu_scoreboard.sv(102) @ 127950: uvm_test_top.env.sb [SCOREBOARD] ==================================================
UVM_INFO UVM/env/tpu_scoreboard.sv(103) @ 127950: uvm_test_top.env.sb [SCOREBOARD]  [PASS] ALL 256 OUTPUTS MATCH THE GOLDEN MODEL! 
UVM_INFO UVM/env/tpu_scoreboard.sv(104) @ 127950: uvm_test_top.env.sb [SCOREBOARD] ==================================================
UVM_INFO UVM/env/tpu_scoreboard.sv(34) @ 127950: uvm_test_top.env.sb [SCOREBOARD] Waiting data from 3 monitors
UVM_INFO UVM/env/sequences/weight_sequence.sv(12) @ 129410: uvm_test_top.env.w_agent.sequencer@@w_seq [WT_SEQ] Preparing to send matrices
UVM_INFO UVM/env/agents/weight_agent/weight_driver.sv(26) @ 129410: uvm_test_top.env.w_agent.driver [WT_DRV] Starting SRAM writing phase...
UVM_INFO UVM/env/agents/weight_agent/weight_driver.sv(43) @ 134610: uvm_test_top.env.w_agent.driver [WT_DRV] Waiting for controller to finish ...
UVM_INFO UVM/env/agents/weight_agent/weight_driver.sv(58) @ 144910: uvm_test_top.env.w_agent.driver [WT_DRV] Matrix successfully loaded into PEs!
UVM_INFO UVM/env/sequences/weight_sequence.sv(19) @ 144910: uvm_test_top.env.w_agent.sequencer@@w_seq [WT_SEQ] All 3 matrices sent.
UVM_INFO UVM/env/agents/weight_agent/weight_monitor.sv(36) @ 144930: uvm_test_top.env.w_agent.monitor [WT_MON] Broadcasting matrix
UVM_INFO UVM/env/sequences/act_sequence.sv(12) @ 145010: uvm_test_top.env.a_agent.sqr@@a_seq [ACT_SEQ] Starting
UVM_INFO UVM/env/agents/act_agent/act_driver.sv(24) @ 145010: uvm_test_top.env.a_agent.drv [ACT_DRV] Starting SRAM writing phase...
UVM_INFO UVM/env/agents/act_agent/act_monitor.sv(33) @ 145390: uvm_test_top.env.a_agent.mon [ACT_MON] Broadcasting activation matrix to Scoreboard
UVM_INFO UVM/env/agents/out_agent/out_monitor.sv(31) @ 145390: uvm_test_top.env.o_agent.mon [OUT_MON] Execution started
UVM_INFO UVM/env/agents/act_agent/act_driver.sv(40) @ 145390: uvm_test_top.env.a_agent.drv [ACT_DRV] Activations loaded and start_exec pulsed!
UVM_INFO UVM/env/tpu_scoreboard.sv(40) @ 145390: uvm_test_top.env.sb [SCOREBOARD] Data received
UVM_INFO UVM/env/sequences/act_sequence.sv(19) @ 145390: uvm_test_top.env.a_agent.sqr@@a_seq [ACT_SEQ] All done
UVM_INFO UVM/env/agents/out_agent/out_monitor.sv(34) @ 145810: uvm_test_top.env.o_agent.mon [OUT_MON] Timer finish
UVM_INFO UVM/env/tpu_scoreboard.sv(90) @ 146430: uvm_test_top.env.sb [SCOREBOARD] --- Comparing Row 0 ---
UVM_INFO UVM/env/tpu_scoreboard.sv(90) @ 146430: uvm_test_top.env.sb [SCOREBOARD] --- Comparing Row 1 ---
UVM_INFO UVM/env/tpu_scoreboard.sv(90) @ 146430: uvm_test_top.env.sb [SCOREBOARD] --- Comparing Row 2 ---
UVM_INFO UVM/env/tpu_scoreboard.sv(90) @ 146430: uvm_test_top.env.sb [SCOREBOARD] --- Comparing Row 3 ---
UVM_INFO UVM/env/tpu_scoreboard.sv(90) @ 146430: uvm_test_top.env.sb [SCOREBOARD] --- Comparing Row 4 ---
UVM_INFO UVM/env/tpu_scoreboard.sv(90) @ 146430: uvm_test_top.env.sb [SCOREBOARD] --- Comparing Row 5 ---
UVM_INFO UVM/env/tpu_scoreboard.sv(90) @ 146430: uvm_test_top.env.sb [SCOREBOARD] --- Comparing Row 6 ---
UVM_INFO UVM/env/tpu_scoreboard.sv(90) @ 146430: uvm_test_top.env.sb [SCOREBOARD] --- Comparing Row 7 ---
UVM_INFO UVM/env/tpu_scoreboard.sv(90) @ 146430: uvm_test_top.env.sb [SCOREBOARD] --- Comparing Row 8 ---
UVM_INFO UVM/env/tpu_scoreboard.sv(90) @ 146430: uvm_test_top.env.sb [SCOREBOARD] --- Comparing Row 9 ---
UVM_INFO UVM/env/tpu_scoreboard.sv(90) @ 146430: uvm_test_top.env.sb [SCOREBOARD] --- Comparing Row 10 ---
UVM_INFO UVM/env/tpu_scoreboard.sv(90) @ 146430: uvm_test_top.env.sb [SCOREBOARD] --- Comparing Row 11 ---
UVM_INFO UVM/env/tpu_scoreboard.sv(90) @ 146430: uvm_test_top.env.sb [SCOREBOARD] --- Comparing Row 12 ---
UVM_INFO UVM/env/tpu_scoreboard.sv(90) @ 146430: uvm_test_top.env.sb [SCOREBOARD] --- Comparing Row 13 ---
UVM_INFO UVM/env/tpu_scoreboard.sv(90) @ 146430: uvm_test_top.env.sb [SCOREBOARD] --- Comparing Row 14 ---
UVM_INFO UVM/env/tpu_scoreboard.sv(90) @ 146430: uvm_test_top.env.sb [SCOREBOARD] --- Comparing Row 15 ---
UVM_INFO UVM/env/tpu_scoreboard.sv(102) @ 146430: uvm_test_top.env.sb [SCOREBOARD] ==================================================
UVM_INFO UVM/env/tpu_scoreboard.sv(103) @ 146430: uvm_test_top.env.sb [SCOREBOARD]  [PASS] ALL 256 OUTPUTS MATCH THE GOLDEN MODEL! 
UVM_INFO UVM/env/tpu_scoreboard.sv(104) @ 146430: uvm_test_top.env.sb [SCOREBOARD] ==================================================
UVM_INFO UVM/env/tpu_scoreboard.sv(34) @ 146430: uvm_test_top.env.sb [SCOREBOARD] Waiting data from 3 monitors
UVM_INFO UVM/env/sequences/weight_sequence.sv(12) @ 147890: uvm_test_top.env.w_agent.sequencer@@w_seq [WT_SEQ] Preparing to send matrices
UVM_INFO UVM/env/agents/weight_agent/weight_driver.sv(26) @ 147890: uvm_test_top.env.w_agent.driver [WT_DRV] Starting SRAM writing phase...
UVM_INFO UVM/env/agents/weight_agent/weight_driver.sv(43) @ 153090: uvm_test_top.env.w_agent.driver [WT_DRV] Waiting for controller to finish ...
UVM_INFO UVM/env/agents/weight_agent/weight_driver.sv(58) @ 163390: uvm_test_top.env.w_agent.driver [WT_DRV] Matrix successfully loaded into PEs!
UVM_INFO UVM/env/sequences/weight_sequence.sv(19) @ 163390: uvm_test_top.env.w_agent.sequencer@@w_seq [WT_SEQ] All 3 matrices sent.
UVM_INFO UVM/env/agents/weight_agent/weight_monitor.sv(36) @ 163410: uvm_test_top.env.w_agent.monitor [WT_MON] Broadcasting matrix
UVM_INFO UVM/env/sequences/act_sequence.sv(12) @ 163490: uvm_test_top.env.a_agent.sqr@@a_seq [ACT_SEQ] Starting
UVM_INFO UVM/env/agents/act_agent/act_driver.sv(24) @ 163490: uvm_test_top.env.a_agent.drv [ACT_DRV] Starting SRAM writing phase...
UVM_INFO UVM/env/agents/act_agent/act_monitor.sv(33) @ 163870: uvm_test_top.env.a_agent.mon [ACT_MON] Broadcasting activation matrix to Scoreboard
UVM_INFO UVM/env/agents/out_agent/out_monitor.sv(31) @ 163870: uvm_test_top.env.o_agent.mon [OUT_MON] Execution started
UVM_INFO UVM/env/agents/act_agent/act_driver.sv(40) @ 163870: uvm_test_top.env.a_agent.drv [ACT_DRV] Activations loaded and start_exec pulsed!
UVM_INFO UVM/env/tpu_scoreboard.sv(40) @ 163870: uvm_test_top.env.sb [SCOREBOARD] Data received
UVM_INFO UVM/env/sequences/act_sequence.sv(19) @ 163870: uvm_test_top.env.a_agent.sqr@@a_seq [ACT_SEQ] All done
UVM_INFO UVM/env/agents/out_agent/out_monitor.sv(34) @ 164290: uvm_test_top.env.o_agent.mon [OUT_MON] Timer finish
UVM_INFO UVM/env/tpu_scoreboard.sv(90) @ 164910: uvm_test_top.env.sb [SCOREBOARD] --- Comparing Row 0 ---
UVM_INFO UVM/env/tpu_scoreboard.sv(90) @ 164910: uvm_test_top.env.sb [SCOREBOARD] --- Comparing Row 1 ---
UVM_INFO UVM/env/tpu_scoreboard.sv(90) @ 164910: uvm_test_top.env.sb [SCOREBOARD] --- Comparing Row 2 ---
UVM_INFO UVM/env/tpu_scoreboard.sv(90) @ 164910: uvm_test_top.env.sb [SCOREBOARD] --- Comparing Row 3 ---
UVM_INFO UVM/env/tpu_scoreboard.sv(90) @ 164910: uvm_test_top.env.sb [SCOREBOARD] --- Comparing Row 4 ---
UVM_INFO UVM/env/tpu_scoreboard.sv(90) @ 164910: uvm_test_top.env.sb [SCOREBOARD] --- Comparing Row 5 ---
UVM_INFO UVM/env/tpu_scoreboard.sv(90) @ 164910: uvm_test_top.env.sb [SCOREBOARD] --- Comparing Row 6 ---
UVM_INFO UVM/env/tpu_scoreboard.sv(90) @ 164910: uvm_test_top.env.sb [SCOREBOARD] --- Comparing Row 7 ---
UVM_INFO UVM/env/tpu_scoreboard.sv(90) @ 164910: uvm_test_top.env.sb [SCOREBOARD] --- Comparing Row 8 ---
UVM_INFO UVM/env/tpu_scoreboard.sv(90) @ 164910: uvm_test_top.env.sb [SCOREBOARD] --- Comparing Row 9 ---
UVM_INFO UVM/env/tpu_scoreboard.sv(90) @ 164910: uvm_test_top.env.sb [SCOREBOARD] --- Comparing Row 10 ---
UVM_INFO UVM/env/tpu_scoreboard.sv(90) @ 164910: uvm_test_top.env.sb [SCOREBOARD] --- Comparing Row 11 ---
UVM_INFO UVM/env/tpu_scoreboard.sv(90) @ 164910: uvm_test_top.env.sb [SCOREBOARD] --- Comparing Row 12 ---
UVM_INFO UVM/env/tpu_scoreboard.sv(90) @ 164910: uvm_test_top.env.sb [SCOREBOARD] --- Comparing Row 13 ---
UVM_INFO UVM/env/tpu_scoreboard.sv(90) @ 164910: uvm_test_top.env.sb [SCOREBOARD] --- Comparing Row 14 ---
UVM_INFO UVM/env/tpu_scoreboard.sv(90) @ 164910: uvm_test_top.env.sb [SCOREBOARD] --- Comparing Row 15 ---
UVM_INFO UVM/env/tpu_scoreboard.sv(102) @ 164910: uvm_test_top.env.sb [SCOREBOARD] ==================================================
UVM_INFO UVM/env/tpu_scoreboard.sv(103) @ 164910: uvm_test_top.env.sb [SCOREBOARD]  [PASS] ALL 256 OUTPUTS MATCH THE GOLDEN MODEL! 
UVM_INFO UVM/env/tpu_scoreboard.sv(104) @ 164910: uvm_test_top.env.sb [SCOREBOARD] ==================================================
UVM_INFO UVM/env/tpu_scoreboard.sv(34) @ 164910: uvm_test_top.env.sb [SCOREBOARD] Waiting data from 3 monitors
UVM_INFO UVM/env/sequences/weight_sequence.sv(12) @ 166370: uvm_test_top.env.w_agent.sequencer@@w_seq [WT_SEQ] Preparing to send matrices
UVM_INFO UVM/env/agents/weight_agent/weight_driver.sv(26) @ 166370: uvm_test_top.env.w_agent.driver [WT_DRV] Starting SRAM writing phase...
UVM_INFO UVM/env/agents/weight_agent/weight_driver.sv(43) @ 171570: uvm_test_top.env.w_agent.driver [WT_DRV] Waiting for controller to finish ...
UVM_INFO UVM/env/agents/weight_agent/weight_driver.sv(58) @ 181870: uvm_test_top.env.w_agent.driver [WT_DRV] Matrix successfully loaded into PEs!
UVM_INFO UVM/env/sequences/weight_sequence.sv(19) @ 181870: uvm_test_top.env.w_agent.sequencer@@w_seq [WT_SEQ] All 3 matrices sent.
UVM_INFO UVM/env/agents/weight_agent/weight_monitor.sv(36) @ 181890: uvm_test_top.env.w_agent.monitor [WT_MON] Broadcasting matrix
UVM_INFO UVM/env/sequences/act_sequence.sv(12) @ 181970: uvm_test_top.env.a_agent.sqr@@a_seq [ACT_SEQ] Starting
UVM_INFO UVM/env/agents/act_agent/act_driver.sv(24) @ 181970: uvm_test_top.env.a_agent.drv [ACT_DRV] Starting SRAM writing phase...
UVM_INFO UVM/env/agents/act_agent/act_monitor.sv(33) @ 182350: uvm_test_top.env.a_agent.mon [ACT_MON] Broadcasting activation matrix to Scoreboard
UVM_INFO UVM/env/agents/out_agent/out_monitor.sv(31) @ 182350: uvm_test_top.env.o_agent.mon [OUT_MON] Execution started
UVM_INFO UVM/env/agents/act_agent/act_driver.sv(40) @ 182350: uvm_test_top.env.a_agent.drv [ACT_DRV] Activations loaded and start_exec pulsed!
UVM_INFO UVM/env/tpu_scoreboard.sv(40) @ 182350: uvm_test_top.env.sb [SCOREBOARD] Data received
UVM_INFO UVM/env/sequences/act_sequence.sv(19) @ 182350: uvm_test_top.env.a_agent.sqr@@a_seq [ACT_SEQ] All done
UVM_INFO UVM/env/agents/out_agent/out_monitor.sv(34) @ 182770: uvm_test_top.env.o_agent.mon [OUT_MON] Timer finish
UVM_INFO UVM/env/tpu_scoreboard.sv(90) @ 183390: uvm_test_top.env.sb [SCOREBOARD] --- Comparing Row 0 ---
UVM_INFO UVM/env/tpu_scoreboard.sv(90) @ 183390: uvm_test_top.env.sb [SCOREBOARD] --- Comparing Row 1 ---
UVM_INFO UVM/env/tpu_scoreboard.sv(90) @ 183390: uvm_test_top.env.sb [SCOREBOARD] --- Comparing Row 2 ---
UVM_INFO UVM/env/tpu_scoreboard.sv(90) @ 183390: uvm_test_top.env.sb [SCOREBOARD] --- Comparing Row 3 ---
UVM_INFO UVM/env/tpu_scoreboard.sv(90) @ 183390: uvm_test_top.env.sb [SCOREBOARD] --- Comparing Row 4 ---
UVM_INFO UVM/env/tpu_scoreboard.sv(90) @ 183390: uvm_test_top.env.sb [SCOREBOARD] --- Comparing Row 5 ---
UVM_INFO UVM/env/tpu_scoreboard.sv(90) @ 183390: uvm_test_top.env.sb [SCOREBOARD] --- Comparing Row 6 ---
UVM_INFO UVM/env/tpu_scoreboard.sv(90) @ 183390: uvm_test_top.env.sb [SCOREBOARD] --- Comparing Row 7 ---
UVM_INFO UVM/env/tpu_scoreboard.sv(90) @ 183390: uvm_test_top.env.sb [SCOREBOARD] --- Comparing Row 8 ---
UVM_INFO UVM/env/tpu_scoreboard.sv(90) @ 183390: uvm_test_top.env.sb [SCOREBOARD] --- Comparing Row 9 ---
UVM_INFO UVM/env/tpu_scoreboard.sv(90) @ 183390: uvm_test_top.env.sb [SCOREBOARD] --- Comparing Row 10 ---
UVM_INFO UVM/env/tpu_scoreboard.sv(90) @ 183390: uvm_test_top.env.sb [SCOREBOARD] --- Comparing Row 11 ---
UVM_INFO UVM/env/tpu_scoreboard.sv(90) @ 183390: uvm_test_top.env.sb [SCOREBOARD] --- Comparing Row 12 ---
UVM_INFO UVM/env/tpu_scoreboard.sv(90) @ 183390: uvm_test_top.env.sb [SCOREBOARD] --- Comparing Row 13 ---
UVM_INFO UVM/env/tpu_scoreboard.sv(90) @ 183390: uvm_test_top.env.sb [SCOREBOARD] --- Comparing Row 14 ---
UVM_INFO UVM/env/tpu_scoreboard.sv(90) @ 183390: uvm_test_top.env.sb [SCOREBOARD] --- Comparing Row 15 ---
UVM_INFO UVM/env/tpu_scoreboard.sv(102) @ 183390: uvm_test_top.env.sb [SCOREBOARD] ==================================================
UVM_INFO UVM/env/tpu_scoreboard.sv(103) @ 183390: uvm_test_top.env.sb [SCOREBOARD]  [PASS] ALL 256 OUTPUTS MATCH THE GOLDEN MODEL! 
UVM_INFO UVM/env/tpu_scoreboard.sv(104) @ 183390: uvm_test_top.env.sb [SCOREBOARD] ==================================================
UVM_INFO UVM/env/tpu_scoreboard.sv(34) @ 183390: uvm_test_top.env.sb [SCOREBOARD] Waiting data from 3 monitors
UVM_INFO UVM/env/sequences/weight_sequence.sv(12) @ 184850: uvm_test_top.env.w_agent.sequencer@@w_seq [WT_SEQ] Preparing to send matrices
UVM_INFO UVM/env/agents/weight_agent/weight_driver.sv(26) @ 184850: uvm_test_top.env.w_agent.driver [WT_DRV] Starting SRAM writing phase...
UVM_INFO UVM/env/agents/weight_agent/weight_driver.sv(43) @ 190050: uvm_test_top.env.w_agent.driver [WT_DRV] Waiting for controller to finish ...
UVM_INFO UVM/env/agents/weight_agent/weight_driver.sv(58) @ 200350: uvm_test_top.env.w_agent.driver [WT_DRV] Matrix successfully loaded into PEs!
UVM_INFO UVM/env/sequences/weight_sequence.sv(19) @ 200350: uvm_test_top.env.w_agent.sequencer@@w_seq [WT_SEQ] All 3 matrices sent.
UVM_INFO UVM/env/agents/weight_agent/weight_monitor.sv(36) @ 200370: uvm_test_top.env.w_agent.monitor [WT_MON] Broadcasting matrix
UVM_INFO UVM/env/sequences/act_sequence.sv(12) @ 200450: uvm_test_top.env.a_agent.sqr@@a_seq [ACT_SEQ] Starting
UVM_INFO UVM/env/agents/act_agent/act_driver.sv(24) @ 200450: uvm_test_top.env.a_agent.drv [ACT_DRV] Starting SRAM writing phase...
UVM_INFO UVM/env/agents/act_agent/act_monitor.sv(33) @ 200830: uvm_test_top.env.a_agent.mon [ACT_MON] Broadcasting activation matrix to Scoreboard
UVM_INFO UVM/env/agents/out_agent/out_monitor.sv(31) @ 200830: uvm_test_top.env.o_agent.mon [OUT_MON] Execution started
UVM_INFO UVM/env/agents/act_agent/act_driver.sv(40) @ 200830: uvm_test_top.env.a_agent.drv [ACT_DRV] Activations loaded and start_exec pulsed!
UVM_INFO UVM/env/tpu_scoreboard.sv(40) @ 200830: uvm_test_top.env.sb [SCOREBOARD] Data received
UVM_INFO UVM/env/sequences/act_sequence.sv(19) @ 200830: uvm_test_top.env.a_agent.sqr@@a_seq [ACT_SEQ] All done
UVM_INFO UVM/env/agents/out_agent/out_monitor.sv(34) @ 201250: uvm_test_top.env.o_agent.mon [OUT_MON] Timer finish
UVM_INFO UVM/env/tpu_scoreboard.sv(90) @ 201870: uvm_test_top.env.sb [SCOREBOARD] --- Comparing Row 0 ---
UVM_INFO UVM/env/tpu_scoreboard.sv(90) @ 201870: uvm_test_top.env.sb [SCOREBOARD] --- Comparing Row 1 ---
UVM_INFO UVM/env/tpu_scoreboard.sv(90) @ 201870: uvm_test_top.env.sb [SCOREBOARD] --- Comparing Row 2 ---
UVM_INFO UVM/env/tpu_scoreboard.sv(90) @ 201870: uvm_test_top.env.sb [SCOREBOARD] --- Comparing Row 3 ---
UVM_INFO UVM/env/tpu_scoreboard.sv(90) @ 201870: uvm_test_top.env.sb [SCOREBOARD] --- Comparing Row 4 ---
UVM_INFO UVM/env/tpu_scoreboard.sv(90) @ 201870: uvm_test_top.env.sb [SCOREBOARD] --- Comparing Row 5 ---
UVM_INFO UVM/env/tpu_scoreboard.sv(90) @ 201870: uvm_test_top.env.sb [SCOREBOARD] --- Comparing Row 6 ---
UVM_INFO UVM/env/tpu_scoreboard.sv(90) @ 201870: uvm_test_top.env.sb [SCOREBOARD] --- Comparing Row 7 ---
UVM_INFO UVM/env/tpu_scoreboard.sv(90) @ 201870: uvm_test_top.env.sb [SCOREBOARD] --- Comparing Row 8 ---
UVM_INFO UVM/env/tpu_scoreboard.sv(90) @ 201870: uvm_test_top.env.sb [SCOREBOARD] --- Comparing Row 9 ---
UVM_INFO UVM/env/tpu_scoreboard.sv(90) @ 201870: uvm_test_top.env.sb [SCOREBOARD] --- Comparing Row 10 ---
UVM_INFO UVM/env/tpu_scoreboard.sv(90) @ 201870: uvm_test_top.env.sb [SCOREBOARD] --- Comparing Row 11 ---
UVM_INFO UVM/env/tpu_scoreboard.sv(90) @ 201870: uvm_test_top.env.sb [SCOREBOARD] --- Comparing Row 12 ---
UVM_INFO UVM/env/tpu_scoreboard.sv(90) @ 201870: uvm_test_top.env.sb [SCOREBOARD] --- Comparing Row 13 ---
UVM_INFO UVM/env/tpu_scoreboard.sv(90) @ 201870: uvm_test_top.env.sb [SCOREBOARD] --- Comparing Row 14 ---
UVM_INFO UVM/env/tpu_scoreboard.sv(90) @ 201870: uvm_test_top.env.sb [SCOREBOARD] --- Comparing Row 15 ---
UVM_INFO UVM/env/tpu_scoreboard.sv(102) @ 201870: uvm_test_top.env.sb [SCOREBOARD] ==================================================
UVM_INFO UVM/env/tpu_scoreboard.sv(103) @ 201870: uvm_test_top.env.sb [SCOREBOARD]  [PASS] ALL 256 OUTPUTS MATCH THE GOLDEN MODEL! 
UVM_INFO UVM/env/tpu_scoreboard.sv(104) @ 201870: uvm_test_top.env.sb [SCOREBOARD] ==================================================
UVM_INFO UVM/env/tpu_scoreboard.sv(34) @ 201870: uvm_test_top.env.sb [SCOREBOARD] Waiting data from 3 monitors
UVM_INFO UVM/env/sequences/weight_sequence.sv(12) @ 203330: uvm_test_top.env.w_agent.sequencer@@w_seq [WT_SEQ] Preparing to send matrices
UVM_INFO UVM/env/agents/weight_agent/weight_driver.sv(26) @ 203330: uvm_test_top.env.w_agent.driver [WT_DRV] Starting SRAM writing phase...
UVM_INFO UVM/env/agents/weight_agent/weight_driver.sv(43) @ 208530: uvm_test_top.env.w_agent.driver [WT_DRV] Waiting for controller to finish ...
UVM_INFO UVM/env/agents/weight_agent/weight_driver.sv(58) @ 218830: uvm_test_top.env.w_agent.driver [WT_DRV] Matrix successfully loaded into PEs!
UVM_INFO UVM/env/sequences/weight_sequence.sv(19) @ 218830: uvm_test_top.env.w_agent.sequencer@@w_seq [WT_SEQ] All 3 matrices sent.
UVM_INFO UVM/env/agents/weight_agent/weight_monitor.sv(36) @ 218850: uvm_test_top.env.w_agent.monitor [WT_MON] Broadcasting matrix
UVM_INFO UVM/env/sequences/act_sequence.sv(12) @ 218930: uvm_test_top.env.a_agent.sqr@@a_seq [ACT_SEQ] Starting
UVM_INFO UVM/env/agents/act_agent/act_driver.sv(24) @ 218930: uvm_test_top.env.a_agent.drv [ACT_DRV] Starting SRAM writing phase...
UVM_INFO UVM/env/agents/act_agent/act_monitor.sv(33) @ 219310: uvm_test_top.env.a_agent.mon [ACT_MON] Broadcasting activation matrix to Scoreboard
UVM_INFO UVM/env/agents/out_agent/out_monitor.sv(31) @ 219310: uvm_test_top.env.o_agent.mon [OUT_MON] Execution started
UVM_INFO UVM/env/agents/act_agent/act_driver.sv(40) @ 219310: uvm_test_top.env.a_agent.drv [ACT_DRV] Activations loaded and start_exec pulsed!
UVM_INFO UVM/env/tpu_scoreboard.sv(40) @ 219310: uvm_test_top.env.sb [SCOREBOARD] Data received
UVM_INFO UVM/env/sequences/act_sequence.sv(19) @ 219310: uvm_test_top.env.a_agent.sqr@@a_seq [ACT_SEQ] All done
UVM_INFO UVM/env/agents/out_agent/out_monitor.sv(34) @ 219730: uvm_test_top.env.o_agent.mon [OUT_MON] Timer finish
UVM_INFO UVM/env/tpu_scoreboard.sv(90) @ 220350: uvm_test_top.env.sb [SCOREBOARD] --- Comparing Row 0 ---
UVM_INFO UVM/env/tpu_scoreboard.sv(90) @ 220350: uvm_test_top.env.sb [SCOREBOARD] --- Comparing Row 1 ---
UVM_INFO UVM/env/tpu_scoreboard.sv(90) @ 220350: uvm_test_top.env.sb [SCOREBOARD] --- Comparing Row 2 ---
UVM_INFO UVM/env/tpu_scoreboard.sv(90) @ 220350: uvm_test_top.env.sb [SCOREBOARD] --- Comparing Row 3 ---
UVM_INFO UVM/env/tpu_scoreboard.sv(90) @ 220350: uvm_test_top.env.sb [SCOREBOARD] --- Comparing Row 4 ---
UVM_INFO UVM/env/tpu_scoreboard.sv(90) @ 220350: uvm_test_top.env.sb [SCOREBOARD] --- Comparing Row 5 ---
UVM_INFO UVM/env/tpu_scoreboard.sv(90) @ 220350: uvm_test_top.env.sb [SCOREBOARD] --- Comparing Row 6 ---
UVM_INFO UVM/env/tpu_scoreboard.sv(90) @ 220350: uvm_test_top.env.sb [SCOREBOARD] --- Comparing Row 7 ---
UVM_INFO UVM/env/tpu_scoreboard.sv(90) @ 220350: uvm_test_top.env.sb [SCOREBOARD] --- Comparing Row 8 ---
UVM_INFO UVM/env/tpu_scoreboard.sv(90) @ 220350: uvm_test_top.env.sb [SCOREBOARD] --- Comparing Row 9 ---
UVM_INFO UVM/env/tpu_scoreboard.sv(90) @ 220350: uvm_test_top.env.sb [SCOREBOARD] --- Comparing Row 10 ---
UVM_INFO UVM/env/tpu_scoreboard.sv(90) @ 220350: uvm_test_top.env.sb [SCOREBOARD] --- Comparing Row 11 ---
UVM_INFO UVM/env/tpu_scoreboard.sv(90) @ 220350: uvm_test_top.env.sb [SCOREBOARD] --- Comparing Row 12 ---
UVM_INFO UVM/env/tpu_scoreboard.sv(90) @ 220350: uvm_test_top.env.sb [SCOREBOARD] --- Comparing Row 13 ---
UVM_INFO UVM/env/tpu_scoreboard.sv(90) @ 220350: uvm_test_top.env.sb [SCOREBOARD] --- Comparing Row 14 ---
UVM_INFO UVM/env/tpu_scoreboard.sv(90) @ 220350: uvm_test_top.env.sb [SCOREBOARD] --- Comparing Row 15 ---
UVM_INFO UVM/env/tpu_scoreboard.sv(102) @ 220350: uvm_test_top.env.sb [SCOREBOARD] ==================================================
UVM_INFO UVM/env/tpu_scoreboard.sv(103) @ 220350: uvm_test_top.env.sb [SCOREBOARD]  [PASS] ALL 256 OUTPUTS MATCH THE GOLDEN MODEL! 
UVM_INFO UVM/env/tpu_scoreboard.sv(104) @ 220350: uvm_test_top.env.sb [SCOREBOARD] ==================================================
UVM_INFO UVM/env/tpu_scoreboard.sv(34) @ 220350: uvm_test_top.env.sb [SCOREBOARD] Waiting data from 3 monitors
UVM_INFO UVM/env/sequences/weight_sequence.sv(12) @ 221810: uvm_test_top.env.w_agent.sequencer@@w_seq [WT_SEQ] Preparing to send matrices
UVM_INFO UVM/env/agents/weight_agent/weight_driver.sv(26) @ 221810: uvm_test_top.env.w_agent.driver [WT_DRV] Starting SRAM writing phase...
UVM_INFO UVM/env/agents/weight_agent/weight_driver.sv(43) @ 227010: uvm_test_top.env.w_agent.driver [WT_DRV] Waiting for controller to finish ...
UVM_INFO UVM/env/agents/weight_agent/weight_driver.sv(58) @ 237310: uvm_test_top.env.w_agent.driver [WT_DRV] Matrix successfully loaded into PEs!
UVM_INFO UVM/env/sequences/weight_sequence.sv(19) @ 237310: uvm_test_top.env.w_agent.sequencer@@w_seq [WT_SEQ] All 3 matrices sent.
UVM_INFO UVM/env/agents/weight_agent/weight_monitor.sv(36) @ 237330: uvm_test_top.env.w_agent.monitor [WT_MON] Broadcasting matrix
UVM_INFO UVM/env/sequences/act_sequence.sv(12) @ 237410: uvm_test_top.env.a_agent.sqr@@a_seq [ACT_SEQ] Starting
UVM_INFO UVM/env/agents/act_agent/act_driver.sv(24) @ 237410: uvm_test_top.env.a_agent.drv [ACT_DRV] Starting SRAM writing phase...
UVM_INFO UVM/env/agents/act_agent/act_monitor.sv(33) @ 237790: uvm_test_top.env.a_agent.mon [ACT_MON] Broadcasting activation matrix to Scoreboard
UVM_INFO UVM/env/agents/out_agent/out_monitor.sv(31) @ 237790: uvm_test_top.env.o_agent.mon [OUT_MON] Execution started
UVM_INFO UVM/env/agents/act_agent/act_driver.sv(40) @ 237790: uvm_test_top.env.a_agent.drv [ACT_DRV] Activations loaded and start_exec pulsed!
UVM_INFO UVM/env/tpu_scoreboard.sv(40) @ 237790: uvm_test_top.env.sb [SCOREBOARD] Data received
UVM_INFO UVM/env/sequences/act_sequence.sv(19) @ 237790: uvm_test_top.env.a_agent.sqr@@a_seq [ACT_SEQ] All done
UVM_INFO UVM/env/agents/out_agent/out_monitor.sv(34) @ 238210: uvm_test_top.env.o_agent.mon [OUT_MON] Timer finish
UVM_INFO UVM/env/tpu_scoreboard.sv(90) @ 238830: uvm_test_top.env.sb [SCOREBOARD] --- Comparing Row 0 ---
UVM_INFO UVM/env/tpu_scoreboard.sv(90) @ 238830: uvm_test_top.env.sb [SCOREBOARD] --- Comparing Row 1 ---
UVM_INFO UVM/env/tpu_scoreboard.sv(90) @ 238830: uvm_test_top.env.sb [SCOREBOARD] --- Comparing Row 2 ---
UVM_INFO UVM/env/tpu_scoreboard.sv(90) @ 238830: uvm_test_top.env.sb [SCOREBOARD] --- Comparing Row 3 ---
UVM_INFO UVM/env/tpu_scoreboard.sv(90) @ 238830: uvm_test_top.env.sb [SCOREBOARD] --- Comparing Row 4 ---
UVM_INFO UVM/env/tpu_scoreboard.sv(90) @ 238830: uvm_test_top.env.sb [SCOREBOARD] --- Comparing Row 5 ---
UVM_INFO UVM/env/tpu_scoreboard.sv(90) @ 238830: uvm_test_top.env.sb [SCOREBOARD] --- Comparing Row 6 ---
UVM_INFO UVM/env/tpu_scoreboard.sv(90) @ 238830: uvm_test_top.env.sb [SCOREBOARD] --- Comparing Row 7 ---
UVM_INFO UVM/env/tpu_scoreboard.sv(90) @ 238830: uvm_test_top.env.sb [SCOREBOARD] --- Comparing Row 8 ---
UVM_INFO UVM/env/tpu_scoreboard.sv(90) @ 238830: uvm_test_top.env.sb [SCOREBOARD] --- Comparing Row 9 ---
UVM_INFO UVM/env/tpu_scoreboard.sv(90) @ 238830: uvm_test_top.env.sb [SCOREBOARD] --- Comparing Row 10 ---
UVM_INFO UVM/env/tpu_scoreboard.sv(90) @ 238830: uvm_test_top.env.sb [SCOREBOARD] --- Comparing Row 11 ---
UVM_INFO UVM/env/tpu_scoreboard.sv(90) @ 238830: uvm_test_top.env.sb [SCOREBOARD] --- Comparing Row 12 ---
UVM_INFO UVM/env/tpu_scoreboard.sv(90) @ 238830: uvm_test_top.env.sb [SCOREBOARD] --- Comparing Row 13 ---
UVM_INFO UVM/env/tpu_scoreboard.sv(90) @ 238830: uvm_test_top.env.sb [SCOREBOARD] --- Comparing Row 14 ---
UVM_INFO UVM/env/tpu_scoreboard.sv(90) @ 238830: uvm_test_top.env.sb [SCOREBOARD] --- Comparing Row 15 ---
UVM_INFO UVM/env/tpu_scoreboard.sv(102) @ 238830: uvm_test_top.env.sb [SCOREBOARD] ==================================================
UVM_INFO UVM/env/tpu_scoreboard.sv(103) @ 238830: uvm_test_top.env.sb [SCOREBOARD]  [PASS] ALL 256 OUTPUTS MATCH THE GOLDEN MODEL! 
UVM_INFO UVM/env/tpu_scoreboard.sv(104) @ 238830: uvm_test_top.env.sb [SCOREBOARD] ==================================================
UVM_INFO UVM/env/tpu_scoreboard.sv(34) @ 238830: uvm_test_top.env.sb [SCOREBOARD] Waiting data from 3 monitors
UVM_INFO UVM/env/sequences/weight_sequence.sv(12) @ 240290: uvm_test_top.env.w_agent.sequencer@@w_seq [WT_SEQ] Preparing to send matrices
UVM_INFO UVM/env/agents/weight_agent/weight_driver.sv(26) @ 240290: uvm_test_top.env.w_agent.driver [WT_DRV] Starting SRAM writing phase...
UVM_INFO UVM/env/agents/weight_agent/weight_driver.sv(43) @ 245490: uvm_test_top.env.w_agent.driver [WT_DRV] Waiting for controller to finish ...
UVM_INFO UVM/env/agents/weight_agent/weight_driver.sv(58) @ 255790: uvm_test_top.env.w_agent.driver [WT_DRV] Matrix successfully loaded into PEs!
UVM_INFO UVM/env/sequences/weight_sequence.sv(19) @ 255790: uvm_test_top.env.w_agent.sequencer@@w_seq [WT_SEQ] All 3 matrices sent.
UVM_INFO UVM/env/agents/weight_agent/weight_monitor.sv(36) @ 255810: uvm_test_top.env.w_agent.monitor [WT_MON] Broadcasting matrix
UVM_INFO UVM/env/sequences/act_sequence.sv(12) @ 255890: uvm_test_top.env.a_agent.sqr@@a_seq [ACT_SEQ] Starting
UVM_INFO UVM/env/agents/act_agent/act_driver.sv(24) @ 255890: uvm_test_top.env.a_agent.drv [ACT_DRV] Starting SRAM writing phase...
UVM_INFO UVM/env/agents/act_agent/act_monitor.sv(33) @ 256270: uvm_test_top.env.a_agent.mon [ACT_MON] Broadcasting activation matrix to Scoreboard
UVM_INFO UVM/env/agents/out_agent/out_monitor.sv(31) @ 256270: uvm_test_top.env.o_agent.mon [OUT_MON] Execution started
UVM_INFO UVM/env/agents/act_agent/act_driver.sv(40) @ 256270: uvm_test_top.env.a_agent.drv [ACT_DRV] Activations loaded and start_exec pulsed!
UVM_INFO UVM/env/tpu_scoreboard.sv(40) @ 256270: uvm_test_top.env.sb [SCOREBOARD] Data received
UVM_INFO UVM/env/sequences/act_sequence.sv(19) @ 256270: uvm_test_top.env.a_agent.sqr@@a_seq [ACT_SEQ] All done
UVM_INFO UVM/env/agents/out_agent/out_monitor.sv(34) @ 256690: uvm_test_top.env.o_agent.mon [OUT_MON] Timer finish
UVM_INFO UVM/env/tpu_scoreboard.sv(90) @ 257310: uvm_test_top.env.sb [SCOREBOARD] --- Comparing Row 0 ---
UVM_INFO UVM/env/tpu_scoreboard.sv(90) @ 257310: uvm_test_top.env.sb [SCOREBOARD] --- Comparing Row 1 ---
UVM_INFO UVM/env/tpu_scoreboard.sv(90) @ 257310: uvm_test_top.env.sb [SCOREBOARD] --- Comparing Row 2 ---
UVM_INFO UVM/env/tpu_scoreboard.sv(90) @ 257310: uvm_test_top.env.sb [SCOREBOARD] --- Comparing Row 3 ---
UVM_INFO UVM/env/tpu_scoreboard.sv(90) @ 257310: uvm_test_top.env.sb [SCOREBOARD] --- Comparing Row 4 ---
UVM_INFO UVM/env/tpu_scoreboard.sv(90) @ 257310: uvm_test_top.env.sb [SCOREBOARD] --- Comparing Row 5 ---
UVM_INFO UVM/env/tpu_scoreboard.sv(90) @ 257310: uvm_test_top.env.sb [SCOREBOARD] --- Comparing Row 6 ---
UVM_INFO UVM/env/tpu_scoreboard.sv(90) @ 257310: uvm_test_top.env.sb [SCOREBOARD] --- Comparing Row 7 ---
UVM_INFO UVM/env/tpu_scoreboard.sv(90) @ 257310: uvm_test_top.env.sb [SCOREBOARD] --- Comparing Row 8 ---
UVM_INFO UVM/env/tpu_scoreboard.sv(90) @ 257310: uvm_test_top.env.sb [SCOREBOARD] --- Comparing Row 9 ---
UVM_INFO UVM/env/tpu_scoreboard.sv(90) @ 257310: uvm_test_top.env.sb [SCOREBOARD] --- Comparing Row 10 ---
UVM_INFO UVM/env/tpu_scoreboard.sv(90) @ 257310: uvm_test_top.env.sb [SCOREBOARD] --- Comparing Row 11 ---
UVM_INFO UVM/env/tpu_scoreboard.sv(90) @ 257310: uvm_test_top.env.sb [SCOREBOARD] --- Comparing Row 12 ---
UVM_INFO UVM/env/tpu_scoreboard.sv(90) @ 257310: uvm_test_top.env.sb [SCOREBOARD] --- Comparing Row 13 ---
UVM_INFO UVM/env/tpu_scoreboard.sv(90) @ 257310: uvm_test_top.env.sb [SCOREBOARD] --- Comparing Row 14 ---
UVM_INFO UVM/env/tpu_scoreboard.sv(90) @ 257310: uvm_test_top.env.sb [SCOREBOARD] --- Comparing Row 15 ---
UVM_INFO UVM/env/tpu_scoreboard.sv(102) @ 257310: uvm_test_top.env.sb [SCOREBOARD] ==================================================
UVM_INFO UVM/env/tpu_scoreboard.sv(103) @ 257310: uvm_test_top.env.sb [SCOREBOARD]  [PASS] ALL 256 OUTPUTS MATCH THE GOLDEN MODEL! 
UVM_INFO UVM/env/tpu_scoreboard.sv(104) @ 257310: uvm_test_top.env.sb [SCOREBOARD] ==================================================
UVM_INFO UVM/env/tpu_scoreboard.sv(34) @ 257310: uvm_test_top.env.sb [SCOREBOARD] Waiting data from 3 monitors
UVM_INFO UVM/env/sequences/weight_sequence.sv(12) @ 258770: uvm_test_top.env.w_agent.sequencer@@w_seq [WT_SEQ] Preparing to send matrices
UVM_INFO UVM/env/agents/weight_agent/weight_driver.sv(26) @ 258770: uvm_test_top.env.w_agent.driver [WT_DRV] Starting SRAM writing phase...
UVM_INFO UVM/env/agents/weight_agent/weight_driver.sv(43) @ 263970: uvm_test_top.env.w_agent.driver [WT_DRV] Waiting for controller to finish ...
UVM_INFO UVM/env/agents/weight_agent/weight_driver.sv(58) @ 274270: uvm_test_top.env.w_agent.driver [WT_DRV] Matrix successfully loaded into PEs!
UVM_INFO UVM/env/sequences/weight_sequence.sv(19) @ 274270: uvm_test_top.env.w_agent.sequencer@@w_seq [WT_SEQ] All 3 matrices sent.
UVM_INFO UVM/env/agents/weight_agent/weight_monitor.sv(36) @ 274290: uvm_test_top.env.w_agent.monitor [WT_MON] Broadcasting matrix
UVM_INFO UVM/env/sequences/act_sequence.sv(12) @ 274370: uvm_test_top.env.a_agent.sqr@@a_seq [ACT_SEQ] Starting
UVM_INFO UVM/env/agents/act_agent/act_driver.sv(24) @ 274370: uvm_test_top.env.a_agent.drv [ACT_DRV] Starting SRAM writing phase...
UVM_INFO UVM/env/agents/act_agent/act_monitor.sv(33) @ 274750: uvm_test_top.env.a_agent.mon [ACT_MON] Broadcasting activation matrix to Scoreboard
UVM_INFO UVM/env/agents/out_agent/out_monitor.sv(31) @ 274750: uvm_test_top.env.o_agent.mon [OUT_MON] Execution started
UVM_INFO UVM/env/agents/act_agent/act_driver.sv(40) @ 274750: uvm_test_top.env.a_agent.drv [ACT_DRV] Activations loaded and start_exec pulsed!
UVM_INFO UVM/env/tpu_scoreboard.sv(40) @ 274750: uvm_test_top.env.sb [SCOREBOARD] Data received
UVM_INFO UVM/env/sequences/act_sequence.sv(19) @ 274750: uvm_test_top.env.a_agent.sqr@@a_seq [ACT_SEQ] All done
UVM_INFO UVM/env/agents/out_agent/out_monitor.sv(34) @ 275170: uvm_test_top.env.o_agent.mon [OUT_MON] Timer finish
UVM_INFO UVM/env/tpu_scoreboard.sv(90) @ 275790: uvm_test_top.env.sb [SCOREBOARD] --- Comparing Row 0 ---
UVM_INFO UVM/env/tpu_scoreboard.sv(90) @ 275790: uvm_test_top.env.sb [SCOREBOARD] --- Comparing Row 1 ---
UVM_INFO UVM/env/tpu_scoreboard.sv(90) @ 275790: uvm_test_top.env.sb [SCOREBOARD] --- Comparing Row 2 ---
UVM_INFO UVM/env/tpu_scoreboard.sv(90) @ 275790: uvm_test_top.env.sb [SCOREBOARD] --- Comparing Row 3 ---
UVM_INFO UVM/env/tpu_scoreboard.sv(90) @ 275790: uvm_test_top.env.sb [SCOREBOARD] --- Comparing Row 4 ---
UVM_INFO UVM/env/tpu_scoreboard.sv(90) @ 275790: uvm_test_top.env.sb [SCOREBOARD] --- Comparing Row 5 ---
UVM_INFO UVM/env/tpu_scoreboard.sv(90) @ 275790: uvm_test_top.env.sb [SCOREBOARD] --- Comparing Row 6 ---
UVM_INFO UVM/env/tpu_scoreboard.sv(90) @ 275790: uvm_test_top.env.sb [SCOREBOARD] --- Comparing Row 7 ---
UVM_INFO UVM/env/tpu_scoreboard.sv(90) @ 275790: uvm_test_top.env.sb [SCOREBOARD] --- Comparing Row 8 ---
UVM_INFO UVM/env/tpu_scoreboard.sv(90) @ 275790: uvm_test_top.env.sb [SCOREBOARD] --- Comparing Row 9 ---
UVM_INFO UVM/env/tpu_scoreboard.sv(90) @ 275790: uvm_test_top.env.sb [SCOREBOARD] --- Comparing Row 10 ---
UVM_INFO UVM/env/tpu_scoreboard.sv(90) @ 275790: uvm_test_top.env.sb [SCOREBOARD] --- Comparing Row 11 ---
UVM_INFO UVM/env/tpu_scoreboard.sv(90) @ 275790: uvm_test_top.env.sb [SCOREBOARD] --- Comparing Row 12 ---
UVM_INFO UVM/env/tpu_scoreboard.sv(90) @ 275790: uvm_test_top.env.sb [SCOREBOARD] --- Comparing Row 13 ---
UVM_INFO UVM/env/tpu_scoreboard.sv(90) @ 275790: uvm_test_top.env.sb [SCOREBOARD] --- Comparing Row 14 ---
UVM_INFO UVM/env/tpu_scoreboard.sv(90) @ 275790: uvm_test_top.env.sb [SCOREBOARD] --- Comparing Row 15 ---
UVM_INFO UVM/env/tpu_scoreboard.sv(102) @ 275790: uvm_test_top.env.sb [SCOREBOARD] ==================================================
UVM_INFO UVM/env/tpu_scoreboard.sv(103) @ 275790: uvm_test_top.env.sb [SCOREBOARD]  [PASS] ALL 256 OUTPUTS MATCH THE GOLDEN MODEL! 
UVM_INFO UVM/env/tpu_scoreboard.sv(104) @ 275790: uvm_test_top.env.sb [SCOREBOARD] ==================================================
UVM_INFO UVM/env/tpu_scoreboard.sv(34) @ 275790: uvm_test_top.env.sb [SCOREBOARD] Waiting data from 3 monitors
UVM_INFO UVM/env/sequences/weight_sequence.sv(12) @ 277250: uvm_test_top.env.w_agent.sequencer@@w_seq [WT_SEQ] Preparing to send matrices
UVM_INFO UVM/env/agents/weight_agent/weight_driver.sv(26) @ 277250: uvm_test_top.env.w_agent.driver [WT_DRV] Starting SRAM writing phase...
UVM_INFO UVM/env/agents/weight_agent/weight_driver.sv(43) @ 282450: uvm_test_top.env.w_agent.driver [WT_DRV] Waiting for controller to finish ...
UVM_INFO UVM/env/agents/weight_agent/weight_driver.sv(58) @ 292750: uvm_test_top.env.w_agent.driver [WT_DRV] Matrix successfully loaded into PEs!
UVM_INFO UVM/env/sequences/weight_sequence.sv(19) @ 292750: uvm_test_top.env.w_agent.sequencer@@w_seq [WT_SEQ] All 3 matrices sent.
UVM_INFO UVM/env/agents/weight_agent/weight_monitor.sv(36) @ 292770: uvm_test_top.env.w_agent.monitor [WT_MON] Broadcasting matrix
UVM_INFO UVM/env/sequences/act_sequence.sv(12) @ 292850: uvm_test_top.env.a_agent.sqr@@a_seq [ACT_SEQ] Starting
UVM_INFO UVM/env/agents/act_agent/act_driver.sv(24) @ 292850: uvm_test_top.env.a_agent.drv [ACT_DRV] Starting SRAM writing phase...
UVM_INFO UVM/env/agents/act_agent/act_monitor.sv(33) @ 293230: uvm_test_top.env.a_agent.mon [ACT_MON] Broadcasting activation matrix to Scoreboard
UVM_INFO UVM/env/agents/out_agent/out_monitor.sv(31) @ 293230: uvm_test_top.env.o_agent.mon [OUT_MON] Execution started
UVM_INFO UVM/env/agents/act_agent/act_driver.sv(40) @ 293230: uvm_test_top.env.a_agent.drv [ACT_DRV] Activations loaded and start_exec pulsed!
UVM_INFO UVM/env/tpu_scoreboard.sv(40) @ 293230: uvm_test_top.env.sb [SCOREBOARD] Data received
UVM_INFO UVM/env/sequences/act_sequence.sv(19) @ 293230: uvm_test_top.env.a_agent.sqr@@a_seq [ACT_SEQ] All done
UVM_INFO UVM/env/agents/out_agent/out_monitor.sv(34) @ 293650: uvm_test_top.env.o_agent.mon [OUT_MON] Timer finish
UVM_INFO UVM/env/tpu_scoreboard.sv(90) @ 294270: uvm_test_top.env.sb [SCOREBOARD] --- Comparing Row 0 ---
UVM_INFO UVM/env/tpu_scoreboard.sv(90) @ 294270: uvm_test_top.env.sb [SCOREBOARD] --- Comparing Row 1 ---
UVM_INFO UVM/env/tpu_scoreboard.sv(90) @ 294270: uvm_test_top.env.sb [SCOREBOARD] --- Comparing Row 2 ---
UVM_INFO UVM/env/tpu_scoreboard.sv(90) @ 294270: uvm_test_top.env.sb [SCOREBOARD] --- Comparing Row 3 ---
UVM_INFO UVM/env/tpu_scoreboard.sv(90) @ 294270: uvm_test_top.env.sb [SCOREBOARD] --- Comparing Row 4 ---
UVM_INFO UVM/env/tpu_scoreboard.sv(90) @ 294270: uvm_test_top.env.sb [SCOREBOARD] --- Comparing Row 5 ---
UVM_INFO UVM/env/tpu_scoreboard.sv(90) @ 294270: uvm_test_top.env.sb [SCOREBOARD] --- Comparing Row 6 ---
UVM_INFO UVM/env/tpu_scoreboard.sv(90) @ 294270: uvm_test_top.env.sb [SCOREBOARD] --- Comparing Row 7 ---
UVM_INFO UVM/env/tpu_scoreboard.sv(90) @ 294270: uvm_test_top.env.sb [SCOREBOARD] --- Comparing Row 8 ---
UVM_INFO UVM/env/tpu_scoreboard.sv(90) @ 294270: uvm_test_top.env.sb [SCOREBOARD] --- Comparing Row 9 ---
UVM_INFO UVM/env/tpu_scoreboard.sv(90) @ 294270: uvm_test_top.env.sb [SCOREBOARD] --- Comparing Row 10 ---
UVM_INFO UVM/env/tpu_scoreboard.sv(90) @ 294270: uvm_test_top.env.sb [SCOREBOARD] --- Comparing Row 11 ---
UVM_INFO UVM/env/tpu_scoreboard.sv(90) @ 294270: uvm_test_top.env.sb [SCOREBOARD] --- Comparing Row 12 ---
UVM_INFO UVM/env/tpu_scoreboard.sv(90) @ 294270: uvm_test_top.env.sb [SCOREBOARD] --- Comparing Row 13 ---
UVM_INFO UVM/env/tpu_scoreboard.sv(90) @ 294270: uvm_test_top.env.sb [SCOREBOARD] --- Comparing Row 14 ---
UVM_INFO UVM/env/tpu_scoreboard.sv(90) @ 294270: uvm_test_top.env.sb [SCOREBOARD] --- Comparing Row 15 ---
UVM_INFO UVM/env/tpu_scoreboard.sv(102) @ 294270: uvm_test_top.env.sb [SCOREBOARD] ==================================================
UVM_INFO UVM/env/tpu_scoreboard.sv(103) @ 294270: uvm_test_top.env.sb [SCOREBOARD]  [PASS] ALL 256 OUTPUTS MATCH THE GOLDEN MODEL! 
UVM_INFO UVM/env/tpu_scoreboard.sv(104) @ 294270: uvm_test_top.env.sb [SCOREBOARD] ==================================================
UVM_INFO UVM/env/tpu_scoreboard.sv(34) @ 294270: uvm_test_top.env.sb [SCOREBOARD] Waiting data from 3 monitors
UVM_INFO UVM/env/sequences/weight_sequence.sv(12) @ 295730: uvm_test_top.env.w_agent.sequencer@@w_seq [WT_SEQ] Preparing to send matrices
UVM_INFO UVM/env/agents/weight_agent/weight_driver.sv(26) @ 295730: uvm_test_top.env.w_agent.driver [WT_DRV] Starting SRAM writing phase...
UVM_INFO UVM/env/agents/weight_agent/weight_driver.sv(43) @ 300930: uvm_test_top.env.w_agent.driver [WT_DRV] Waiting for controller to finish ...
UVM_INFO UVM/env/agents/weight_agent/weight_driver.sv(58) @ 311230: uvm_test_top.env.w_agent.driver [WT_DRV] Matrix successfully loaded into PEs!
UVM_INFO UVM/env/sequences/weight_sequence.sv(19) @ 311230: uvm_test_top.env.w_agent.sequencer@@w_seq [WT_SEQ] All 3 matrices sent.
UVM_INFO UVM/env/agents/weight_agent/weight_monitor.sv(36) @ 311250: uvm_test_top.env.w_agent.monitor [WT_MON] Broadcasting matrix
UVM_INFO UVM/env/sequences/act_sequence.sv(12) @ 311330: uvm_test_top.env.a_agent.sqr@@a_seq [ACT_SEQ] Starting
UVM_INFO UVM/env/agents/act_agent/act_driver.sv(24) @ 311330: uvm_test_top.env.a_agent.drv [ACT_DRV] Starting SRAM writing phase...
UVM_INFO UVM/env/agents/act_agent/act_monitor.sv(33) @ 311710: uvm_test_top.env.a_agent.mon [ACT_MON] Broadcasting activation matrix to Scoreboard
UVM_INFO UVM/env/agents/out_agent/out_monitor.sv(31) @ 311710: uvm_test_top.env.o_agent.mon [OUT_MON] Execution started
UVM_INFO UVM/env/agents/act_agent/act_driver.sv(40) @ 311710: uvm_test_top.env.a_agent.drv [ACT_DRV] Activations loaded and start_exec pulsed!
UVM_INFO UVM/env/tpu_scoreboard.sv(40) @ 311710: uvm_test_top.env.sb [SCOREBOARD] Data received
UVM_INFO UVM/env/sequences/act_sequence.sv(19) @ 311710: uvm_test_top.env.a_agent.sqr@@a_seq [ACT_SEQ] All done
UVM_INFO UVM/env/agents/out_agent/out_monitor.sv(34) @ 312130: uvm_test_top.env.o_agent.mon [OUT_MON] Timer finish
UVM_INFO UVM/env/tpu_scoreboard.sv(90) @ 312750: uvm_test_top.env.sb [SCOREBOARD] --- Comparing Row 0 ---
UVM_INFO UVM/env/tpu_scoreboard.sv(90) @ 312750: uvm_test_top.env.sb [SCOREBOARD] --- Comparing Row 1 ---
UVM_INFO UVM/env/tpu_scoreboard.sv(90) @ 312750: uvm_test_top.env.sb [SCOREBOARD] --- Comparing Row 2 ---
UVM_INFO UVM/env/tpu_scoreboard.sv(90) @ 312750: uvm_test_top.env.sb [SCOREBOARD] --- Comparing Row 3 ---
UVM_INFO UVM/env/tpu_scoreboard.sv(90) @ 312750: uvm_test_top.env.sb [SCOREBOARD] --- Comparing Row 4 ---
UVM_INFO UVM/env/tpu_scoreboard.sv(90) @ 312750: uvm_test_top.env.sb [SCOREBOARD] --- Comparing Row 5 ---
UVM_INFO UVM/env/tpu_scoreboard.sv(90) @ 312750: uvm_test_top.env.sb [SCOREBOARD] --- Comparing Row 6 ---
UVM_INFO UVM/env/tpu_scoreboard.sv(90) @ 312750: uvm_test_top.env.sb [SCOREBOARD] --- Comparing Row 7 ---
UVM_INFO UVM/env/tpu_scoreboard.sv(90) @ 312750: uvm_test_top.env.sb [SCOREBOARD] --- Comparing Row 8 ---
UVM_INFO UVM/env/tpu_scoreboard.sv(90) @ 312750: uvm_test_top.env.sb [SCOREBOARD] --- Comparing Row 9 ---
UVM_INFO UVM/env/tpu_scoreboard.sv(90) @ 312750: uvm_test_top.env.sb [SCOREBOARD] --- Comparing Row 10 ---
UVM_INFO UVM/env/tpu_scoreboard.sv(90) @ 312750: uvm_test_top.env.sb [SCOREBOARD] --- Comparing Row 11 ---
UVM_INFO UVM/env/tpu_scoreboard.sv(90) @ 312750: uvm_test_top.env.sb [SCOREBOARD] --- Comparing Row 12 ---
UVM_INFO UVM/env/tpu_scoreboard.sv(90) @ 312750: uvm_test_top.env.sb [SCOREBOARD] --- Comparing Row 13 ---
UVM_INFO UVM/env/tpu_scoreboard.sv(90) @ 312750: uvm_test_top.env.sb [SCOREBOARD] --- Comparing Row 14 ---
UVM_INFO UVM/env/tpu_scoreboard.sv(90) @ 312750: uvm_test_top.env.sb [SCOREBOARD] --- Comparing Row 15 ---
UVM_INFO UVM/env/tpu_scoreboard.sv(102) @ 312750: uvm_test_top.env.sb [SCOREBOARD] ==================================================
UVM_INFO UVM/env/tpu_scoreboard.sv(103) @ 312750: uvm_test_top.env.sb [SCOREBOARD]  [PASS] ALL 256 OUTPUTS MATCH THE GOLDEN MODEL! 
UVM_INFO UVM/env/tpu_scoreboard.sv(104) @ 312750: uvm_test_top.env.sb [SCOREBOARD] ==================================================
UVM_INFO UVM/env/tpu_scoreboard.sv(34) @ 312750: uvm_test_top.env.sb [SCOREBOARD] Waiting data from 3 monitors
UVM_INFO UVM/env/sequences/weight_sequence.sv(12) @ 314210: uvm_test_top.env.w_agent.sequencer@@w_seq [WT_SEQ] Preparing to send matrices
UVM_INFO UVM/env/agents/weight_agent/weight_driver.sv(26) @ 314210: uvm_test_top.env.w_agent.driver [WT_DRV] Starting SRAM writing phase...
UVM_INFO UVM/env/agents/weight_agent/weight_driver.sv(43) @ 319410: uvm_test_top.env.w_agent.driver [WT_DRV] Waiting for controller to finish ...
UVM_INFO UVM/env/agents/weight_agent/weight_driver.sv(58) @ 329710: uvm_test_top.env.w_agent.driver [WT_DRV] Matrix successfully loaded into PEs!
UVM_INFO UVM/env/sequences/weight_sequence.sv(19) @ 329710: uvm_test_top.env.w_agent.sequencer@@w_seq [WT_SEQ] All 3 matrices sent.
UVM_INFO UVM/env/agents/weight_agent/weight_monitor.sv(36) @ 329730: uvm_test_top.env.w_agent.monitor [WT_MON] Broadcasting matrix
UVM_INFO UVM/env/sequences/act_sequence.sv(12) @ 329810: uvm_test_top.env.a_agent.sqr@@a_seq [ACT_SEQ] Starting
UVM_INFO UVM/env/agents/act_agent/act_driver.sv(24) @ 329810: uvm_test_top.env.a_agent.drv [ACT_DRV] Starting SRAM writing phase...
UVM_INFO UVM/env/agents/act_agent/act_monitor.sv(33) @ 330190: uvm_test_top.env.a_agent.mon [ACT_MON] Broadcasting activation matrix to Scoreboard
UVM_INFO UVM/env/agents/out_agent/out_monitor.sv(31) @ 330190: uvm_test_top.env.o_agent.mon [OUT_MON] Execution started
UVM_INFO UVM/env/agents/act_agent/act_driver.sv(40) @ 330190: uvm_test_top.env.a_agent.drv [ACT_DRV] Activations loaded and start_exec pulsed!
UVM_INFO UVM/env/tpu_scoreboard.sv(40) @ 330190: uvm_test_top.env.sb [SCOREBOARD] Data received
UVM_INFO UVM/env/sequences/act_sequence.sv(19) @ 330190: uvm_test_top.env.a_agent.sqr@@a_seq [ACT_SEQ] All done
UVM_INFO UVM/env/agents/out_agent/out_monitor.sv(34) @ 330610: uvm_test_top.env.o_agent.mon [OUT_MON] Timer finish
UVM_INFO UVM/env/tpu_scoreboard.sv(90) @ 331230: uvm_test_top.env.sb [SCOREBOARD] --- Comparing Row 0 ---
UVM_INFO UVM/env/tpu_scoreboard.sv(90) @ 331230: uvm_test_top.env.sb [SCOREBOARD] --- Comparing Row 1 ---
UVM_INFO UVM/env/tpu_scoreboard.sv(90) @ 331230: uvm_test_top.env.sb [SCOREBOARD] --- Comparing Row 2 ---
UVM_INFO UVM/env/tpu_scoreboard.sv(90) @ 331230: uvm_test_top.env.sb [SCOREBOARD] --- Comparing Row 3 ---
UVM_INFO UVM/env/tpu_scoreboard.sv(90) @ 331230: uvm_test_top.env.sb [SCOREBOARD] --- Comparing Row 4 ---
UVM_INFO UVM/env/tpu_scoreboard.sv(90) @ 331230: uvm_test_top.env.sb [SCOREBOARD] --- Comparing Row 5 ---
UVM_INFO UVM/env/tpu_scoreboard.sv(90) @ 331230: uvm_test_top.env.sb [SCOREBOARD] --- Comparing Row 6 ---
UVM_INFO UVM/env/tpu_scoreboard.sv(90) @ 331230: uvm_test_top.env.sb [SCOREBOARD] --- Comparing Row 7 ---
UVM_INFO UVM/env/tpu_scoreboard.sv(90) @ 331230: uvm_test_top.env.sb [SCOREBOARD] --- Comparing Row 8 ---
UVM_INFO UVM/env/tpu_scoreboard.sv(90) @ 331230: uvm_test_top.env.sb [SCOREBOARD] --- Comparing Row 9 ---
UVM_INFO UVM/env/tpu_scoreboard.sv(90) @ 331230: uvm_test_top.env.sb [SCOREBOARD] --- Comparing Row 10 ---
UVM_INFO UVM/env/tpu_scoreboard.sv(90) @ 331230: uvm_test_top.env.sb [SCOREBOARD] --- Comparing Row 11 ---
UVM_INFO UVM/env/tpu_scoreboard.sv(90) @ 331230: uvm_test_top.env.sb [SCOREBOARD] --- Comparing Row 12 ---
UVM_INFO UVM/env/tpu_scoreboard.sv(90) @ 331230: uvm_test_top.env.sb [SCOREBOARD] --- Comparing Row 13 ---
UVM_INFO UVM/env/tpu_scoreboard.sv(90) @ 331230: uvm_test_top.env.sb [SCOREBOARD] --- Comparing Row 14 ---
UVM_INFO UVM/env/tpu_scoreboard.sv(90) @ 331230: uvm_test_top.env.sb [SCOREBOARD] --- Comparing Row 15 ---
UVM_INFO UVM/env/tpu_scoreboard.sv(102) @ 331230: uvm_test_top.env.sb [SCOREBOARD] ==================================================
UVM_INFO UVM/env/tpu_scoreboard.sv(103) @ 331230: uvm_test_top.env.sb [SCOREBOARD]  [PASS] ALL 256 OUTPUTS MATCH THE GOLDEN MODEL! 
UVM_INFO UVM/env/tpu_scoreboard.sv(104) @ 331230: uvm_test_top.env.sb [SCOREBOARD] ==================================================
UVM_INFO UVM/env/tpu_scoreboard.sv(34) @ 331230: uvm_test_top.env.sb [SCOREBOARD] Waiting data from 3 monitors
UVM_INFO UVM/env/sequences/weight_sequence.sv(12) @ 332690: uvm_test_top.env.w_agent.sequencer@@w_seq [WT_SEQ] Preparing to send matrices
UVM_INFO UVM/env/agents/weight_agent/weight_driver.sv(26) @ 332690: uvm_test_top.env.w_agent.driver [WT_DRV] Starting SRAM writing phase...
UVM_INFO UVM/env/agents/weight_agent/weight_driver.sv(43) @ 337890: uvm_test_top.env.w_agent.driver [WT_DRV] Waiting for controller to finish ...
UVM_INFO UVM/env/agents/weight_agent/weight_driver.sv(58) @ 348190: uvm_test_top.env.w_agent.driver [WT_DRV] Matrix successfully loaded into PEs!
UVM_INFO UVM/env/sequences/weight_sequence.sv(19) @ 348190: uvm_test_top.env.w_agent.sequencer@@w_seq [WT_SEQ] All 3 matrices sent.
UVM_INFO UVM/env/agents/weight_agent/weight_monitor.sv(36) @ 348210: uvm_test_top.env.w_agent.monitor [WT_MON] Broadcasting matrix
UVM_INFO UVM/env/sequences/act_sequence.sv(12) @ 348290: uvm_test_top.env.a_agent.sqr@@a_seq [ACT_SEQ] Starting
UVM_INFO UVM/env/agents/act_agent/act_driver.sv(24) @ 348290: uvm_test_top.env.a_agent.drv [ACT_DRV] Starting SRAM writing phase...
UVM_INFO UVM/env/agents/act_agent/act_monitor.sv(33) @ 348670: uvm_test_top.env.a_agent.mon [ACT_MON] Broadcasting activation matrix to Scoreboard
UVM_INFO UVM/env/agents/out_agent/out_monitor.sv(31) @ 348670: uvm_test_top.env.o_agent.mon [OUT_MON] Execution started
UVM_INFO UVM/env/agents/act_agent/act_driver.sv(40) @ 348670: uvm_test_top.env.a_agent.drv [ACT_DRV] Activations loaded and start_exec pulsed!
UVM_INFO UVM/env/tpu_scoreboard.sv(40) @ 348670: uvm_test_top.env.sb [SCOREBOARD] Data received
UVM_INFO UVM/env/sequences/act_sequence.sv(19) @ 348670: uvm_test_top.env.a_agent.sqr@@a_seq [ACT_SEQ] All done
UVM_INFO UVM/env/agents/out_agent/out_monitor.sv(34) @ 349090: uvm_test_top.env.o_agent.mon [OUT_MON] Timer finish
UVM_INFO UVM/env/tpu_scoreboard.sv(90) @ 349710: uvm_test_top.env.sb [SCOREBOARD] --- Comparing Row 0 ---
UVM_INFO UVM/env/tpu_scoreboard.sv(90) @ 349710: uvm_test_top.env.sb [SCOREBOARD] --- Comparing Row 1 ---
UVM_INFO UVM/env/tpu_scoreboard.sv(90) @ 349710: uvm_test_top.env.sb [SCOREBOARD] --- Comparing Row 2 ---
UVM_INFO UVM/env/tpu_scoreboard.sv(90) @ 349710: uvm_test_top.env.sb [SCOREBOARD] --- Comparing Row 3 ---
UVM_INFO UVM/env/tpu_scoreboard.sv(90) @ 349710: uvm_test_top.env.sb [SCOREBOARD] --- Comparing Row 4 ---
UVM_INFO UVM/env/tpu_scoreboard.sv(90) @ 349710: uvm_test_top.env.sb [SCOREBOARD] --- Comparing Row 5 ---
UVM_INFO UVM/env/tpu_scoreboard.sv(90) @ 349710: uvm_test_top.env.sb [SCOREBOARD] --- Comparing Row 6 ---
UVM_INFO UVM/env/tpu_scoreboard.sv(90) @ 349710: uvm_test_top.env.sb [SCOREBOARD] --- Comparing Row 7 ---
UVM_INFO UVM/env/tpu_scoreboard.sv(90) @ 349710: uvm_test_top.env.sb [SCOREBOARD] --- Comparing Row 8 ---
UVM_INFO UVM/env/tpu_scoreboard.sv(90) @ 349710: uvm_test_top.env.sb [SCOREBOARD] --- Comparing Row 9 ---
UVM_INFO UVM/env/tpu_scoreboard.sv(90) @ 349710: uvm_test_top.env.sb [SCOREBOARD] --- Comparing Row 10 ---
UVM_INFO UVM/env/tpu_scoreboard.sv(90) @ 349710: uvm_test_top.env.sb [SCOREBOARD] --- Comparing Row 11 ---
UVM_INFO UVM/env/tpu_scoreboard.sv(90) @ 349710: uvm_test_top.env.sb [SCOREBOARD] --- Comparing Row 12 ---
UVM_INFO UVM/env/tpu_scoreboard.sv(90) @ 349710: uvm_test_top.env.sb [SCOREBOARD] --- Comparing Row 13 ---
UVM_INFO UVM/env/tpu_scoreboard.sv(90) @ 349710: uvm_test_top.env.sb [SCOREBOARD] --- Comparing Row 14 ---
UVM_INFO UVM/env/tpu_scoreboard.sv(90) @ 349710: uvm_test_top.env.sb [SCOREBOARD] --- Comparing Row 15 ---
UVM_INFO UVM/env/tpu_scoreboard.sv(102) @ 349710: uvm_test_top.env.sb [SCOREBOARD] ==================================================
UVM_INFO UVM/env/tpu_scoreboard.sv(103) @ 349710: uvm_test_top.env.sb [SCOREBOARD]  [PASS] ALL 256 OUTPUTS MATCH THE GOLDEN MODEL! 
UVM_INFO UVM/env/tpu_scoreboard.sv(104) @ 349710: uvm_test_top.env.sb [SCOREBOARD] ==================================================
UVM_INFO UVM/env/tpu_scoreboard.sv(34) @ 349710: uvm_test_top.env.sb [SCOREBOARD] Waiting data from 3 monitors
UVM_INFO UVM/env/sequences/weight_sequence.sv(12) @ 351170: uvm_test_top.env.w_agent.sequencer@@w_seq [WT_SEQ] Preparing to send matrices
UVM_INFO UVM/env/agents/weight_agent/weight_driver.sv(26) @ 351170: uvm_test_top.env.w_agent.driver [WT_DRV] Starting SRAM writing phase...
UVM_INFO UVM/env/agents/weight_agent/weight_driver.sv(43) @ 356370: uvm_test_top.env.w_agent.driver [WT_DRV] Waiting for controller to finish ...
UVM_INFO UVM/env/agents/weight_agent/weight_driver.sv(58) @ 366670: uvm_test_top.env.w_agent.driver [WT_DRV] Matrix successfully loaded into PEs!
UVM_INFO UVM/env/sequences/weight_sequence.sv(19) @ 366670: uvm_test_top.env.w_agent.sequencer@@w_seq [WT_SEQ] All 3 matrices sent.
UVM_INFO UVM/env/agents/weight_agent/weight_monitor.sv(36) @ 366690: uvm_test_top.env.w_agent.monitor [WT_MON] Broadcasting matrix
UVM_INFO UVM/env/sequences/act_sequence.sv(12) @ 366770: uvm_test_top.env.a_agent.sqr@@a_seq [ACT_SEQ] Starting
UVM_INFO UVM/env/agents/act_agent/act_driver.sv(24) @ 366770: uvm_test_top.env.a_agent.drv [ACT_DRV] Starting SRAM writing phase...
UVM_INFO UVM/env/agents/act_agent/act_monitor.sv(33) @ 367150: uvm_test_top.env.a_agent.mon [ACT_MON] Broadcasting activation matrix to Scoreboard
UVM_INFO UVM/env/agents/out_agent/out_monitor.sv(31) @ 367150: uvm_test_top.env.o_agent.mon [OUT_MON] Execution started
UVM_INFO UVM/env/agents/act_agent/act_driver.sv(40) @ 367150: uvm_test_top.env.a_agent.drv [ACT_DRV] Activations loaded and start_exec pulsed!
UVM_INFO UVM/env/tpu_scoreboard.sv(40) @ 367150: uvm_test_top.env.sb [SCOREBOARD] Data received
UVM_INFO UVM/env/sequences/act_sequence.sv(19) @ 367150: uvm_test_top.env.a_agent.sqr@@a_seq [ACT_SEQ] All done
UVM_INFO UVM/env/agents/out_agent/out_monitor.sv(34) @ 367570: uvm_test_top.env.o_agent.mon [OUT_MON] Timer finish
UVM_INFO UVM/env/tpu_scoreboard.sv(90) @ 368190: uvm_test_top.env.sb [SCOREBOARD] --- Comparing Row 0 ---
UVM_INFO UVM/env/tpu_scoreboard.sv(90) @ 368190: uvm_test_top.env.sb [SCOREBOARD] --- Comparing Row 1 ---
UVM_INFO UVM/env/tpu_scoreboard.sv(90) @ 368190: uvm_test_top.env.sb [SCOREBOARD] --- Comparing Row 2 ---
UVM_INFO UVM/env/tpu_scoreboard.sv(90) @ 368190: uvm_test_top.env.sb [SCOREBOARD] --- Comparing Row 3 ---
UVM_INFO UVM/env/tpu_scoreboard.sv(90) @ 368190: uvm_test_top.env.sb [SCOREBOARD] --- Comparing Row 4 ---
UVM_INFO UVM/env/tpu_scoreboard.sv(90) @ 368190: uvm_test_top.env.sb [SCOREBOARD] --- Comparing Row 5 ---
UVM_INFO UVM/env/tpu_scoreboard.sv(90) @ 368190: uvm_test_top.env.sb [SCOREBOARD] --- Comparing Row 6 ---
UVM_INFO UVM/env/tpu_scoreboard.sv(90) @ 368190: uvm_test_top.env.sb [SCOREBOARD] --- Comparing Row 7 ---
UVM_INFO UVM/env/tpu_scoreboard.sv(90) @ 368190: uvm_test_top.env.sb [SCOREBOARD] --- Comparing Row 8 ---
UVM_INFO UVM/env/tpu_scoreboard.sv(90) @ 368190: uvm_test_top.env.sb [SCOREBOARD] --- Comparing Row 9 ---
UVM_INFO UVM/env/tpu_scoreboard.sv(90) @ 368190: uvm_test_top.env.sb [SCOREBOARD] --- Comparing Row 10 ---
UVM_INFO UVM/env/tpu_scoreboard.sv(90) @ 368190: uvm_test_top.env.sb [SCOREBOARD] --- Comparing Row 11 ---
UVM_INFO UVM/env/tpu_scoreboard.sv(90) @ 368190: uvm_test_top.env.sb [SCOREBOARD] --- Comparing Row 12 ---
UVM_INFO UVM/env/tpu_scoreboard.sv(90) @ 368190: uvm_test_top.env.sb [SCOREBOARD] --- Comparing Row 13 ---
UVM_INFO UVM/env/tpu_scoreboard.sv(90) @ 368190: uvm_test_top.env.sb [SCOREBOARD] --- Comparing Row 14 ---
UVM_INFO UVM/env/tpu_scoreboard.sv(90) @ 368190: uvm_test_top.env.sb [SCOREBOARD] --- Comparing Row 15 ---
UVM_INFO UVM/env/tpu_scoreboard.sv(102) @ 368190: uvm_test_top.env.sb [SCOREBOARD] ==================================================
UVM_INFO UVM/env/tpu_scoreboard.sv(103) @ 368190: uvm_test_top.env.sb [SCOREBOARD]  [PASS] ALL 256 OUTPUTS MATCH THE GOLDEN MODEL! 
UVM_INFO UVM/env/tpu_scoreboard.sv(104) @ 368190: uvm_test_top.env.sb [SCOREBOARD] ==================================================
UVM_INFO UVM/env/tpu_scoreboard.sv(34) @ 368190: uvm_test_top.env.sb [SCOREBOARD] Waiting data from 3 monitors
UVM_INFO UVM/env/sequences/weight_sequence.sv(12) @ 369650: uvm_test_top.env.w_agent.sequencer@@w_seq [WT_SEQ] Preparing to send matrices
UVM_INFO UVM/env/agents/weight_agent/weight_driver.sv(26) @ 369650: uvm_test_top.env.w_agent.driver [WT_DRV] Starting SRAM writing phase...
UVM_INFO UVM/env/agents/weight_agent/weight_driver.sv(43) @ 374850: uvm_test_top.env.w_agent.driver [WT_DRV] Waiting for controller to finish ...
UVM_INFO UVM/env/agents/weight_agent/weight_driver.sv(58) @ 385150: uvm_test_top.env.w_agent.driver [WT_DRV] Matrix successfully loaded into PEs!
UVM_INFO UVM/env/sequences/weight_sequence.sv(19) @ 385150: uvm_test_top.env.w_agent.sequencer@@w_seq [WT_SEQ] All 3 matrices sent.
UVM_INFO UVM/env/agents/weight_agent/weight_monitor.sv(36) @ 385170: uvm_test_top.env.w_agent.monitor [WT_MON] Broadcasting matrix
UVM_INFO UVM/env/sequences/act_sequence.sv(12) @ 385250: uvm_test_top.env.a_agent.sqr@@a_seq [ACT_SEQ] Starting
UVM_INFO UVM/env/agents/act_agent/act_driver.sv(24) @ 385250: uvm_test_top.env.a_agent.drv [ACT_DRV] Starting SRAM writing phase...
UVM_INFO UVM/env/agents/act_agent/act_monitor.sv(33) @ 385630: uvm_test_top.env.a_agent.mon [ACT_MON] Broadcasting activation matrix to Scoreboard
UVM_INFO UVM/env/agents/out_agent/out_monitor.sv(31) @ 385630: uvm_test_top.env.o_agent.mon [OUT_MON] Execution started
UVM_INFO UVM/env/agents/act_agent/act_driver.sv(40) @ 385630: uvm_test_top.env.a_agent.drv [ACT_DRV] Activations loaded and start_exec pulsed!
UVM_INFO UVM/env/tpu_scoreboard.sv(40) @ 385630: uvm_test_top.env.sb [SCOREBOARD] Data received
UVM_INFO UVM/env/sequences/act_sequence.sv(19) @ 385630: uvm_test_top.env.a_agent.sqr@@a_seq [ACT_SEQ] All done
UVM_INFO UVM/env/agents/out_agent/out_monitor.sv(34) @ 386050: uvm_test_top.env.o_agent.mon [OUT_MON] Timer finish
UVM_INFO UVM/env/tpu_scoreboard.sv(90) @ 386670: uvm_test_top.env.sb [SCOREBOARD] --- Comparing Row 0 ---
UVM_INFO UVM/env/tpu_scoreboard.sv(90) @ 386670: uvm_test_top.env.sb [SCOREBOARD] --- Comparing Row 1 ---
UVM_INFO UVM/env/tpu_scoreboard.sv(90) @ 386670: uvm_test_top.env.sb [SCOREBOARD] --- Comparing Row 2 ---
UVM_INFO UVM/env/tpu_scoreboard.sv(90) @ 386670: uvm_test_top.env.sb [SCOREBOARD] --- Comparing Row 3 ---
UVM_INFO UVM/env/tpu_scoreboard.sv(90) @ 386670: uvm_test_top.env.sb [SCOREBOARD] --- Comparing Row 4 ---
UVM_INFO UVM/env/tpu_scoreboard.sv(90) @ 386670: uvm_test_top.env.sb [SCOREBOARD] --- Comparing Row 5 ---
UVM_INFO UVM/env/tpu_scoreboard.sv(90) @ 386670: uvm_test_top.env.sb [SCOREBOARD] --- Comparing Row 6 ---
UVM_INFO UVM/env/tpu_scoreboard.sv(90) @ 386670: uvm_test_top.env.sb [SCOREBOARD] --- Comparing Row 7 ---
UVM_INFO UVM/env/tpu_scoreboard.sv(90) @ 386670: uvm_test_top.env.sb [SCOREBOARD] --- Comparing Row 8 ---
UVM_INFO UVM/env/tpu_scoreboard.sv(90) @ 386670: uvm_test_top.env.sb [SCOREBOARD] --- Comparing Row 9 ---
UVM_INFO UVM/env/tpu_scoreboard.sv(90) @ 386670: uvm_test_top.env.sb [SCOREBOARD] --- Comparing Row 10 ---
UVM_INFO UVM/env/tpu_scoreboard.sv(90) @ 386670: uvm_test_top.env.sb [SCOREBOARD] --- Comparing Row 11 ---
UVM_INFO UVM/env/tpu_scoreboard.sv(90) @ 386670: uvm_test_top.env.sb [SCOREBOARD] --- Comparing Row 12 ---
UVM_INFO UVM/env/tpu_scoreboard.sv(90) @ 386670: uvm_test_top.env.sb [SCOREBOARD] --- Comparing Row 13 ---
UVM_INFO UVM/env/tpu_scoreboard.sv(90) @ 386670: uvm_test_top.env.sb [SCOREBOARD] --- Comparing Row 14 ---
UVM_INFO UVM/env/tpu_scoreboard.sv(90) @ 386670: uvm_test_top.env.sb [SCOREBOARD] --- Comparing Row 15 ---
UVM_INFO UVM/env/tpu_scoreboard.sv(102) @ 386670: uvm_test_top.env.sb [SCOREBOARD] ==================================================
UVM_INFO UVM/env/tpu_scoreboard.sv(103) @ 386670: uvm_test_top.env.sb [SCOREBOARD]  [PASS] ALL 256 OUTPUTS MATCH THE GOLDEN MODEL! 
UVM_INFO UVM/env/tpu_scoreboard.sv(104) @ 386670: uvm_test_top.env.sb [SCOREBOARD] ==================================================
UVM_INFO UVM/env/tpu_scoreboard.sv(34) @ 386670: uvm_test_top.env.sb [SCOREBOARD] Waiting data from 3 monitors
UVM_INFO UVM/env/sequences/weight_sequence.sv(12) @ 388130: uvm_test_top.env.w_agent.sequencer@@w_seq [WT_SEQ] Preparing to send matrices
UVM_INFO UVM/env/agents/weight_agent/weight_driver.sv(26) @ 388130: uvm_test_top.env.w_agent.driver [WT_DRV] Starting SRAM writing phase...
UVM_INFO UVM/env/agents/weight_agent/weight_driver.sv(43) @ 393330: uvm_test_top.env.w_agent.driver [WT_DRV] Waiting for controller to finish ...
UVM_INFO UVM/env/agents/weight_agent/weight_driver.sv(58) @ 403630: uvm_test_top.env.w_agent.driver [WT_DRV] Matrix successfully loaded into PEs!
UVM_INFO UVM/env/sequences/weight_sequence.sv(19) @ 403630: uvm_test_top.env.w_agent.sequencer@@w_seq [WT_SEQ] All 3 matrices sent.
UVM_INFO UVM/env/agents/weight_agent/weight_monitor.sv(36) @ 403650: uvm_test_top.env.w_agent.monitor [WT_MON] Broadcasting matrix
UVM_INFO UVM/env/sequences/act_sequence.sv(12) @ 403730: uvm_test_top.env.a_agent.sqr@@a_seq [ACT_SEQ] Starting
UVM_INFO UVM/env/agents/act_agent/act_driver.sv(24) @ 403730: uvm_test_top.env.a_agent.drv [ACT_DRV] Starting SRAM writing phase...
UVM_INFO UVM/env/agents/act_agent/act_monitor.sv(33) @ 404110: uvm_test_top.env.a_agent.mon [ACT_MON] Broadcasting activation matrix to Scoreboard
UVM_INFO UVM/env/agents/out_agent/out_monitor.sv(31) @ 404110: uvm_test_top.env.o_agent.mon [OUT_MON] Execution started
UVM_INFO UVM/env/agents/act_agent/act_driver.sv(40) @ 404110: uvm_test_top.env.a_agent.drv [ACT_DRV] Activations loaded and start_exec pulsed!
UVM_INFO UVM/env/tpu_scoreboard.sv(40) @ 404110: uvm_test_top.env.sb [SCOREBOARD] Data received
UVM_INFO UVM/env/sequences/act_sequence.sv(19) @ 404110: uvm_test_top.env.a_agent.sqr@@a_seq [ACT_SEQ] All done
UVM_INFO UVM/env/agents/out_agent/out_monitor.sv(34) @ 404530: uvm_test_top.env.o_agent.mon [OUT_MON] Timer finish
UVM_INFO UVM/env/tpu_scoreboard.sv(90) @ 405150: uvm_test_top.env.sb [SCOREBOARD] --- Comparing Row 0 ---
UVM_INFO UVM/env/tpu_scoreboard.sv(90) @ 405150: uvm_test_top.env.sb [SCOREBOARD] --- Comparing Row 1 ---
UVM_INFO UVM/env/tpu_scoreboard.sv(90) @ 405150: uvm_test_top.env.sb [SCOREBOARD] --- Comparing Row 2 ---
UVM_INFO UVM/env/tpu_scoreboard.sv(90) @ 405150: uvm_test_top.env.sb [SCOREBOARD] --- Comparing Row 3 ---
UVM_INFO UVM/env/tpu_scoreboard.sv(90) @ 405150: uvm_test_top.env.sb [SCOREBOARD] --- Comparing Row 4 ---
UVM_INFO UVM/env/tpu_scoreboard.sv(90) @ 405150: uvm_test_top.env.sb [SCOREBOARD] --- Comparing Row 5 ---
UVM_INFO UVM/env/tpu_scoreboard.sv(90) @ 405150: uvm_test_top.env.sb [SCOREBOARD] --- Comparing Row 6 ---
UVM_INFO UVM/env/tpu_scoreboard.sv(90) @ 405150: uvm_test_top.env.sb [SCOREBOARD] --- Comparing Row 7 ---
UVM_INFO UVM/env/tpu_scoreboard.sv(90) @ 405150: uvm_test_top.env.sb [SCOREBOARD] --- Comparing Row 8 ---
UVM_INFO UVM/env/tpu_scoreboard.sv(90) @ 405150: uvm_test_top.env.sb [SCOREBOARD] --- Comparing Row 9 ---
UVM_INFO UVM/env/tpu_scoreboard.sv(90) @ 405150: uvm_test_top.env.sb [SCOREBOARD] --- Comparing Row 10 ---
UVM_INFO UVM/env/tpu_scoreboard.sv(90) @ 405150: uvm_test_top.env.sb [SCOREBOARD] --- Comparing Row 11 ---
UVM_INFO UVM/env/tpu_scoreboard.sv(90) @ 405150: uvm_test_top.env.sb [SCOREBOARD] --- Comparing Row 12 ---
UVM_INFO UVM/env/tpu_scoreboard.sv(90) @ 405150: uvm_test_top.env.sb [SCOREBOARD] --- Comparing Row 13 ---
UVM_INFO UVM/env/tpu_scoreboard.sv(90) @ 405150: uvm_test_top.env.sb [SCOREBOARD] --- Comparing Row 14 ---
UVM_INFO UVM/env/tpu_scoreboard.sv(90) @ 405150: uvm_test_top.env.sb [SCOREBOARD] --- Comparing Row 15 ---
UVM_INFO UVM/env/tpu_scoreboard.sv(102) @ 405150: uvm_test_top.env.sb [SCOREBOARD] ==================================================
UVM_INFO UVM/env/tpu_scoreboard.sv(103) @ 405150: uvm_test_top.env.sb [SCOREBOARD]  [PASS] ALL 256 OUTPUTS MATCH THE GOLDEN MODEL! 
UVM_INFO UVM/env/tpu_scoreboard.sv(104) @ 405150: uvm_test_top.env.sb [SCOREBOARD] ==================================================
UVM_INFO UVM/env/tpu_scoreboard.sv(34) @ 405150: uvm_test_top.env.sb [SCOREBOARD] Waiting data from 3 monitors
UVM_INFO UVM/env/sequences/weight_sequence.sv(12) @ 406610: uvm_test_top.env.w_agent.sequencer@@w_seq [WT_SEQ] Preparing to send matrices
UVM_INFO UVM/env/agents/weight_agent/weight_driver.sv(26) @ 406610: uvm_test_top.env.w_agent.driver [WT_DRV] Starting SRAM writing phase...
UVM_INFO UVM/env/agents/weight_agent/weight_driver.sv(43) @ 411810: uvm_test_top.env.w_agent.driver [WT_DRV] Waiting for controller to finish ...
UVM_INFO UVM/env/agents/weight_agent/weight_driver.sv(58) @ 422110: uvm_test_top.env.w_agent.driver [WT_DRV] Matrix successfully loaded into PEs!
UVM_INFO UVM/env/sequences/weight_sequence.sv(19) @ 422110: uvm_test_top.env.w_agent.sequencer@@w_seq [WT_SEQ] All 3 matrices sent.
UVM_INFO UVM/env/agents/weight_agent/weight_monitor.sv(36) @ 422130: uvm_test_top.env.w_agent.monitor [WT_MON] Broadcasting matrix
UVM_INFO UVM/env/sequences/act_sequence.sv(12) @ 422210: uvm_test_top.env.a_agent.sqr@@a_seq [ACT_SEQ] Starting
UVM_INFO UVM/env/agents/act_agent/act_driver.sv(24) @ 422210: uvm_test_top.env.a_agent.drv [ACT_DRV] Starting SRAM writing phase...
UVM_INFO UVM/env/agents/act_agent/act_monitor.sv(33) @ 422590: uvm_test_top.env.a_agent.mon [ACT_MON] Broadcasting activation matrix to Scoreboard
UVM_INFO UVM/env/agents/out_agent/out_monitor.sv(31) @ 422590: uvm_test_top.env.o_agent.mon [OUT_MON] Execution started
UVM_INFO UVM/env/agents/act_agent/act_driver.sv(40) @ 422590: uvm_test_top.env.a_agent.drv [ACT_DRV] Activations loaded and start_exec pulsed!
UVM_INFO UVM/env/tpu_scoreboard.sv(40) @ 422590: uvm_test_top.env.sb [SCOREBOARD] Data received
UVM_INFO UVM/env/sequences/act_sequence.sv(19) @ 422590: uvm_test_top.env.a_agent.sqr@@a_seq [ACT_SEQ] All done
UVM_INFO UVM/env/agents/out_agent/out_monitor.sv(34) @ 423010: uvm_test_top.env.o_agent.mon [OUT_MON] Timer finish
UVM_INFO UVM/env/tpu_scoreboard.sv(90) @ 423630: uvm_test_top.env.sb [SCOREBOARD] --- Comparing Row 0 ---
UVM_INFO UVM/env/tpu_scoreboard.sv(90) @ 423630: uvm_test_top.env.sb [SCOREBOARD] --- Comparing Row 1 ---
UVM_INFO UVM/env/tpu_scoreboard.sv(90) @ 423630: uvm_test_top.env.sb [SCOREBOARD] --- Comparing Row 2 ---
UVM_INFO UVM/env/tpu_scoreboard.sv(90) @ 423630: uvm_test_top.env.sb [SCOREBOARD] --- Comparing Row 3 ---
UVM_INFO UVM/env/tpu_scoreboard.sv(90) @ 423630: uvm_test_top.env.sb [SCOREBOARD] --- Comparing Row 4 ---
UVM_INFO UVM/env/tpu_scoreboard.sv(90) @ 423630: uvm_test_top.env.sb [SCOREBOARD] --- Comparing Row 5 ---
UVM_INFO UVM/env/tpu_scoreboard.sv(90) @ 423630: uvm_test_top.env.sb [SCOREBOARD] --- Comparing Row 6 ---
UVM_INFO UVM/env/tpu_scoreboard.sv(90) @ 423630: uvm_test_top.env.sb [SCOREBOARD] --- Comparing Row 7 ---
UVM_INFO UVM/env/tpu_scoreboard.sv(90) @ 423630: uvm_test_top.env.sb [SCOREBOARD] --- Comparing Row 8 ---
UVM_INFO UVM/env/tpu_scoreboard.sv(90) @ 423630: uvm_test_top.env.sb [SCOREBOARD] --- Comparing Row 9 ---
UVM_INFO UVM/env/tpu_scoreboard.sv(90) @ 423630: uvm_test_top.env.sb [SCOREBOARD] --- Comparing Row 10 ---
UVM_INFO UVM/env/tpu_scoreboard.sv(90) @ 423630: uvm_test_top.env.sb [SCOREBOARD] --- Comparing Row 11 ---
UVM_INFO UVM/env/tpu_scoreboard.sv(90) @ 423630: uvm_test_top.env.sb [SCOREBOARD] --- Comparing Row 12 ---
UVM_INFO UVM/env/tpu_scoreboard.sv(90) @ 423630: uvm_test_top.env.sb [SCOREBOARD] --- Comparing Row 13 ---
UVM_INFO UVM/env/tpu_scoreboard.sv(90) @ 423630: uvm_test_top.env.sb [SCOREBOARD] --- Comparing Row 14 ---
UVM_INFO UVM/env/tpu_scoreboard.sv(90) @ 423630: uvm_test_top.env.sb [SCOREBOARD] --- Comparing Row 15 ---
UVM_INFO UVM/env/tpu_scoreboard.sv(102) @ 423630: uvm_test_top.env.sb [SCOREBOARD] ==================================================
UVM_INFO UVM/env/tpu_scoreboard.sv(103) @ 423630: uvm_test_top.env.sb [SCOREBOARD]  [PASS] ALL 256 OUTPUTS MATCH THE GOLDEN MODEL! 
UVM_INFO UVM/env/tpu_scoreboard.sv(104) @ 423630: uvm_test_top.env.sb [SCOREBOARD] ==================================================
UVM_INFO UVM/env/tpu_scoreboard.sv(34) @ 423630: uvm_test_top.env.sb [SCOREBOARD] Waiting data from 3 monitors
UVM_INFO UVM/env/sequences/weight_sequence.sv(12) @ 425090: uvm_test_top.env.w_agent.sequencer@@w_seq [WT_SEQ] Preparing to send matrices
UVM_INFO UVM/env/agents/weight_agent/weight_driver.sv(26) @ 425090: uvm_test_top.env.w_agent.driver [WT_DRV] Starting SRAM writing phase...
UVM_INFO UVM/env/agents/weight_agent/weight_driver.sv(43) @ 430290: uvm_test_top.env.w_agent.driver [WT_DRV] Waiting for controller to finish ...
UVM_INFO UVM/env/agents/weight_agent/weight_driver.sv(58) @ 440590: uvm_test_top.env.w_agent.driver [WT_DRV] Matrix successfully loaded into PEs!
UVM_INFO UVM/env/sequences/weight_sequence.sv(19) @ 440590: uvm_test_top.env.w_agent.sequencer@@w_seq [WT_SEQ] All 3 matrices sent.
UVM_INFO UVM/env/agents/weight_agent/weight_monitor.sv(36) @ 440610: uvm_test_top.env.w_agent.monitor [WT_MON] Broadcasting matrix
UVM_INFO UVM/env/sequences/act_sequence.sv(12) @ 440690: uvm_test_top.env.a_agent.sqr@@a_seq [ACT_SEQ] Starting
UVM_INFO UVM/env/agents/act_agent/act_driver.sv(24) @ 440690: uvm_test_top.env.a_agent.drv [ACT_DRV] Starting SRAM writing phase...
UVM_INFO UVM/env/agents/act_agent/act_monitor.sv(33) @ 441070: uvm_test_top.env.a_agent.mon [ACT_MON] Broadcasting activation matrix to Scoreboard
UVM_INFO UVM/env/agents/out_agent/out_monitor.sv(31) @ 441070: uvm_test_top.env.o_agent.mon [OUT_MON] Execution started
UVM_INFO UVM/env/agents/act_agent/act_driver.sv(40) @ 441070: uvm_test_top.env.a_agent.drv [ACT_DRV] Activations loaded and start_exec pulsed!
UVM_INFO UVM/env/tpu_scoreboard.sv(40) @ 441070: uvm_test_top.env.sb [SCOREBOARD] Data received
UVM_INFO UVM/env/sequences/act_sequence.sv(19) @ 441070: uvm_test_top.env.a_agent.sqr@@a_seq [ACT_SEQ] All done
UVM_INFO UVM/env/agents/out_agent/out_monitor.sv(34) @ 441490: uvm_test_top.env.o_agent.mon [OUT_MON] Timer finish
UVM_INFO UVM/env/tpu_scoreboard.sv(90) @ 442110: uvm_test_top.env.sb [SCOREBOARD] --- Comparing Row 0 ---
UVM_INFO UVM/env/tpu_scoreboard.sv(90) @ 442110: uvm_test_top.env.sb [SCOREBOARD] --- Comparing Row 1 ---
UVM_INFO UVM/env/tpu_scoreboard.sv(90) @ 442110: uvm_test_top.env.sb [SCOREBOARD] --- Comparing Row 2 ---
UVM_INFO UVM/env/tpu_scoreboard.sv(90) @ 442110: uvm_test_top.env.sb [SCOREBOARD] --- Comparing Row 3 ---
UVM_INFO UVM/env/tpu_scoreboard.sv(90) @ 442110: uvm_test_top.env.sb [SCOREBOARD] --- Comparing Row 4 ---
UVM_INFO UVM/env/tpu_scoreboard.sv(90) @ 442110: uvm_test_top.env.sb [SCOREBOARD] --- Comparing Row 5 ---
UVM_INFO UVM/env/tpu_scoreboard.sv(90) @ 442110: uvm_test_top.env.sb [SCOREBOARD] --- Comparing Row 6 ---
UVM_INFO UVM/env/tpu_scoreboard.sv(90) @ 442110: uvm_test_top.env.sb [SCOREBOARD] --- Comparing Row 7 ---
UVM_INFO UVM/env/tpu_scoreboard.sv(90) @ 442110: uvm_test_top.env.sb [SCOREBOARD] --- Comparing Row 8 ---
UVM_INFO UVM/env/tpu_scoreboard.sv(90) @ 442110: uvm_test_top.env.sb [SCOREBOARD] --- Comparing Row 9 ---
UVM_INFO UVM/env/tpu_scoreboard.sv(90) @ 442110: uvm_test_top.env.sb [SCOREBOARD] --- Comparing Row 10 ---
UVM_INFO UVM/env/tpu_scoreboard.sv(90) @ 442110: uvm_test_top.env.sb [SCOREBOARD] --- Comparing Row 11 ---
UVM_INFO UVM/env/tpu_scoreboard.sv(90) @ 442110: uvm_test_top.env.sb [SCOREBOARD] --- Comparing Row 12 ---
UVM_INFO UVM/env/tpu_scoreboard.sv(90) @ 442110: uvm_test_top.env.sb [SCOREBOARD] --- Comparing Row 13 ---
UVM_INFO UVM/env/tpu_scoreboard.sv(90) @ 442110: uvm_test_top.env.sb [SCOREBOARD] --- Comparing Row 14 ---
UVM_INFO UVM/env/tpu_scoreboard.sv(90) @ 442110: uvm_test_top.env.sb [SCOREBOARD] --- Comparing Row 15 ---
UVM_INFO UVM/env/tpu_scoreboard.sv(102) @ 442110: uvm_test_top.env.sb [SCOREBOARD] ==================================================
UVM_INFO UVM/env/tpu_scoreboard.sv(103) @ 442110: uvm_test_top.env.sb [SCOREBOARD]  [PASS] ALL 256 OUTPUTS MATCH THE GOLDEN MODEL! 
UVM_INFO UVM/env/tpu_scoreboard.sv(104) @ 442110: uvm_test_top.env.sb [SCOREBOARD] ==================================================
UVM_INFO UVM/env/tpu_scoreboard.sv(34) @ 442110: uvm_test_top.env.sb [SCOREBOARD] Waiting data from 3 monitors
UVM_INFO UVM/env/sequences/weight_sequence.sv(12) @ 443570: uvm_test_top.env.w_agent.sequencer@@w_seq [WT_SEQ] Preparing to send matrices
UVM_INFO UVM/env/agents/weight_agent/weight_driver.sv(26) @ 443570: uvm_test_top.env.w_agent.driver [WT_DRV] Starting SRAM writing phase...
UVM_INFO UVM/env/agents/weight_agent/weight_driver.sv(43) @ 448770: uvm_test_top.env.w_agent.driver [WT_DRV] Waiting for controller to finish ...
UVM_INFO UVM/env/agents/weight_agent/weight_driver.sv(58) @ 459070: uvm_test_top.env.w_agent.driver [WT_DRV] Matrix successfully loaded into PEs!
UVM_INFO UVM/env/sequences/weight_sequence.sv(19) @ 459070: uvm_test_top.env.w_agent.sequencer@@w_seq [WT_SEQ] All 3 matrices sent.
UVM_INFO UVM/env/agents/weight_agent/weight_monitor.sv(36) @ 459090: uvm_test_top.env.w_agent.monitor [WT_MON] Broadcasting matrix
UVM_INFO UVM/env/sequences/act_sequence.sv(12) @ 459170: uvm_test_top.env.a_agent.sqr@@a_seq [ACT_SEQ] Starting
UVM_INFO UVM/env/agents/act_agent/act_driver.sv(24) @ 459170: uvm_test_top.env.a_agent.drv [ACT_DRV] Starting SRAM writing phase...
UVM_INFO UVM/env/agents/act_agent/act_monitor.sv(33) @ 459550: uvm_test_top.env.a_agent.mon [ACT_MON] Broadcasting activation matrix to Scoreboard
UVM_INFO UVM/env/agents/out_agent/out_monitor.sv(31) @ 459550: uvm_test_top.env.o_agent.mon [OUT_MON] Execution started
UVM_INFO UVM/env/agents/act_agent/act_driver.sv(40) @ 459550: uvm_test_top.env.a_agent.drv [ACT_DRV] Activations loaded and start_exec pulsed!
UVM_INFO UVM/env/tpu_scoreboard.sv(40) @ 459550: uvm_test_top.env.sb [SCOREBOARD] Data received
UVM_INFO UVM/env/sequences/act_sequence.sv(19) @ 459550: uvm_test_top.env.a_agent.sqr@@a_seq [ACT_SEQ] All done
UVM_INFO UVM/env/agents/out_agent/out_monitor.sv(34) @ 459970: uvm_test_top.env.o_agent.mon [OUT_MON] Timer finish
UVM_INFO UVM/env/tpu_scoreboard.sv(90) @ 460590: uvm_test_top.env.sb [SCOREBOARD] --- Comparing Row 0 ---
UVM_INFO UVM/env/tpu_scoreboard.sv(90) @ 460590: uvm_test_top.env.sb [SCOREBOARD] --- Comparing Row 1 ---
UVM_INFO UVM/env/tpu_scoreboard.sv(90) @ 460590: uvm_test_top.env.sb [SCOREBOARD] --- Comparing Row 2 ---
UVM_INFO UVM/env/tpu_scoreboard.sv(90) @ 460590: uvm_test_top.env.sb [SCOREBOARD] --- Comparing Row 3 ---
UVM_INFO UVM/env/tpu_scoreboard.sv(90) @ 460590: uvm_test_top.env.sb [SCOREBOARD] --- Comparing Row 4 ---
UVM_INFO UVM/env/tpu_scoreboard.sv(90) @ 460590: uvm_test_top.env.sb [SCOREBOARD] --- Comparing Row 5 ---
UVM_INFO UVM/env/tpu_scoreboard.sv(90) @ 460590: uvm_test_top.env.sb [SCOREBOARD] --- Comparing Row 6 ---
UVM_INFO UVM/env/tpu_scoreboard.sv(90) @ 460590: uvm_test_top.env.sb [SCOREBOARD] --- Comparing Row 7 ---
UVM_INFO UVM/env/tpu_scoreboard.sv(90) @ 460590: uvm_test_top.env.sb [SCOREBOARD] --- Comparing Row 8 ---
UVM_INFO UVM/env/tpu_scoreboard.sv(90) @ 460590: uvm_test_top.env.sb [SCOREBOARD] --- Comparing Row 9 ---
UVM_INFO UVM/env/tpu_scoreboard.sv(90) @ 460590: uvm_test_top.env.sb [SCOREBOARD] --- Comparing Row 10 ---
UVM_INFO UVM/env/tpu_scoreboard.sv(90) @ 460590: uvm_test_top.env.sb [SCOREBOARD] --- Comparing Row 11 ---
UVM_INFO UVM/env/tpu_scoreboard.sv(90) @ 460590: uvm_test_top.env.sb [SCOREBOARD] --- Comparing Row 12 ---
UVM_INFO UVM/env/tpu_scoreboard.sv(90) @ 460590: uvm_test_top.env.sb [SCOREBOARD] --- Comparing Row 13 ---
UVM_INFO UVM/env/tpu_scoreboard.sv(90) @ 460590: uvm_test_top.env.sb [SCOREBOARD] --- Comparing Row 14 ---
UVM_INFO UVM/env/tpu_scoreboard.sv(90) @ 460590: uvm_test_top.env.sb [SCOREBOARD] --- Comparing Row 15 ---
UVM_INFO UVM/env/tpu_scoreboard.sv(102) @ 460590: uvm_test_top.env.sb [SCOREBOARD] ==================================================
UVM_INFO UVM/env/tpu_scoreboard.sv(103) @ 460590: uvm_test_top.env.sb [SCOREBOARD]  [PASS] ALL 256 OUTPUTS MATCH THE GOLDEN MODEL! 
UVM_INFO UVM/env/tpu_scoreboard.sv(104) @ 460590: uvm_test_top.env.sb [SCOREBOARD] ==================================================
UVM_INFO UVM/env/tpu_scoreboard.sv(34) @ 460590: uvm_test_top.env.sb [SCOREBOARD] Waiting data from 3 monitors
UVM_INFO UVM/env/sequences/weight_sequence.sv(12) @ 462050: uvm_test_top.env.w_agent.sequencer@@w_seq [WT_SEQ] Preparing to send matrices
UVM_INFO UVM/env/agents/weight_agent/weight_driver.sv(26) @ 462050: uvm_test_top.env.w_agent.driver [WT_DRV] Starting SRAM writing phase...
UVM_INFO UVM/env/agents/weight_agent/weight_driver.sv(43) @ 467250: uvm_test_top.env.w_agent.driver [WT_DRV] Waiting for controller to finish ...
UVM_INFO UVM/env/agents/weight_agent/weight_driver.sv(58) @ 477550: uvm_test_top.env.w_agent.driver [WT_DRV] Matrix successfully loaded into PEs!
UVM_INFO UVM/env/sequences/weight_sequence.sv(19) @ 477550: uvm_test_top.env.w_agent.sequencer@@w_seq [WT_SEQ] All 3 matrices sent.
UVM_INFO UVM/env/agents/weight_agent/weight_monitor.sv(36) @ 477570: uvm_test_top.env.w_agent.monitor [WT_MON] Broadcasting matrix
UVM_INFO UVM/env/sequences/act_sequence.sv(12) @ 477650: uvm_test_top.env.a_agent.sqr@@a_seq [ACT_SEQ] Starting
UVM_INFO UVM/env/agents/act_agent/act_driver.sv(24) @ 477650: uvm_test_top.env.a_agent.drv [ACT_DRV] Starting SRAM writing phase...
UVM_INFO UVM/env/agents/act_agent/act_monitor.sv(33) @ 478030: uvm_test_top.env.a_agent.mon [ACT_MON] Broadcasting activation matrix to Scoreboard
UVM_INFO UVM/env/agents/out_agent/out_monitor.sv(31) @ 478030: uvm_test_top.env.o_agent.mon [OUT_MON] Execution started
UVM_INFO UVM/env/agents/act_agent/act_driver.sv(40) @ 478030: uvm_test_top.env.a_agent.drv [ACT_DRV] Activations loaded and start_exec pulsed!
UVM_INFO UVM/env/tpu_scoreboard.sv(40) @ 478030: uvm_test_top.env.sb [SCOREBOARD] Data received
UVM_INFO UVM/env/sequences/act_sequence.sv(19) @ 478030: uvm_test_top.env.a_agent.sqr@@a_seq [ACT_SEQ] All done
UVM_INFO UVM/env/agents/out_agent/out_monitor.sv(34) @ 478450: uvm_test_top.env.o_agent.mon [OUT_MON] Timer finish
UVM_INFO UVM/env/tpu_scoreboard.sv(90) @ 479070: uvm_test_top.env.sb [SCOREBOARD] --- Comparing Row 0 ---
UVM_INFO UVM/env/tpu_scoreboard.sv(90) @ 479070: uvm_test_top.env.sb [SCOREBOARD] --- Comparing Row 1 ---
UVM_INFO UVM/env/tpu_scoreboard.sv(90) @ 479070: uvm_test_top.env.sb [SCOREBOARD] --- Comparing Row 2 ---
UVM_INFO UVM/env/tpu_scoreboard.sv(90) @ 479070: uvm_test_top.env.sb [SCOREBOARD] --- Comparing Row 3 ---
UVM_INFO UVM/env/tpu_scoreboard.sv(90) @ 479070: uvm_test_top.env.sb [SCOREBOARD] --- Comparing Row 4 ---
UVM_INFO UVM/env/tpu_scoreboard.sv(90) @ 479070: uvm_test_top.env.sb [SCOREBOARD] --- Comparing Row 5 ---
UVM_INFO UVM/env/tpu_scoreboard.sv(90) @ 479070: uvm_test_top.env.sb [SCOREBOARD] --- Comparing Row 6 ---
UVM_INFO UVM/env/tpu_scoreboard.sv(90) @ 479070: uvm_test_top.env.sb [SCOREBOARD] --- Comparing Row 7 ---
UVM_INFO UVM/env/tpu_scoreboard.sv(90) @ 479070: uvm_test_top.env.sb [SCOREBOARD] --- Comparing Row 8 ---
UVM_INFO UVM/env/tpu_scoreboard.sv(90) @ 479070: uvm_test_top.env.sb [SCOREBOARD] --- Comparing Row 9 ---
UVM_INFO UVM/env/tpu_scoreboard.sv(90) @ 479070: uvm_test_top.env.sb [SCOREBOARD] --- Comparing Row 10 ---
UVM_INFO UVM/env/tpu_scoreboard.sv(90) @ 479070: uvm_test_top.env.sb [SCOREBOARD] --- Comparing Row 11 ---
UVM_INFO UVM/env/tpu_scoreboard.sv(90) @ 479070: uvm_test_top.env.sb [SCOREBOARD] --- Comparing Row 12 ---
UVM_INFO UVM/env/tpu_scoreboard.sv(90) @ 479070: uvm_test_top.env.sb [SCOREBOARD] --- Comparing Row 13 ---
UVM_INFO UVM/env/tpu_scoreboard.sv(90) @ 479070: uvm_test_top.env.sb [SCOREBOARD] --- Comparing Row 14 ---
UVM_INFO UVM/env/tpu_scoreboard.sv(90) @ 479070: uvm_test_top.env.sb [SCOREBOARD] --- Comparing Row 15 ---
UVM_INFO UVM/env/tpu_scoreboard.sv(102) @ 479070: uvm_test_top.env.sb [SCOREBOARD] ==================================================
UVM_INFO UVM/env/tpu_scoreboard.sv(103) @ 479070: uvm_test_top.env.sb [SCOREBOARD]  [PASS] ALL 256 OUTPUTS MATCH THE GOLDEN MODEL! 
UVM_INFO UVM/env/tpu_scoreboard.sv(104) @ 479070: uvm_test_top.env.sb [SCOREBOARD] ==================================================
UVM_INFO UVM/env/tpu_scoreboard.sv(34) @ 479070: uvm_test_top.env.sb [SCOREBOARD] Waiting data from 3 monitors
UVM_INFO UVM/env/sequences/weight_sequence.sv(12) @ 480530: uvm_test_top.env.w_agent.sequencer@@w_seq [WT_SEQ] Preparing to send matrices
UVM_INFO UVM/env/agents/weight_agent/weight_driver.sv(26) @ 480530: uvm_test_top.env.w_agent.driver [WT_DRV] Starting SRAM writing phase...
UVM_INFO UVM/env/agents/weight_agent/weight_driver.sv(43) @ 485730: uvm_test_top.env.w_agent.driver [WT_DRV] Waiting for controller to finish ...
UVM_INFO UVM/env/agents/weight_agent/weight_driver.sv(58) @ 496030: uvm_test_top.env.w_agent.driver [WT_DRV] Matrix successfully loaded into PEs!
UVM_INFO UVM/env/sequences/weight_sequence.sv(19) @ 496030: uvm_test_top.env.w_agent.sequencer@@w_seq [WT_SEQ] All 3 matrices sent.
UVM_INFO UVM/env/agents/weight_agent/weight_monitor.sv(36) @ 496050: uvm_test_top.env.w_agent.monitor [WT_MON] Broadcasting matrix
UVM_INFO UVM/env/sequences/act_sequence.sv(12) @ 496130: uvm_test_top.env.a_agent.sqr@@a_seq [ACT_SEQ] Starting
UVM_INFO UVM/env/agents/act_agent/act_driver.sv(24) @ 496130: uvm_test_top.env.a_agent.drv [ACT_DRV] Starting SRAM writing phase...
UVM_INFO UVM/env/agents/act_agent/act_monitor.sv(33) @ 496510: uvm_test_top.env.a_agent.mon [ACT_MON] Broadcasting activation matrix to Scoreboard
UVM_INFO UVM/env/agents/out_agent/out_monitor.sv(31) @ 496510: uvm_test_top.env.o_agent.mon [OUT_MON] Execution started
UVM_INFO UVM/env/agents/act_agent/act_driver.sv(40) @ 496510: uvm_test_top.env.a_agent.drv [ACT_DRV] Activations loaded and start_exec pulsed!
UVM_INFO UVM/env/tpu_scoreboard.sv(40) @ 496510: uvm_test_top.env.sb [SCOREBOARD] Data received
UVM_INFO UVM/env/sequences/act_sequence.sv(19) @ 496510: uvm_test_top.env.a_agent.sqr@@a_seq [ACT_SEQ] All done
UVM_INFO UVM/env/agents/out_agent/out_monitor.sv(34) @ 496930: uvm_test_top.env.o_agent.mon [OUT_MON] Timer finish
UVM_INFO UVM/env/tpu_scoreboard.sv(90) @ 497550: uvm_test_top.env.sb [SCOREBOARD] --- Comparing Row 0 ---
UVM_INFO UVM/env/tpu_scoreboard.sv(90) @ 497550: uvm_test_top.env.sb [SCOREBOARD] --- Comparing Row 1 ---
UVM_INFO UVM/env/tpu_scoreboard.sv(90) @ 497550: uvm_test_top.env.sb [SCOREBOARD] --- Comparing Row 2 ---
UVM_INFO UVM/env/tpu_scoreboard.sv(90) @ 497550: uvm_test_top.env.sb [SCOREBOARD] --- Comparing Row 3 ---
UVM_INFO UVM/env/tpu_scoreboard.sv(90) @ 497550: uvm_test_top.env.sb [SCOREBOARD] --- Comparing Row 4 ---
UVM_INFO UVM/env/tpu_scoreboard.sv(90) @ 497550: uvm_test_top.env.sb [SCOREBOARD] --- Comparing Row 5 ---
UVM_INFO UVM/env/tpu_scoreboard.sv(90) @ 497550: uvm_test_top.env.sb [SCOREBOARD] --- Comparing Row 6 ---
UVM_INFO UVM/env/tpu_scoreboard.sv(90) @ 497550: uvm_test_top.env.sb [SCOREBOARD] --- Comparing Row 7 ---
UVM_INFO UVM/env/tpu_scoreboard.sv(90) @ 497550: uvm_test_top.env.sb [SCOREBOARD] --- Comparing Row 8 ---
UVM_INFO UVM/env/tpu_scoreboard.sv(90) @ 497550: uvm_test_top.env.sb [SCOREBOARD] --- Comparing Row 9 ---
UVM_INFO UVM/env/tpu_scoreboard.sv(90) @ 497550: uvm_test_top.env.sb [SCOREBOARD] --- Comparing Row 10 ---
UVM_INFO UVM/env/tpu_scoreboard.sv(90) @ 497550: uvm_test_top.env.sb [SCOREBOARD] --- Comparing Row 11 ---
UVM_INFO UVM/env/tpu_scoreboard.sv(90) @ 497550: uvm_test_top.env.sb [SCOREBOARD] --- Comparing Row 12 ---
UVM_INFO UVM/env/tpu_scoreboard.sv(90) @ 497550: uvm_test_top.env.sb [SCOREBOARD] --- Comparing Row 13 ---
UVM_INFO UVM/env/tpu_scoreboard.sv(90) @ 497550: uvm_test_top.env.sb [SCOREBOARD] --- Comparing Row 14 ---
UVM_INFO UVM/env/tpu_scoreboard.sv(90) @ 497550: uvm_test_top.env.sb [SCOREBOARD] --- Comparing Row 15 ---
UVM_INFO UVM/env/tpu_scoreboard.sv(102) @ 497550: uvm_test_top.env.sb [SCOREBOARD] ==================================================
UVM_INFO UVM/env/tpu_scoreboard.sv(103) @ 497550: uvm_test_top.env.sb [SCOREBOARD]  [PASS] ALL 256 OUTPUTS MATCH THE GOLDEN MODEL! 
UVM_INFO UVM/env/tpu_scoreboard.sv(104) @ 497550: uvm_test_top.env.sb [SCOREBOARD] ==================================================
UVM_INFO UVM/env/tpu_scoreboard.sv(34) @ 497550: uvm_test_top.env.sb [SCOREBOARD] Waiting data from 3 monitors
UVM_INFO UVM/env/sequences/weight_sequence.sv(12) @ 499010: uvm_test_top.env.w_agent.sequencer@@w_seq [WT_SEQ] Preparing to send matrices
UVM_INFO UVM/env/agents/weight_agent/weight_driver.sv(26) @ 499010: uvm_test_top.env.w_agent.driver [WT_DRV] Starting SRAM writing phase...
UVM_INFO UVM/env/agents/weight_agent/weight_driver.sv(43) @ 504210: uvm_test_top.env.w_agent.driver [WT_DRV] Waiting for controller to finish ...
UVM_INFO UVM/env/agents/weight_agent/weight_driver.sv(58) @ 514510: uvm_test_top.env.w_agent.driver [WT_DRV] Matrix successfully loaded into PEs!
UVM_INFO UVM/env/sequences/weight_sequence.sv(19) @ 514510: uvm_test_top.env.w_agent.sequencer@@w_seq [WT_SEQ] All 3 matrices sent.
UVM_INFO UVM/env/agents/weight_agent/weight_monitor.sv(36) @ 514530: uvm_test_top.env.w_agent.monitor [WT_MON] Broadcasting matrix
UVM_INFO UVM/env/sequences/act_sequence.sv(12) @ 514610: uvm_test_top.env.a_agent.sqr@@a_seq [ACT_SEQ] Starting
UVM_INFO UVM/env/agents/act_agent/act_driver.sv(24) @ 514610: uvm_test_top.env.a_agent.drv [ACT_DRV] Starting SRAM writing phase...
UVM_INFO UVM/env/agents/act_agent/act_monitor.sv(33) @ 514990: uvm_test_top.env.a_agent.mon [ACT_MON] Broadcasting activation matrix to Scoreboard
UVM_INFO UVM/env/agents/out_agent/out_monitor.sv(31) @ 514990: uvm_test_top.env.o_agent.mon [OUT_MON] Execution started
UVM_INFO UVM/env/agents/act_agent/act_driver.sv(40) @ 514990: uvm_test_top.env.a_agent.drv [ACT_DRV] Activations loaded and start_exec pulsed!
UVM_INFO UVM/env/tpu_scoreboard.sv(40) @ 514990: uvm_test_top.env.sb [SCOREBOARD] Data received
UVM_INFO UVM/env/sequences/act_sequence.sv(19) @ 514990: uvm_test_top.env.a_agent.sqr@@a_seq [ACT_SEQ] All done
UVM_INFO UVM/env/agents/out_agent/out_monitor.sv(34) @ 515410: uvm_test_top.env.o_agent.mon [OUT_MON] Timer finish
UVM_INFO UVM/env/tpu_scoreboard.sv(90) @ 516030: uvm_test_top.env.sb [SCOREBOARD] --- Comparing Row 0 ---
UVM_INFO UVM/env/tpu_scoreboard.sv(90) @ 516030: uvm_test_top.env.sb [SCOREBOARD] --- Comparing Row 1 ---
UVM_INFO UVM/env/tpu_scoreboard.sv(90) @ 516030: uvm_test_top.env.sb [SCOREBOARD] --- Comparing Row 2 ---
UVM_INFO UVM/env/tpu_scoreboard.sv(90) @ 516030: uvm_test_top.env.sb [SCOREBOARD] --- Comparing Row 3 ---
UVM_INFO UVM/env/tpu_scoreboard.sv(90) @ 516030: uvm_test_top.env.sb [SCOREBOARD] --- Comparing Row 4 ---
UVM_INFO UVM/env/tpu_scoreboard.sv(90) @ 516030: uvm_test_top.env.sb [SCOREBOARD] --- Comparing Row 5 ---
UVM_INFO UVM/env/tpu_scoreboard.sv(90) @ 516030: uvm_test_top.env.sb [SCOREBOARD] --- Comparing Row 6 ---
UVM_INFO UVM/env/tpu_scoreboard.sv(90) @ 516030: uvm_test_top.env.sb [SCOREBOARD] --- Comparing Row 7 ---
UVM_INFO UVM/env/tpu_scoreboard.sv(90) @ 516030: uvm_test_top.env.sb [SCOREBOARD] --- Comparing Row 8 ---
UVM_INFO UVM/env/tpu_scoreboard.sv(90) @ 516030: uvm_test_top.env.sb [SCOREBOARD] --- Comparing Row 9 ---
UVM_INFO UVM/env/tpu_scoreboard.sv(90) @ 516030: uvm_test_top.env.sb [SCOREBOARD] --- Comparing Row 10 ---
UVM_INFO UVM/env/tpu_scoreboard.sv(90) @ 516030: uvm_test_top.env.sb [SCOREBOARD] --- Comparing Row 11 ---
UVM_INFO UVM/env/tpu_scoreboard.sv(90) @ 516030: uvm_test_top.env.sb [SCOREBOARD] --- Comparing Row 12 ---
UVM_INFO UVM/env/tpu_scoreboard.sv(90) @ 516030: uvm_test_top.env.sb [SCOREBOARD] --- Comparing Row 13 ---
UVM_INFO UVM/env/tpu_scoreboard.sv(90) @ 516030: uvm_test_top.env.sb [SCOREBOARD] --- Comparing Row 14 ---
UVM_INFO UVM/env/tpu_scoreboard.sv(90) @ 516030: uvm_test_top.env.sb [SCOREBOARD] --- Comparing Row 15 ---
UVM_INFO UVM/env/tpu_scoreboard.sv(102) @ 516030: uvm_test_top.env.sb [SCOREBOARD] ==================================================
UVM_INFO UVM/env/tpu_scoreboard.sv(103) @ 516030: uvm_test_top.env.sb [SCOREBOARD]  [PASS] ALL 256 OUTPUTS MATCH THE GOLDEN MODEL! 
UVM_INFO UVM/env/tpu_scoreboard.sv(104) @ 516030: uvm_test_top.env.sb [SCOREBOARD] ==================================================
UVM_INFO UVM/env/tpu_scoreboard.sv(34) @ 516030: uvm_test_top.env.sb [SCOREBOARD] Waiting data from 3 monitors
UVM_INFO UVM/env/sequences/weight_sequence.sv(12) @ 517490: uvm_test_top.env.w_agent.sequencer@@w_seq [WT_SEQ] Preparing to send matrices
UVM_INFO UVM/env/agents/weight_agent/weight_driver.sv(26) @ 517490: uvm_test_top.env.w_agent.driver [WT_DRV] Starting SRAM writing phase...
UVM_INFO UVM/env/agents/weight_agent/weight_driver.sv(43) @ 522690: uvm_test_top.env.w_agent.driver [WT_DRV] Waiting for controller to finish ...
UVM_INFO UVM/env/agents/weight_agent/weight_driver.sv(58) @ 532990: uvm_test_top.env.w_agent.driver [WT_DRV] Matrix successfully loaded into PEs!
UVM_INFO UVM/env/sequences/weight_sequence.sv(19) @ 532990: uvm_test_top.env.w_agent.sequencer@@w_seq [WT_SEQ] All 3 matrices sent.
UVM_INFO UVM/env/agents/weight_agent/weight_monitor.sv(36) @ 533010: uvm_test_top.env.w_agent.monitor [WT_MON] Broadcasting matrix
UVM_INFO UVM/env/sequences/act_sequence.sv(12) @ 533090: uvm_test_top.env.a_agent.sqr@@a_seq [ACT_SEQ] Starting
UVM_INFO UVM/env/agents/act_agent/act_driver.sv(24) @ 533090: uvm_test_top.env.a_agent.drv [ACT_DRV] Starting SRAM writing phase...
UVM_INFO UVM/env/agents/act_agent/act_monitor.sv(33) @ 533470: uvm_test_top.env.a_agent.mon [ACT_MON] Broadcasting activation matrix to Scoreboard
UVM_INFO UVM/env/agents/out_agent/out_monitor.sv(31) @ 533470: uvm_test_top.env.o_agent.mon [OUT_MON] Execution started
UVM_INFO UVM/env/agents/act_agent/act_driver.sv(40) @ 533470: uvm_test_top.env.a_agent.drv [ACT_DRV] Activations loaded and start_exec pulsed!
UVM_INFO UVM/env/tpu_scoreboard.sv(40) @ 533470: uvm_test_top.env.sb [SCOREBOARD] Data received
UVM_INFO UVM/env/sequences/act_sequence.sv(19) @ 533470: uvm_test_top.env.a_agent.sqr@@a_seq [ACT_SEQ] All done
UVM_INFO UVM/env/agents/out_agent/out_monitor.sv(34) @ 533890: uvm_test_top.env.o_agent.mon [OUT_MON] Timer finish
UVM_INFO UVM/env/tpu_scoreboard.sv(90) @ 534510: uvm_test_top.env.sb [SCOREBOARD] --- Comparing Row 0 ---
UVM_INFO UVM/env/tpu_scoreboard.sv(90) @ 534510: uvm_test_top.env.sb [SCOREBOARD] --- Comparing Row 1 ---
UVM_INFO UVM/env/tpu_scoreboard.sv(90) @ 534510: uvm_test_top.env.sb [SCOREBOARD] --- Comparing Row 2 ---
UVM_INFO UVM/env/tpu_scoreboard.sv(90) @ 534510: uvm_test_top.env.sb [SCOREBOARD] --- Comparing Row 3 ---
UVM_INFO UVM/env/tpu_scoreboard.sv(90) @ 534510: uvm_test_top.env.sb [SCOREBOARD] --- Comparing Row 4 ---
UVM_INFO UVM/env/tpu_scoreboard.sv(90) @ 534510: uvm_test_top.env.sb [SCOREBOARD] --- Comparing Row 5 ---
UVM_INFO UVM/env/tpu_scoreboard.sv(90) @ 534510: uvm_test_top.env.sb [SCOREBOARD] --- Comparing Row 6 ---
UVM_INFO UVM/env/tpu_scoreboard.sv(90) @ 534510: uvm_test_top.env.sb [SCOREBOARD] --- Comparing Row 7 ---
UVM_INFO UVM/env/tpu_scoreboard.sv(90) @ 534510: uvm_test_top.env.sb [SCOREBOARD] --- Comparing Row 8 ---
UVM_INFO UVM/env/tpu_scoreboard.sv(90) @ 534510: uvm_test_top.env.sb [SCOREBOARD] --- Comparing Row 9 ---
UVM_INFO UVM/env/tpu_scoreboard.sv(90) @ 534510: uvm_test_top.env.sb [SCOREBOARD] --- Comparing Row 10 ---
UVM_INFO UVM/env/tpu_scoreboard.sv(90) @ 534510: uvm_test_top.env.sb [SCOREBOARD] --- Comparing Row 11 ---
UVM_INFO UVM/env/tpu_scoreboard.sv(90) @ 534510: uvm_test_top.env.sb [SCOREBOARD] --- Comparing Row 12 ---
UVM_INFO UVM/env/tpu_scoreboard.sv(90) @ 534510: uvm_test_top.env.sb [SCOREBOARD] --- Comparing Row 13 ---
UVM_INFO UVM/env/tpu_scoreboard.sv(90) @ 534510: uvm_test_top.env.sb [SCOREBOARD] --- Comparing Row 14 ---
UVM_INFO UVM/env/tpu_scoreboard.sv(90) @ 534510: uvm_test_top.env.sb [SCOREBOARD] --- Comparing Row 15 ---
UVM_INFO UVM/env/tpu_scoreboard.sv(102) @ 534510: uvm_test_top.env.sb [SCOREBOARD] ==================================================
UVM_INFO UVM/env/tpu_scoreboard.sv(103) @ 534510: uvm_test_top.env.sb [SCOREBOARD]  [PASS] ALL 256 OUTPUTS MATCH THE GOLDEN MODEL! 
UVM_INFO UVM/env/tpu_scoreboard.sv(104) @ 534510: uvm_test_top.env.sb [SCOREBOARD] ==================================================
UVM_INFO UVM/env/tpu_scoreboard.sv(34) @ 534510: uvm_test_top.env.sb [SCOREBOARD] Waiting data from 3 monitors
UVM_INFO UVM/env/sequences/weight_sequence.sv(12) @ 535970: uvm_test_top.env.w_agent.sequencer@@w_seq [WT_SEQ] Preparing to send matrices
UVM_INFO UVM/env/agents/weight_agent/weight_driver.sv(26) @ 535970: uvm_test_top.env.w_agent.driver [WT_DRV] Starting SRAM writing phase...
UVM_INFO UVM/env/agents/weight_agent/weight_driver.sv(43) @ 541170: uvm_test_top.env.w_agent.driver [WT_DRV] Waiting for controller to finish ...
UVM_INFO UVM/env/agents/weight_agent/weight_driver.sv(58) @ 551470: uvm_test_top.env.w_agent.driver [WT_DRV] Matrix successfully loaded into PEs!
UVM_INFO UVM/env/sequences/weight_sequence.sv(19) @ 551470: uvm_test_top.env.w_agent.sequencer@@w_seq [WT_SEQ] All 3 matrices sent.
UVM_INFO UVM/env/agents/weight_agent/weight_monitor.sv(36) @ 551490: uvm_test_top.env.w_agent.monitor [WT_MON] Broadcasting matrix
UVM_INFO UVM/env/sequences/act_sequence.sv(12) @ 551570: uvm_test_top.env.a_agent.sqr@@a_seq [ACT_SEQ] Starting
UVM_INFO UVM/env/agents/act_agent/act_driver.sv(24) @ 551570: uvm_test_top.env.a_agent.drv [ACT_DRV] Starting SRAM writing phase...
UVM_INFO UVM/env/agents/act_agent/act_monitor.sv(33) @ 551950: uvm_test_top.env.a_agent.mon [ACT_MON] Broadcasting activation matrix to Scoreboard
UVM_INFO UVM/env/agents/out_agent/out_monitor.sv(31) @ 551950: uvm_test_top.env.o_agent.mon [OUT_MON] Execution started
UVM_INFO UVM/env/agents/act_agent/act_driver.sv(40) @ 551950: uvm_test_top.env.a_agent.drv [ACT_DRV] Activations loaded and start_exec pulsed!
UVM_INFO UVM/env/tpu_scoreboard.sv(40) @ 551950: uvm_test_top.env.sb [SCOREBOARD] Data received
UVM_INFO UVM/env/sequences/act_sequence.sv(19) @ 551950: uvm_test_top.env.a_agent.sqr@@a_seq [ACT_SEQ] All done
UVM_INFO UVM/env/agents/out_agent/out_monitor.sv(34) @ 552370: uvm_test_top.env.o_agent.mon [OUT_MON] Timer finish
UVM_INFO UVM/env/tpu_scoreboard.sv(90) @ 552990: uvm_test_top.env.sb [SCOREBOARD] --- Comparing Row 0 ---
UVM_INFO UVM/env/tpu_scoreboard.sv(90) @ 552990: uvm_test_top.env.sb [SCOREBOARD] --- Comparing Row 1 ---
UVM_INFO UVM/env/tpu_scoreboard.sv(90) @ 552990: uvm_test_top.env.sb [SCOREBOARD] --- Comparing Row 2 ---
UVM_INFO UVM/env/tpu_scoreboard.sv(90) @ 552990: uvm_test_top.env.sb [SCOREBOARD] --- Comparing Row 3 ---
UVM_INFO UVM/env/tpu_scoreboard.sv(90) @ 552990: uvm_test_top.env.sb [SCOREBOARD] --- Comparing Row 4 ---
UVM_INFO UVM/env/tpu_scoreboard.sv(90) @ 552990: uvm_test_top.env.sb [SCOREBOARD] --- Comparing Row 5 ---
UVM_INFO UVM/env/tpu_scoreboard.sv(90) @ 552990: uvm_test_top.env.sb [SCOREBOARD] --- Comparing Row 6 ---
UVM_INFO UVM/env/tpu_scoreboard.sv(90) @ 552990: uvm_test_top.env.sb [SCOREBOARD] --- Comparing Row 7 ---
UVM_INFO UVM/env/tpu_scoreboard.sv(90) @ 552990: uvm_test_top.env.sb [SCOREBOARD] --- Comparing Row 8 ---
UVM_INFO UVM/env/tpu_scoreboard.sv(90) @ 552990: uvm_test_top.env.sb [SCOREBOARD] --- Comparing Row 9 ---
UVM_INFO UVM/env/tpu_scoreboard.sv(90) @ 552990: uvm_test_top.env.sb [SCOREBOARD] --- Comparing Row 10 ---
UVM_INFO UVM/env/tpu_scoreboard.sv(90) @ 552990: uvm_test_top.env.sb [SCOREBOARD] --- Comparing Row 11 ---
UVM_INFO UVM/env/tpu_scoreboard.sv(90) @ 552990: uvm_test_top.env.sb [SCOREBOARD] --- Comparing Row 12 ---
UVM_INFO UVM/env/tpu_scoreboard.sv(90) @ 552990: uvm_test_top.env.sb [SCOREBOARD] --- Comparing Row 13 ---
UVM_INFO UVM/env/tpu_scoreboard.sv(90) @ 552990: uvm_test_top.env.sb [SCOREBOARD] --- Comparing Row 14 ---
UVM_INFO UVM/env/tpu_scoreboard.sv(90) @ 552990: uvm_test_top.env.sb [SCOREBOARD] --- Comparing Row 15 ---
UVM_INFO UVM/env/tpu_scoreboard.sv(102) @ 552990: uvm_test_top.env.sb [SCOREBOARD] ==================================================
UVM_INFO UVM/env/tpu_scoreboard.sv(103) @ 552990: uvm_test_top.env.sb [SCOREBOARD]  [PASS] ALL 256 OUTPUTS MATCH THE GOLDEN MODEL! 
UVM_INFO UVM/env/tpu_scoreboard.sv(104) @ 552990: uvm_test_top.env.sb [SCOREBOARD] ==================================================
UVM_INFO UVM/env/tpu_scoreboard.sv(34) @ 552990: uvm_test_top.env.sb [SCOREBOARD] Waiting data from 3 monitors
UVM_INFO UVM/env/sequences/weight_sequence.sv(12) @ 554450: uvm_test_top.env.w_agent.sequencer@@w_seq [WT_SEQ] Preparing to send matrices
UVM_INFO UVM/env/agents/weight_agent/weight_driver.sv(26) @ 554450: uvm_test_top.env.w_agent.driver [WT_DRV] Starting SRAM writing phase...
UVM_INFO UVM/env/agents/weight_agent/weight_driver.sv(43) @ 559650: uvm_test_top.env.w_agent.driver [WT_DRV] Waiting for controller to finish ...
UVM_INFO UVM/env/agents/weight_agent/weight_driver.sv(58) @ 569950: uvm_test_top.env.w_agent.driver [WT_DRV] Matrix successfully loaded into PEs!
UVM_INFO UVM/env/sequences/weight_sequence.sv(19) @ 569950: uvm_test_top.env.w_agent.sequencer@@w_seq [WT_SEQ] All 3 matrices sent.
UVM_INFO UVM/env/agents/weight_agent/weight_monitor.sv(36) @ 569970: uvm_test_top.env.w_agent.monitor [WT_MON] Broadcasting matrix
UVM_INFO UVM/env/sequences/act_sequence.sv(12) @ 570050: uvm_test_top.env.a_agent.sqr@@a_seq [ACT_SEQ] Starting
UVM_INFO UVM/env/agents/act_agent/act_driver.sv(24) @ 570050: uvm_test_top.env.a_agent.drv [ACT_DRV] Starting SRAM writing phase...
UVM_INFO UVM/env/agents/act_agent/act_monitor.sv(33) @ 570430: uvm_test_top.env.a_agent.mon [ACT_MON] Broadcasting activation matrix to Scoreboard
UVM_INFO UVM/env/agents/out_agent/out_monitor.sv(31) @ 570430: uvm_test_top.env.o_agent.mon [OUT_MON] Execution started
UVM_INFO UVM/env/agents/act_agent/act_driver.sv(40) @ 570430: uvm_test_top.env.a_agent.drv [ACT_DRV] Activations loaded and start_exec pulsed!
UVM_INFO UVM/env/tpu_scoreboard.sv(40) @ 570430: uvm_test_top.env.sb [SCOREBOARD] Data received
UVM_INFO UVM/env/sequences/act_sequence.sv(19) @ 570430: uvm_test_top.env.a_agent.sqr@@a_seq [ACT_SEQ] All done
UVM_INFO UVM/env/agents/out_agent/out_monitor.sv(34) @ 570850: uvm_test_top.env.o_agent.mon [OUT_MON] Timer finish
UVM_INFO UVM/env/tpu_scoreboard.sv(90) @ 571470: uvm_test_top.env.sb [SCOREBOARD] --- Comparing Row 0 ---
UVM_INFO UVM/env/tpu_scoreboard.sv(90) @ 571470: uvm_test_top.env.sb [SCOREBOARD] --- Comparing Row 1 ---
UVM_INFO UVM/env/tpu_scoreboard.sv(90) @ 571470: uvm_test_top.env.sb [SCOREBOARD] --- Comparing Row 2 ---
UVM_INFO UVM/env/tpu_scoreboard.sv(90) @ 571470: uvm_test_top.env.sb [SCOREBOARD] --- Comparing Row 3 ---
UVM_INFO UVM/env/tpu_scoreboard.sv(90) @ 571470: uvm_test_top.env.sb [SCOREBOARD] --- Comparing Row 4 ---
UVM_INFO UVM/env/tpu_scoreboard.sv(90) @ 571470: uvm_test_top.env.sb [SCOREBOARD] --- Comparing Row 5 ---
UVM_INFO UVM/env/tpu_scoreboard.sv(90) @ 571470: uvm_test_top.env.sb [SCOREBOARD] --- Comparing Row 6 ---
UVM_INFO UVM/env/tpu_scoreboard.sv(90) @ 571470: uvm_test_top.env.sb [SCOREBOARD] --- Comparing Row 7 ---
UVM_INFO UVM/env/tpu_scoreboard.sv(90) @ 571470: uvm_test_top.env.sb [SCOREBOARD] --- Comparing Row 8 ---
UVM_INFO UVM/env/tpu_scoreboard.sv(90) @ 571470: uvm_test_top.env.sb [SCOREBOARD] --- Comparing Row 9 ---
UVM_INFO UVM/env/tpu_scoreboard.sv(90) @ 571470: uvm_test_top.env.sb [SCOREBOARD] --- Comparing Row 10 ---
UVM_INFO UVM/env/tpu_scoreboard.sv(90) @ 571470: uvm_test_top.env.sb [SCOREBOARD] --- Comparing Row 11 ---
UVM_INFO UVM/env/tpu_scoreboard.sv(90) @ 571470: uvm_test_top.env.sb [SCOREBOARD] --- Comparing Row 12 ---
UVM_INFO UVM/env/tpu_scoreboard.sv(90) @ 571470: uvm_test_top.env.sb [SCOREBOARD] --- Comparing Row 13 ---
UVM_INFO UVM/env/tpu_scoreboard.sv(90) @ 571470: uvm_test_top.env.sb [SCOREBOARD] --- Comparing Row 14 ---
UVM_INFO UVM/env/tpu_scoreboard.sv(90) @ 571470: uvm_test_top.env.sb [SCOREBOARD] --- Comparing Row 15 ---
UVM_INFO UVM/env/tpu_scoreboard.sv(102) @ 571470: uvm_test_top.env.sb [SCOREBOARD] ==================================================
UVM_INFO UVM/env/tpu_scoreboard.sv(103) @ 571470: uvm_test_top.env.sb [SCOREBOARD]  [PASS] ALL 256 OUTPUTS MATCH THE GOLDEN MODEL! 
UVM_INFO UVM/env/tpu_scoreboard.sv(104) @ 571470: uvm_test_top.env.sb [SCOREBOARD] ==================================================
UVM_INFO UVM/env/tpu_scoreboard.sv(34) @ 571470: uvm_test_top.env.sb [SCOREBOARD] Waiting data from 3 monitors
UVM_INFO UVM/env/sequences/weight_sequence.sv(12) @ 572930: uvm_test_top.env.w_agent.sequencer@@w_seq [WT_SEQ] Preparing to send matrices
UVM_INFO UVM/env/agents/weight_agent/weight_driver.sv(26) @ 572930: uvm_test_top.env.w_agent.driver [WT_DRV] Starting SRAM writing phase...
UVM_INFO UVM/env/agents/weight_agent/weight_driver.sv(43) @ 578130: uvm_test_top.env.w_agent.driver [WT_DRV] Waiting for controller to finish ...
UVM_INFO UVM/env/agents/weight_agent/weight_driver.sv(58) @ 588430: uvm_test_top.env.w_agent.driver [WT_DRV] Matrix successfully loaded into PEs!
UVM_INFO UVM/env/sequences/weight_sequence.sv(19) @ 588430: uvm_test_top.env.w_agent.sequencer@@w_seq [WT_SEQ] All 3 matrices sent.
UVM_INFO UVM/env/agents/weight_agent/weight_monitor.sv(36) @ 588450: uvm_test_top.env.w_agent.monitor [WT_MON] Broadcasting matrix
UVM_INFO UVM/env/sequences/act_sequence.sv(12) @ 588530: uvm_test_top.env.a_agent.sqr@@a_seq [ACT_SEQ] Starting
UVM_INFO UVM/env/agents/act_agent/act_driver.sv(24) @ 588530: uvm_test_top.env.a_agent.drv [ACT_DRV] Starting SRAM writing phase...
UVM_INFO UVM/env/agents/act_agent/act_monitor.sv(33) @ 588910: uvm_test_top.env.a_agent.mon [ACT_MON] Broadcasting activation matrix to Scoreboard
UVM_INFO UVM/env/agents/out_agent/out_monitor.sv(31) @ 588910: uvm_test_top.env.o_agent.mon [OUT_MON] Execution started
UVM_INFO UVM/env/agents/act_agent/act_driver.sv(40) @ 588910: uvm_test_top.env.a_agent.drv [ACT_DRV] Activations loaded and start_exec pulsed!
UVM_INFO UVM/env/tpu_scoreboard.sv(40) @ 588910: uvm_test_top.env.sb [SCOREBOARD] Data received
UVM_INFO UVM/env/sequences/act_sequence.sv(19) @ 588910: uvm_test_top.env.a_agent.sqr@@a_seq [ACT_SEQ] All done
UVM_INFO UVM/env/agents/out_agent/out_monitor.sv(34) @ 589330: uvm_test_top.env.o_agent.mon [OUT_MON] Timer finish
UVM_INFO UVM/env/tpu_scoreboard.sv(90) @ 589950: uvm_test_top.env.sb [SCOREBOARD] --- Comparing Row 0 ---
UVM_INFO UVM/env/tpu_scoreboard.sv(90) @ 589950: uvm_test_top.env.sb [SCOREBOARD] --- Comparing Row 1 ---
UVM_INFO UVM/env/tpu_scoreboard.sv(90) @ 589950: uvm_test_top.env.sb [SCOREBOARD] --- Comparing Row 2 ---
UVM_INFO UVM/env/tpu_scoreboard.sv(90) @ 589950: uvm_test_top.env.sb [SCOREBOARD] --- Comparing Row 3 ---
UVM_INFO UVM/env/tpu_scoreboard.sv(90) @ 589950: uvm_test_top.env.sb [SCOREBOARD] --- Comparing Row 4 ---
UVM_INFO UVM/env/tpu_scoreboard.sv(90) @ 589950: uvm_test_top.env.sb [SCOREBOARD] --- Comparing Row 5 ---
UVM_INFO UVM/env/tpu_scoreboard.sv(90) @ 589950: uvm_test_top.env.sb [SCOREBOARD] --- Comparing Row 6 ---
UVM_INFO UVM/env/tpu_scoreboard.sv(90) @ 589950: uvm_test_top.env.sb [SCOREBOARD] --- Comparing Row 7 ---
UVM_INFO UVM/env/tpu_scoreboard.sv(90) @ 589950: uvm_test_top.env.sb [SCOREBOARD] --- Comparing Row 8 ---
UVM_INFO UVM/env/tpu_scoreboard.sv(90) @ 589950: uvm_test_top.env.sb [SCOREBOARD] --- Comparing Row 9 ---
UVM_INFO UVM/env/tpu_scoreboard.sv(90) @ 589950: uvm_test_top.env.sb [SCOREBOARD] --- Comparing Row 10 ---
UVM_INFO UVM/env/tpu_scoreboard.sv(90) @ 589950: uvm_test_top.env.sb [SCOREBOARD] --- Comparing Row 11 ---
UVM_INFO UVM/env/tpu_scoreboard.sv(90) @ 589950: uvm_test_top.env.sb [SCOREBOARD] --- Comparing Row 12 ---
UVM_INFO UVM/env/tpu_scoreboard.sv(90) @ 589950: uvm_test_top.env.sb [SCOREBOARD] --- Comparing Row 13 ---
UVM_INFO UVM/env/tpu_scoreboard.sv(90) @ 589950: uvm_test_top.env.sb [SCOREBOARD] --- Comparing Row 14 ---
UVM_INFO UVM/env/tpu_scoreboard.sv(90) @ 589950: uvm_test_top.env.sb [SCOREBOARD] --- Comparing Row 15 ---
UVM_INFO UVM/env/tpu_scoreboard.sv(102) @ 589950: uvm_test_top.env.sb [SCOREBOARD] ==================================================
UVM_INFO UVM/env/tpu_scoreboard.sv(103) @ 589950: uvm_test_top.env.sb [SCOREBOARD]  [PASS] ALL 256 OUTPUTS MATCH THE GOLDEN MODEL! 
UVM_INFO UVM/env/tpu_scoreboard.sv(104) @ 589950: uvm_test_top.env.sb [SCOREBOARD] ==================================================
UVM_INFO UVM/env/tpu_scoreboard.sv(34) @ 589950: uvm_test_top.env.sb [SCOREBOARD] Waiting data from 3 monitors
UVM_INFO UVM/env/sequences/weight_sequence.sv(12) @ 591410: uvm_test_top.env.w_agent.sequencer@@w_seq [WT_SEQ] Preparing to send matrices
UVM_INFO UVM/env/agents/weight_agent/weight_driver.sv(26) @ 591410: uvm_test_top.env.w_agent.driver [WT_DRV] Starting SRAM writing phase...
UVM_INFO UVM/env/agents/weight_agent/weight_driver.sv(43) @ 596610: uvm_test_top.env.w_agent.driver [WT_DRV] Waiting for controller to finish ...
UVM_INFO UVM/env/agents/weight_agent/weight_driver.sv(58) @ 606910: uvm_test_top.env.w_agent.driver [WT_DRV] Matrix successfully loaded into PEs!
UVM_INFO UVM/env/sequences/weight_sequence.sv(19) @ 606910: uvm_test_top.env.w_agent.sequencer@@w_seq [WT_SEQ] All 3 matrices sent.
UVM_INFO UVM/env/agents/weight_agent/weight_monitor.sv(36) @ 606930: uvm_test_top.env.w_agent.monitor [WT_MON] Broadcasting matrix
UVM_INFO UVM/env/sequences/act_sequence.sv(12) @ 607010: uvm_test_top.env.a_agent.sqr@@a_seq [ACT_SEQ] Starting
UVM_INFO UVM/env/agents/act_agent/act_driver.sv(24) @ 607010: uvm_test_top.env.a_agent.drv [ACT_DRV] Starting SRAM writing phase...
UVM_INFO UVM/env/agents/act_agent/act_monitor.sv(33) @ 607390: uvm_test_top.env.a_agent.mon [ACT_MON] Broadcasting activation matrix to Scoreboard
UVM_INFO UVM/env/agents/out_agent/out_monitor.sv(31) @ 607390: uvm_test_top.env.o_agent.mon [OUT_MON] Execution started
UVM_INFO UVM/env/agents/act_agent/act_driver.sv(40) @ 607390: uvm_test_top.env.a_agent.drv [ACT_DRV] Activations loaded and start_exec pulsed!
UVM_INFO UVM/env/tpu_scoreboard.sv(40) @ 607390: uvm_test_top.env.sb [SCOREBOARD] Data received
UVM_INFO UVM/env/sequences/act_sequence.sv(19) @ 607390: uvm_test_top.env.a_agent.sqr@@a_seq [ACT_SEQ] All done
UVM_INFO UVM/env/agents/out_agent/out_monitor.sv(34) @ 607810: uvm_test_top.env.o_agent.mon [OUT_MON] Timer finish
UVM_INFO UVM/env/tpu_scoreboard.sv(90) @ 608430: uvm_test_top.env.sb [SCOREBOARD] --- Comparing Row 0 ---
UVM_INFO UVM/env/tpu_scoreboard.sv(90) @ 608430: uvm_test_top.env.sb [SCOREBOARD] --- Comparing Row 1 ---
UVM_INFO UVM/env/tpu_scoreboard.sv(90) @ 608430: uvm_test_top.env.sb [SCOREBOARD] --- Comparing Row 2 ---
UVM_INFO UVM/env/tpu_scoreboard.sv(90) @ 608430: uvm_test_top.env.sb [SCOREBOARD] --- Comparing Row 3 ---
UVM_INFO UVM/env/tpu_scoreboard.sv(90) @ 608430: uvm_test_top.env.sb [SCOREBOARD] --- Comparing Row 4 ---
UVM_INFO UVM/env/tpu_scoreboard.sv(90) @ 608430: uvm_test_top.env.sb [SCOREBOARD] --- Comparing Row 5 ---
UVM_INFO UVM/env/tpu_scoreboard.sv(90) @ 608430: uvm_test_top.env.sb [SCOREBOARD] --- Comparing Row 6 ---
UVM_INFO UVM/env/tpu_scoreboard.sv(90) @ 608430: uvm_test_top.env.sb [SCOREBOARD] --- Comparing Row 7 ---
UVM_INFO UVM/env/tpu_scoreboard.sv(90) @ 608430: uvm_test_top.env.sb [SCOREBOARD] --- Comparing Row 8 ---
UVM_INFO UVM/env/tpu_scoreboard.sv(90) @ 608430: uvm_test_top.env.sb [SCOREBOARD] --- Comparing Row 9 ---
UVM_INFO UVM/env/tpu_scoreboard.sv(90) @ 608430: uvm_test_top.env.sb [SCOREBOARD] --- Comparing Row 10 ---
UVM_INFO UVM/env/tpu_scoreboard.sv(90) @ 608430: uvm_test_top.env.sb [SCOREBOARD] --- Comparing Row 11 ---
UVM_INFO UVM/env/tpu_scoreboard.sv(90) @ 608430: uvm_test_top.env.sb [SCOREBOARD] --- Comparing Row 12 ---
UVM_INFO UVM/env/tpu_scoreboard.sv(90) @ 608430: uvm_test_top.env.sb [SCOREBOARD] --- Comparing Row 13 ---
UVM_INFO UVM/env/tpu_scoreboard.sv(90) @ 608430: uvm_test_top.env.sb [SCOREBOARD] --- Comparing Row 14 ---
UVM_INFO UVM/env/tpu_scoreboard.sv(90) @ 608430: uvm_test_top.env.sb [SCOREBOARD] --- Comparing Row 15 ---
UVM_INFO UVM/env/tpu_scoreboard.sv(102) @ 608430: uvm_test_top.env.sb [SCOREBOARD] ==================================================
UVM_INFO UVM/env/tpu_scoreboard.sv(103) @ 608430: uvm_test_top.env.sb [SCOREBOARD]  [PASS] ALL 256 OUTPUTS MATCH THE GOLDEN MODEL! 
UVM_INFO UVM/env/tpu_scoreboard.sv(104) @ 608430: uvm_test_top.env.sb [SCOREBOARD] ==================================================
UVM_INFO UVM/env/tpu_scoreboard.sv(34) @ 608430: uvm_test_top.env.sb [SCOREBOARD] Waiting data from 3 monitors
UVM_INFO UVM/env/sequences/weight_sequence.sv(12) @ 609890: uvm_test_top.env.w_agent.sequencer@@w_seq [WT_SEQ] Preparing to send matrices
UVM_INFO UVM/env/agents/weight_agent/weight_driver.sv(26) @ 609890: uvm_test_top.env.w_agent.driver [WT_DRV] Starting SRAM writing phase...
UVM_INFO UVM/env/agents/weight_agent/weight_driver.sv(43) @ 615090: uvm_test_top.env.w_agent.driver [WT_DRV] Waiting for controller to finish ...
UVM_INFO UVM/env/agents/weight_agent/weight_driver.sv(58) @ 625390: uvm_test_top.env.w_agent.driver [WT_DRV] Matrix successfully loaded into PEs!
UVM_INFO UVM/env/sequences/weight_sequence.sv(19) @ 625390: uvm_test_top.env.w_agent.sequencer@@w_seq [WT_SEQ] All 3 matrices sent.
UVM_INFO UVM/env/agents/weight_agent/weight_monitor.sv(36) @ 625410: uvm_test_top.env.w_agent.monitor [WT_MON] Broadcasting matrix
UVM_INFO UVM/env/sequences/act_sequence.sv(12) @ 625490: uvm_test_top.env.a_agent.sqr@@a_seq [ACT_SEQ] Starting
UVM_INFO UVM/env/agents/act_agent/act_driver.sv(24) @ 625490: uvm_test_top.env.a_agent.drv [ACT_DRV] Starting SRAM writing phase...
UVM_INFO UVM/env/agents/act_agent/act_monitor.sv(33) @ 625870: uvm_test_top.env.a_agent.mon [ACT_MON] Broadcasting activation matrix to Scoreboard
UVM_INFO UVM/env/agents/out_agent/out_monitor.sv(31) @ 625870: uvm_test_top.env.o_agent.mon [OUT_MON] Execution started
UVM_INFO UVM/env/agents/act_agent/act_driver.sv(40) @ 625870: uvm_test_top.env.a_agent.drv [ACT_DRV] Activations loaded and start_exec pulsed!
UVM_INFO UVM/env/tpu_scoreboard.sv(40) @ 625870: uvm_test_top.env.sb [SCOREBOARD] Data received
UVM_INFO UVM/env/sequences/act_sequence.sv(19) @ 625870: uvm_test_top.env.a_agent.sqr@@a_seq [ACT_SEQ] All done
UVM_INFO UVM/env/agents/out_agent/out_monitor.sv(34) @ 626290: uvm_test_top.env.o_agent.mon [OUT_MON] Timer finish
UVM_INFO UVM/env/tpu_scoreboard.sv(90) @ 626910: uvm_test_top.env.sb [SCOREBOARD] --- Comparing Row 0 ---
UVM_INFO UVM/env/tpu_scoreboard.sv(90) @ 626910: uvm_test_top.env.sb [SCOREBOARD] --- Comparing Row 1 ---
UVM_INFO UVM/env/tpu_scoreboard.sv(90) @ 626910: uvm_test_top.env.sb [SCOREBOARD] --- Comparing Row 2 ---
UVM_INFO UVM/env/tpu_scoreboard.sv(90) @ 626910: uvm_test_top.env.sb [SCOREBOARD] --- Comparing Row 3 ---
UVM_INFO UVM/env/tpu_scoreboard.sv(90) @ 626910: uvm_test_top.env.sb [SCOREBOARD] --- Comparing Row 4 ---
UVM_INFO UVM/env/tpu_scoreboard.sv(90) @ 626910: uvm_test_top.env.sb [SCOREBOARD] --- Comparing Row 5 ---
UVM_INFO UVM/env/tpu_scoreboard.sv(90) @ 626910: uvm_test_top.env.sb [SCOREBOARD] --- Comparing Row 6 ---
UVM_INFO UVM/env/tpu_scoreboard.sv(90) @ 626910: uvm_test_top.env.sb [SCOREBOARD] --- Comparing Row 7 ---
UVM_INFO UVM/env/tpu_scoreboard.sv(90) @ 626910: uvm_test_top.env.sb [SCOREBOARD] --- Comparing Row 8 ---
UVM_INFO UVM/env/tpu_scoreboard.sv(90) @ 626910: uvm_test_top.env.sb [SCOREBOARD] --- Comparing Row 9 ---
UVM_INFO UVM/env/tpu_scoreboard.sv(90) @ 626910: uvm_test_top.env.sb [SCOREBOARD] --- Comparing Row 10 ---
UVM_INFO UVM/env/tpu_scoreboard.sv(90) @ 626910: uvm_test_top.env.sb [SCOREBOARD] --- Comparing Row 11 ---
UVM_INFO UVM/env/tpu_scoreboard.sv(90) @ 626910: uvm_test_top.env.sb [SCOREBOARD] --- Comparing Row 12 ---
UVM_INFO UVM/env/tpu_scoreboard.sv(90) @ 626910: uvm_test_top.env.sb [SCOREBOARD] --- Comparing Row 13 ---
UVM_INFO UVM/env/tpu_scoreboard.sv(90) @ 626910: uvm_test_top.env.sb [SCOREBOARD] --- Comparing Row 14 ---
UVM_INFO UVM/env/tpu_scoreboard.sv(90) @ 626910: uvm_test_top.env.sb [SCOREBOARD] --- Comparing Row 15 ---
UVM_INFO UVM/env/tpu_scoreboard.sv(102) @ 626910: uvm_test_top.env.sb [SCOREBOARD] ==================================================
UVM_INFO UVM/env/tpu_scoreboard.sv(103) @ 626910: uvm_test_top.env.sb [SCOREBOARD]  [PASS] ALL 256 OUTPUTS MATCH THE GOLDEN MODEL! 
UVM_INFO UVM/env/tpu_scoreboard.sv(104) @ 626910: uvm_test_top.env.sb [SCOREBOARD] ==================================================
UVM_INFO UVM/env/tpu_scoreboard.sv(34) @ 626910: uvm_test_top.env.sb [SCOREBOARD] Waiting data from 3 monitors
UVM_INFO UVM/env/sequences/weight_sequence.sv(12) @ 628370: uvm_test_top.env.w_agent.sequencer@@w_seq [WT_SEQ] Preparing to send matrices
UVM_INFO UVM/env/agents/weight_agent/weight_driver.sv(26) @ 628370: uvm_test_top.env.w_agent.driver [WT_DRV] Starting SRAM writing phase...
UVM_INFO UVM/env/agents/weight_agent/weight_driver.sv(43) @ 633570: uvm_test_top.env.w_agent.driver [WT_DRV] Waiting for controller to finish ...
UVM_INFO UVM/env/agents/weight_agent/weight_driver.sv(58) @ 643870: uvm_test_top.env.w_agent.driver [WT_DRV] Matrix successfully loaded into PEs!
UVM_INFO UVM/env/sequences/weight_sequence.sv(19) @ 643870: uvm_test_top.env.w_agent.sequencer@@w_seq [WT_SEQ] All 3 matrices sent.
UVM_INFO UVM/env/agents/weight_agent/weight_monitor.sv(36) @ 643890: uvm_test_top.env.w_agent.monitor [WT_MON] Broadcasting matrix
UVM_INFO UVM/env/sequences/act_sequence.sv(12) @ 643970: uvm_test_top.env.a_agent.sqr@@a_seq [ACT_SEQ] Starting
UVM_INFO UVM/env/agents/act_agent/act_driver.sv(24) @ 643970: uvm_test_top.env.a_agent.drv [ACT_DRV] Starting SRAM writing phase...
UVM_INFO UVM/env/agents/act_agent/act_monitor.sv(33) @ 644350: uvm_test_top.env.a_agent.mon [ACT_MON] Broadcasting activation matrix to Scoreboard
UVM_INFO UVM/env/agents/out_agent/out_monitor.sv(31) @ 644350: uvm_test_top.env.o_agent.mon [OUT_MON] Execution started
UVM_INFO UVM/env/agents/act_agent/act_driver.sv(40) @ 644350: uvm_test_top.env.a_agent.drv [ACT_DRV] Activations loaded and start_exec pulsed!
UVM_INFO UVM/env/tpu_scoreboard.sv(40) @ 644350: uvm_test_top.env.sb [SCOREBOARD] Data received
UVM_INFO UVM/env/sequences/act_sequence.sv(19) @ 644350: uvm_test_top.env.a_agent.sqr@@a_seq [ACT_SEQ] All done
UVM_INFO UVM/env/agents/out_agent/out_monitor.sv(34) @ 644770: uvm_test_top.env.o_agent.mon [OUT_MON] Timer finish
UVM_INFO UVM/env/tpu_scoreboard.sv(90) @ 645390: uvm_test_top.env.sb [SCOREBOARD] --- Comparing Row 0 ---
UVM_INFO UVM/env/tpu_scoreboard.sv(90) @ 645390: uvm_test_top.env.sb [SCOREBOARD] --- Comparing Row 1 ---
UVM_INFO UVM/env/tpu_scoreboard.sv(90) @ 645390: uvm_test_top.env.sb [SCOREBOARD] --- Comparing Row 2 ---
UVM_INFO UVM/env/tpu_scoreboard.sv(90) @ 645390: uvm_test_top.env.sb [SCOREBOARD] --- Comparing Row 3 ---
UVM_INFO UVM/env/tpu_scoreboard.sv(90) @ 645390: uvm_test_top.env.sb [SCOREBOARD] --- Comparing Row 4 ---
UVM_INFO UVM/env/tpu_scoreboard.sv(90) @ 645390: uvm_test_top.env.sb [SCOREBOARD] --- Comparing Row 5 ---
UVM_INFO UVM/env/tpu_scoreboard.sv(90) @ 645390: uvm_test_top.env.sb [SCOREBOARD] --- Comparing Row 6 ---
UVM_INFO UVM/env/tpu_scoreboard.sv(90) @ 645390: uvm_test_top.env.sb [SCOREBOARD] --- Comparing Row 7 ---
UVM_INFO UVM/env/tpu_scoreboard.sv(90) @ 645390: uvm_test_top.env.sb [SCOREBOARD] --- Comparing Row 8 ---
UVM_INFO UVM/env/tpu_scoreboard.sv(90) @ 645390: uvm_test_top.env.sb [SCOREBOARD] --- Comparing Row 9 ---
UVM_INFO UVM/env/tpu_scoreboard.sv(90) @ 645390: uvm_test_top.env.sb [SCOREBOARD] --- Comparing Row 10 ---
UVM_INFO UVM/env/tpu_scoreboard.sv(90) @ 645390: uvm_test_top.env.sb [SCOREBOARD] --- Comparing Row 11 ---
UVM_INFO UVM/env/tpu_scoreboard.sv(90) @ 645390: uvm_test_top.env.sb [SCOREBOARD] --- Comparing Row 12 ---
UVM_INFO UVM/env/tpu_scoreboard.sv(90) @ 645390: uvm_test_top.env.sb [SCOREBOARD] --- Comparing Row 13 ---
UVM_INFO UVM/env/tpu_scoreboard.sv(90) @ 645390: uvm_test_top.env.sb [SCOREBOARD] --- Comparing Row 14 ---
UVM_INFO UVM/env/tpu_scoreboard.sv(90) @ 645390: uvm_test_top.env.sb [SCOREBOARD] --- Comparing Row 15 ---
UVM_INFO UVM/env/tpu_scoreboard.sv(102) @ 645390: uvm_test_top.env.sb [SCOREBOARD] ==================================================
UVM_INFO UVM/env/tpu_scoreboard.sv(103) @ 645390: uvm_test_top.env.sb [SCOREBOARD]  [PASS] ALL 256 OUTPUTS MATCH THE GOLDEN MODEL! 
UVM_INFO UVM/env/tpu_scoreboard.sv(104) @ 645390: uvm_test_top.env.sb [SCOREBOARD] ==================================================
UVM_INFO UVM/env/tpu_scoreboard.sv(34) @ 645390: uvm_test_top.env.sb [SCOREBOARD] Waiting data from 3 monitors
UVM_INFO UVM/env/sequences/weight_sequence.sv(12) @ 646850: uvm_test_top.env.w_agent.sequencer@@w_seq [WT_SEQ] Preparing to send matrices
UVM_INFO UVM/env/agents/weight_agent/weight_driver.sv(26) @ 646850: uvm_test_top.env.w_agent.driver [WT_DRV] Starting SRAM writing phase...
UVM_INFO UVM/env/agents/weight_agent/weight_driver.sv(43) @ 652050: uvm_test_top.env.w_agent.driver [WT_DRV] Waiting for controller to finish ...
UVM_INFO UVM/env/agents/weight_agent/weight_driver.sv(58) @ 662350: uvm_test_top.env.w_agent.driver [WT_DRV] Matrix successfully loaded into PEs!
UVM_INFO UVM/env/sequences/weight_sequence.sv(19) @ 662350: uvm_test_top.env.w_agent.sequencer@@w_seq [WT_SEQ] All 3 matrices sent.
UVM_INFO UVM/env/agents/weight_agent/weight_monitor.sv(36) @ 662370: uvm_test_top.env.w_agent.monitor [WT_MON] Broadcasting matrix
UVM_INFO UVM/env/sequences/act_sequence.sv(12) @ 662450: uvm_test_top.env.a_agent.sqr@@a_seq [ACT_SEQ] Starting
UVM_INFO UVM/env/agents/act_agent/act_driver.sv(24) @ 662450: uvm_test_top.env.a_agent.drv [ACT_DRV] Starting SRAM writing phase...
UVM_INFO UVM/env/agents/act_agent/act_monitor.sv(33) @ 662830: uvm_test_top.env.a_agent.mon [ACT_MON] Broadcasting activation matrix to Scoreboard
UVM_INFO UVM/env/agents/out_agent/out_monitor.sv(31) @ 662830: uvm_test_top.env.o_agent.mon [OUT_MON] Execution started
UVM_INFO UVM/env/agents/act_agent/act_driver.sv(40) @ 662830: uvm_test_top.env.a_agent.drv [ACT_DRV] Activations loaded and start_exec pulsed!
UVM_INFO UVM/env/tpu_scoreboard.sv(40) @ 662830: uvm_test_top.env.sb [SCOREBOARD] Data received
UVM_INFO UVM/env/sequences/act_sequence.sv(19) @ 662830: uvm_test_top.env.a_agent.sqr@@a_seq [ACT_SEQ] All done
UVM_INFO UVM/env/agents/out_agent/out_monitor.sv(34) @ 663250: uvm_test_top.env.o_agent.mon [OUT_MON] Timer finish
UVM_INFO UVM/env/tpu_scoreboard.sv(90) @ 663870: uvm_test_top.env.sb [SCOREBOARD] --- Comparing Row 0 ---
UVM_INFO UVM/env/tpu_scoreboard.sv(90) @ 663870: uvm_test_top.env.sb [SCOREBOARD] --- Comparing Row 1 ---
UVM_INFO UVM/env/tpu_scoreboard.sv(90) @ 663870: uvm_test_top.env.sb [SCOREBOARD] --- Comparing Row 2 ---
UVM_INFO UVM/env/tpu_scoreboard.sv(90) @ 663870: uvm_test_top.env.sb [SCOREBOARD] --- Comparing Row 3 ---
UVM_INFO UVM/env/tpu_scoreboard.sv(90) @ 663870: uvm_test_top.env.sb [SCOREBOARD] --- Comparing Row 4 ---
UVM_INFO UVM/env/tpu_scoreboard.sv(90) @ 663870: uvm_test_top.env.sb [SCOREBOARD] --- Comparing Row 5 ---
UVM_INFO UVM/env/tpu_scoreboard.sv(90) @ 663870: uvm_test_top.env.sb [SCOREBOARD] --- Comparing Row 6 ---
UVM_INFO UVM/env/tpu_scoreboard.sv(90) @ 663870: uvm_test_top.env.sb [SCOREBOARD] --- Comparing Row 7 ---
UVM_INFO UVM/env/tpu_scoreboard.sv(90) @ 663870: uvm_test_top.env.sb [SCOREBOARD] --- Comparing Row 8 ---
UVM_INFO UVM/env/tpu_scoreboard.sv(90) @ 663870: uvm_test_top.env.sb [SCOREBOARD] --- Comparing Row 9 ---
UVM_INFO UVM/env/tpu_scoreboard.sv(90) @ 663870: uvm_test_top.env.sb [SCOREBOARD] --- Comparing Row 10 ---
UVM_INFO UVM/env/tpu_scoreboard.sv(90) @ 663870: uvm_test_top.env.sb [SCOREBOARD] --- Comparing Row 11 ---
UVM_INFO UVM/env/tpu_scoreboard.sv(90) @ 663870: uvm_test_top.env.sb [SCOREBOARD] --- Comparing Row 12 ---
UVM_INFO UVM/env/tpu_scoreboard.sv(90) @ 663870: uvm_test_top.env.sb [SCOREBOARD] --- Comparing Row 13 ---
UVM_INFO UVM/env/tpu_scoreboard.sv(90) @ 663870: uvm_test_top.env.sb [SCOREBOARD] --- Comparing Row 14 ---
UVM_INFO UVM/env/tpu_scoreboard.sv(90) @ 663870: uvm_test_top.env.sb [SCOREBOARD] --- Comparing Row 15 ---
UVM_INFO UVM/env/tpu_scoreboard.sv(102) @ 663870: uvm_test_top.env.sb [SCOREBOARD] ==================================================
UVM_INFO UVM/env/tpu_scoreboard.sv(103) @ 663870: uvm_test_top.env.sb [SCOREBOARD]  [PASS] ALL 256 OUTPUTS MATCH THE GOLDEN MODEL! 
UVM_INFO UVM/env/tpu_scoreboard.sv(104) @ 663870: uvm_test_top.env.sb [SCOREBOARD] ==================================================
UVM_INFO UVM/env/tpu_scoreboard.sv(34) @ 663870: uvm_test_top.env.sb [SCOREBOARD] Waiting data from 3 monitors
UVM_INFO UVM/env/sequences/weight_sequence.sv(12) @ 665330: uvm_test_top.env.w_agent.sequencer@@w_seq [WT_SEQ] Preparing to send matrices
UVM_INFO UVM/env/agents/weight_agent/weight_driver.sv(26) @ 665330: uvm_test_top.env.w_agent.driver [WT_DRV] Starting SRAM writing phase...
UVM_INFO UVM/env/agents/weight_agent/weight_driver.sv(43) @ 670530: uvm_test_top.env.w_agent.driver [WT_DRV] Waiting for controller to finish ...
UVM_INFO UVM/env/agents/weight_agent/weight_driver.sv(58) @ 680830: uvm_test_top.env.w_agent.driver [WT_DRV] Matrix successfully loaded into PEs!
UVM_INFO UVM/env/sequences/weight_sequence.sv(19) @ 680830: uvm_test_top.env.w_agent.sequencer@@w_seq [WT_SEQ] All 3 matrices sent.
UVM_INFO UVM/env/agents/weight_agent/weight_monitor.sv(36) @ 680850: uvm_test_top.env.w_agent.monitor [WT_MON] Broadcasting matrix
UVM_INFO UVM/env/sequences/act_sequence.sv(12) @ 680930: uvm_test_top.env.a_agent.sqr@@a_seq [ACT_SEQ] Starting
UVM_INFO UVM/env/agents/act_agent/act_driver.sv(24) @ 680930: uvm_test_top.env.a_agent.drv [ACT_DRV] Starting SRAM writing phase...
UVM_INFO UVM/env/agents/act_agent/act_monitor.sv(33) @ 681310: uvm_test_top.env.a_agent.mon [ACT_MON] Broadcasting activation matrix to Scoreboard
UVM_INFO UVM/env/agents/out_agent/out_monitor.sv(31) @ 681310: uvm_test_top.env.o_agent.mon [OUT_MON] Execution started
UVM_INFO UVM/env/agents/act_agent/act_driver.sv(40) @ 681310: uvm_test_top.env.a_agent.drv [ACT_DRV] Activations loaded and start_exec pulsed!
UVM_INFO UVM/env/tpu_scoreboard.sv(40) @ 681310: uvm_test_top.env.sb [SCOREBOARD] Data received
UVM_INFO UVM/env/sequences/act_sequence.sv(19) @ 681310: uvm_test_top.env.a_agent.sqr@@a_seq [ACT_SEQ] All done
UVM_INFO UVM/env/agents/out_agent/out_monitor.sv(34) @ 681730: uvm_test_top.env.o_agent.mon [OUT_MON] Timer finish
UVM_INFO UVM/env/tpu_scoreboard.sv(90) @ 682350: uvm_test_top.env.sb [SCOREBOARD] --- Comparing Row 0 ---
UVM_INFO UVM/env/tpu_scoreboard.sv(90) @ 682350: uvm_test_top.env.sb [SCOREBOARD] --- Comparing Row 1 ---
UVM_INFO UVM/env/tpu_scoreboard.sv(90) @ 682350: uvm_test_top.env.sb [SCOREBOARD] --- Comparing Row 2 ---
UVM_INFO UVM/env/tpu_scoreboard.sv(90) @ 682350: uvm_test_top.env.sb [SCOREBOARD] --- Comparing Row 3 ---
UVM_INFO UVM/env/tpu_scoreboard.sv(90) @ 682350: uvm_test_top.env.sb [SCOREBOARD] --- Comparing Row 4 ---
UVM_INFO UVM/env/tpu_scoreboard.sv(90) @ 682350: uvm_test_top.env.sb [SCOREBOARD] --- Comparing Row 5 ---
UVM_INFO UVM/env/tpu_scoreboard.sv(90) @ 682350: uvm_test_top.env.sb [SCOREBOARD] --- Comparing Row 6 ---
UVM_INFO UVM/env/tpu_scoreboard.sv(90) @ 682350: uvm_test_top.env.sb [SCOREBOARD] --- Comparing Row 7 ---
UVM_INFO UVM/env/tpu_scoreboard.sv(90) @ 682350: uvm_test_top.env.sb [SCOREBOARD] --- Comparing Row 8 ---
UVM_INFO UVM/env/tpu_scoreboard.sv(90) @ 682350: uvm_test_top.env.sb [SCOREBOARD] --- Comparing Row 9 ---
UVM_INFO UVM/env/tpu_scoreboard.sv(90) @ 682350: uvm_test_top.env.sb [SCOREBOARD] --- Comparing Row 10 ---
UVM_INFO UVM/env/tpu_scoreboard.sv(90) @ 682350: uvm_test_top.env.sb [SCOREBOARD] --- Comparing Row 11 ---
UVM_INFO UVM/env/tpu_scoreboard.sv(90) @ 682350: uvm_test_top.env.sb [SCOREBOARD] --- Comparing Row 12 ---
UVM_INFO UVM/env/tpu_scoreboard.sv(90) @ 682350: uvm_test_top.env.sb [SCOREBOARD] --- Comparing Row 13 ---
UVM_INFO UVM/env/tpu_scoreboard.sv(90) @ 682350: uvm_test_top.env.sb [SCOREBOARD] --- Comparing Row 14 ---
UVM_INFO UVM/env/tpu_scoreboard.sv(90) @ 682350: uvm_test_top.env.sb [SCOREBOARD] --- Comparing Row 15 ---
UVM_INFO UVM/env/tpu_scoreboard.sv(102) @ 682350: uvm_test_top.env.sb [SCOREBOARD] ==================================================
UVM_INFO UVM/env/tpu_scoreboard.sv(103) @ 682350: uvm_test_top.env.sb [SCOREBOARD]  [PASS] ALL 256 OUTPUTS MATCH THE GOLDEN MODEL! 
UVM_INFO UVM/env/tpu_scoreboard.sv(104) @ 682350: uvm_test_top.env.sb [SCOREBOARD] ==================================================
UVM_INFO UVM/env/tpu_scoreboard.sv(34) @ 682350: uvm_test_top.env.sb [SCOREBOARD] Waiting data from 3 monitors
UVM_INFO UVM/env/sequences/weight_sequence.sv(12) @ 683810: uvm_test_top.env.w_agent.sequencer@@w_seq [WT_SEQ] Preparing to send matrices
UVM_INFO UVM/env/agents/weight_agent/weight_driver.sv(26) @ 683810: uvm_test_top.env.w_agent.driver [WT_DRV] Starting SRAM writing phase...
UVM_INFO UVM/env/agents/weight_agent/weight_driver.sv(43) @ 689010: uvm_test_top.env.w_agent.driver [WT_DRV] Waiting for controller to finish ...
UVM_INFO UVM/env/agents/weight_agent/weight_driver.sv(58) @ 699310: uvm_test_top.env.w_agent.driver [WT_DRV] Matrix successfully loaded into PEs!
UVM_INFO UVM/env/sequences/weight_sequence.sv(19) @ 699310: uvm_test_top.env.w_agent.sequencer@@w_seq [WT_SEQ] All 3 matrices sent.
UVM_INFO UVM/env/agents/weight_agent/weight_monitor.sv(36) @ 699330: uvm_test_top.env.w_agent.monitor [WT_MON] Broadcasting matrix
UVM_INFO UVM/env/sequences/act_sequence.sv(12) @ 699410: uvm_test_top.env.a_agent.sqr@@a_seq [ACT_SEQ] Starting
UVM_INFO UVM/env/agents/act_agent/act_driver.sv(24) @ 699410: uvm_test_top.env.a_agent.drv [ACT_DRV] Starting SRAM writing phase...
UVM_INFO UVM/env/agents/act_agent/act_monitor.sv(33) @ 699790: uvm_test_top.env.a_agent.mon [ACT_MON] Broadcasting activation matrix to Scoreboard
UVM_INFO UVM/env/agents/out_agent/out_monitor.sv(31) @ 699790: uvm_test_top.env.o_agent.mon [OUT_MON] Execution started
UVM_INFO UVM/env/agents/act_agent/act_driver.sv(40) @ 699790: uvm_test_top.env.a_agent.drv [ACT_DRV] Activations loaded and start_exec pulsed!
UVM_INFO UVM/env/tpu_scoreboard.sv(40) @ 699790: uvm_test_top.env.sb [SCOREBOARD] Data received
UVM_INFO UVM/env/sequences/act_sequence.sv(19) @ 699790: uvm_test_top.env.a_agent.sqr@@a_seq [ACT_SEQ] All done
UVM_INFO UVM/env/agents/out_agent/out_monitor.sv(34) @ 700210: uvm_test_top.env.o_agent.mon [OUT_MON] Timer finish
UVM_INFO UVM/env/tpu_scoreboard.sv(90) @ 700830: uvm_test_top.env.sb [SCOREBOARD] --- Comparing Row 0 ---
UVM_INFO UVM/env/tpu_scoreboard.sv(90) @ 700830: uvm_test_top.env.sb [SCOREBOARD] --- Comparing Row 1 ---
UVM_INFO UVM/env/tpu_scoreboard.sv(90) @ 700830: uvm_test_top.env.sb [SCOREBOARD] --- Comparing Row 2 ---
UVM_INFO UVM/env/tpu_scoreboard.sv(90) @ 700830: uvm_test_top.env.sb [SCOREBOARD] --- Comparing Row 3 ---
UVM_INFO UVM/env/tpu_scoreboard.sv(90) @ 700830: uvm_test_top.env.sb [SCOREBOARD] --- Comparing Row 4 ---
UVM_INFO UVM/env/tpu_scoreboard.sv(90) @ 700830: uvm_test_top.env.sb [SCOREBOARD] --- Comparing Row 5 ---
UVM_INFO UVM/env/tpu_scoreboard.sv(90) @ 700830: uvm_test_top.env.sb [SCOREBOARD] --- Comparing Row 6 ---
UVM_INFO UVM/env/tpu_scoreboard.sv(90) @ 700830: uvm_test_top.env.sb [SCOREBOARD] --- Comparing Row 7 ---
UVM_INFO UVM/env/tpu_scoreboard.sv(90) @ 700830: uvm_test_top.env.sb [SCOREBOARD] --- Comparing Row 8 ---
UVM_INFO UVM/env/tpu_scoreboard.sv(90) @ 700830: uvm_test_top.env.sb [SCOREBOARD] --- Comparing Row 9 ---
UVM_INFO UVM/env/tpu_scoreboard.sv(90) @ 700830: uvm_test_top.env.sb [SCOREBOARD] --- Comparing Row 10 ---
UVM_INFO UVM/env/tpu_scoreboard.sv(90) @ 700830: uvm_test_top.env.sb [SCOREBOARD] --- Comparing Row 11 ---
UVM_INFO UVM/env/tpu_scoreboard.sv(90) @ 700830: uvm_test_top.env.sb [SCOREBOARD] --- Comparing Row 12 ---
UVM_INFO UVM/env/tpu_scoreboard.sv(90) @ 700830: uvm_test_top.env.sb [SCOREBOARD] --- Comparing Row 13 ---
UVM_INFO UVM/env/tpu_scoreboard.sv(90) @ 700830: uvm_test_top.env.sb [SCOREBOARD] --- Comparing Row 14 ---
UVM_INFO UVM/env/tpu_scoreboard.sv(90) @ 700830: uvm_test_top.env.sb [SCOREBOARD] --- Comparing Row 15 ---
UVM_INFO UVM/env/tpu_scoreboard.sv(102) @ 700830: uvm_test_top.env.sb [SCOREBOARD] ==================================================
UVM_INFO UVM/env/tpu_scoreboard.sv(103) @ 700830: uvm_test_top.env.sb [SCOREBOARD]  [PASS] ALL 256 OUTPUTS MATCH THE GOLDEN MODEL! 
UVM_INFO UVM/env/tpu_scoreboard.sv(104) @ 700830: uvm_test_top.env.sb [SCOREBOARD] ==================================================
UVM_INFO UVM/env/tpu_scoreboard.sv(34) @ 700830: uvm_test_top.env.sb [SCOREBOARD] Waiting data from 3 monitors
UVM_INFO UVM/env/sequences/weight_sequence.sv(12) @ 702290: uvm_test_top.env.w_agent.sequencer@@w_seq [WT_SEQ] Preparing to send matrices
UVM_INFO UVM/env/agents/weight_agent/weight_driver.sv(26) @ 702290: uvm_test_top.env.w_agent.driver [WT_DRV] Starting SRAM writing phase...
UVM_INFO UVM/env/agents/weight_agent/weight_driver.sv(43) @ 707490: uvm_test_top.env.w_agent.driver [WT_DRV] Waiting for controller to finish ...
UVM_INFO UVM/env/agents/weight_agent/weight_driver.sv(58) @ 717790: uvm_test_top.env.w_agent.driver [WT_DRV] Matrix successfully loaded into PEs!
UVM_INFO UVM/env/sequences/weight_sequence.sv(19) @ 717790: uvm_test_top.env.w_agent.sequencer@@w_seq [WT_SEQ] All 3 matrices sent.
UVM_INFO UVM/env/agents/weight_agent/weight_monitor.sv(36) @ 717810: uvm_test_top.env.w_agent.monitor [WT_MON] Broadcasting matrix
UVM_INFO UVM/env/sequences/act_sequence.sv(12) @ 717890: uvm_test_top.env.a_agent.sqr@@a_seq [ACT_SEQ] Starting
UVM_INFO UVM/env/agents/act_agent/act_driver.sv(24) @ 717890: uvm_test_top.env.a_agent.drv [ACT_DRV] Starting SRAM writing phase...
UVM_INFO UVM/env/agents/act_agent/act_monitor.sv(33) @ 718270: uvm_test_top.env.a_agent.mon [ACT_MON] Broadcasting activation matrix to Scoreboard
UVM_INFO UVM/env/agents/out_agent/out_monitor.sv(31) @ 718270: uvm_test_top.env.o_agent.mon [OUT_MON] Execution started
UVM_INFO UVM/env/agents/act_agent/act_driver.sv(40) @ 718270: uvm_test_top.env.a_agent.drv [ACT_DRV] Activations loaded and start_exec pulsed!
UVM_INFO UVM/env/tpu_scoreboard.sv(40) @ 718270: uvm_test_top.env.sb [SCOREBOARD] Data received
UVM_INFO UVM/env/sequences/act_sequence.sv(19) @ 718270: uvm_test_top.env.a_agent.sqr@@a_seq [ACT_SEQ] All done
UVM_INFO UVM/env/agents/out_agent/out_monitor.sv(34) @ 718690: uvm_test_top.env.o_agent.mon [OUT_MON] Timer finish
UVM_INFO UVM/env/tpu_scoreboard.sv(90) @ 719310: uvm_test_top.env.sb [SCOREBOARD] --- Comparing Row 0 ---
UVM_INFO UVM/env/tpu_scoreboard.sv(90) @ 719310: uvm_test_top.env.sb [SCOREBOARD] --- Comparing Row 1 ---
UVM_INFO UVM/env/tpu_scoreboard.sv(90) @ 719310: uvm_test_top.env.sb [SCOREBOARD] --- Comparing Row 2 ---
UVM_INFO UVM/env/tpu_scoreboard.sv(90) @ 719310: uvm_test_top.env.sb [SCOREBOARD] --- Comparing Row 3 ---
UVM_INFO UVM/env/tpu_scoreboard.sv(90) @ 719310: uvm_test_top.env.sb [SCOREBOARD] --- Comparing Row 4 ---
UVM_INFO UVM/env/tpu_scoreboard.sv(90) @ 719310: uvm_test_top.env.sb [SCOREBOARD] --- Comparing Row 5 ---
UVM_INFO UVM/env/tpu_scoreboard.sv(90) @ 719310: uvm_test_top.env.sb [SCOREBOARD] --- Comparing Row 6 ---
UVM_INFO UVM/env/tpu_scoreboard.sv(90) @ 719310: uvm_test_top.env.sb [SCOREBOARD] --- Comparing Row 7 ---
UVM_INFO UVM/env/tpu_scoreboard.sv(90) @ 719310: uvm_test_top.env.sb [SCOREBOARD] --- Comparing Row 8 ---
UVM_INFO UVM/env/tpu_scoreboard.sv(90) @ 719310: uvm_test_top.env.sb [SCOREBOARD] --- Comparing Row 9 ---
UVM_INFO UVM/env/tpu_scoreboard.sv(90) @ 719310: uvm_test_top.env.sb [SCOREBOARD] --- Comparing Row 10 ---
UVM_INFO UVM/env/tpu_scoreboard.sv(90) @ 719310: uvm_test_top.env.sb [SCOREBOARD] --- Comparing Row 11 ---
UVM_INFO UVM/env/tpu_scoreboard.sv(90) @ 719310: uvm_test_top.env.sb [SCOREBOARD] --- Comparing Row 12 ---
UVM_INFO UVM/env/tpu_scoreboard.sv(90) @ 719310: uvm_test_top.env.sb [SCOREBOARD] --- Comparing Row 13 ---
UVM_INFO UVM/env/tpu_scoreboard.sv(90) @ 719310: uvm_test_top.env.sb [SCOREBOARD] --- Comparing Row 14 ---
UVM_INFO UVM/env/tpu_scoreboard.sv(90) @ 719310: uvm_test_top.env.sb [SCOREBOARD] --- Comparing Row 15 ---
UVM_INFO UVM/env/tpu_scoreboard.sv(102) @ 719310: uvm_test_top.env.sb [SCOREBOARD] ==================================================
UVM_INFO UVM/env/tpu_scoreboard.sv(103) @ 719310: uvm_test_top.env.sb [SCOREBOARD]  [PASS] ALL 256 OUTPUTS MATCH THE GOLDEN MODEL! 
UVM_INFO UVM/env/tpu_scoreboard.sv(104) @ 719310: uvm_test_top.env.sb [SCOREBOARD] ==================================================
UVM_INFO UVM/env/tpu_scoreboard.sv(34) @ 719310: uvm_test_top.env.sb [SCOREBOARD] Waiting data from 3 monitors
UVM_INFO UVM/env/sequences/weight_sequence.sv(12) @ 720770: uvm_test_top.env.w_agent.sequencer@@w_seq [WT_SEQ] Preparing to send matrices
UVM_INFO UVM/env/agents/weight_agent/weight_driver.sv(26) @ 720770: uvm_test_top.env.w_agent.driver [WT_DRV] Starting SRAM writing phase...
UVM_INFO UVM/env/agents/weight_agent/weight_driver.sv(43) @ 725970: uvm_test_top.env.w_agent.driver [WT_DRV] Waiting for controller to finish ...
UVM_INFO UVM/env/agents/weight_agent/weight_driver.sv(58) @ 736270: uvm_test_top.env.w_agent.driver [WT_DRV] Matrix successfully loaded into PEs!
UVM_INFO UVM/env/sequences/weight_sequence.sv(19) @ 736270: uvm_test_top.env.w_agent.sequencer@@w_seq [WT_SEQ] All 3 matrices sent.
UVM_INFO UVM/env/agents/weight_agent/weight_monitor.sv(36) @ 736290: uvm_test_top.env.w_agent.monitor [WT_MON] Broadcasting matrix
UVM_INFO UVM/env/sequences/act_sequence.sv(12) @ 736370: uvm_test_top.env.a_agent.sqr@@a_seq [ACT_SEQ] Starting
UVM_INFO UVM/env/agents/act_agent/act_driver.sv(24) @ 736370: uvm_test_top.env.a_agent.drv [ACT_DRV] Starting SRAM writing phase...
UVM_INFO UVM/env/agents/act_agent/act_monitor.sv(33) @ 736750: uvm_test_top.env.a_agent.mon [ACT_MON] Broadcasting activation matrix to Scoreboard
UVM_INFO UVM/env/agents/out_agent/out_monitor.sv(31) @ 736750: uvm_test_top.env.o_agent.mon [OUT_MON] Execution started
UVM_INFO UVM/env/agents/act_agent/act_driver.sv(40) @ 736750: uvm_test_top.env.a_agent.drv [ACT_DRV] Activations loaded and start_exec pulsed!
UVM_INFO UVM/env/tpu_scoreboard.sv(40) @ 736750: uvm_test_top.env.sb [SCOREBOARD] Data received
UVM_INFO UVM/env/sequences/act_sequence.sv(19) @ 736750: uvm_test_top.env.a_agent.sqr@@a_seq [ACT_SEQ] All done
UVM_INFO UVM/env/agents/out_agent/out_monitor.sv(34) @ 737170: uvm_test_top.env.o_agent.mon [OUT_MON] Timer finish
UVM_INFO UVM/env/tpu_scoreboard.sv(90) @ 737790: uvm_test_top.env.sb [SCOREBOARD] --- Comparing Row 0 ---
UVM_INFO UVM/env/tpu_scoreboard.sv(90) @ 737790: uvm_test_top.env.sb [SCOREBOARD] --- Comparing Row 1 ---
UVM_INFO UVM/env/tpu_scoreboard.sv(90) @ 737790: uvm_test_top.env.sb [SCOREBOARD] --- Comparing Row 2 ---
UVM_INFO UVM/env/tpu_scoreboard.sv(90) @ 737790: uvm_test_top.env.sb [SCOREBOARD] --- Comparing Row 3 ---
UVM_INFO UVM/env/tpu_scoreboard.sv(90) @ 737790: uvm_test_top.env.sb [SCOREBOARD] --- Comparing Row 4 ---
UVM_INFO UVM/env/tpu_scoreboard.sv(90) @ 737790: uvm_test_top.env.sb [SCOREBOARD] --- Comparing Row 5 ---
UVM_INFO UVM/env/tpu_scoreboard.sv(90) @ 737790: uvm_test_top.env.sb [SCOREBOARD] --- Comparing Row 6 ---
UVM_INFO UVM/env/tpu_scoreboard.sv(90) @ 737790: uvm_test_top.env.sb [SCOREBOARD] --- Comparing Row 7 ---
UVM_INFO UVM/env/tpu_scoreboard.sv(90) @ 737790: uvm_test_top.env.sb [SCOREBOARD] --- Comparing Row 8 ---
UVM_INFO UVM/env/tpu_scoreboard.sv(90) @ 737790: uvm_test_top.env.sb [SCOREBOARD] --- Comparing Row 9 ---
UVM_INFO UVM/env/tpu_scoreboard.sv(90) @ 737790: uvm_test_top.env.sb [SCOREBOARD] --- Comparing Row 10 ---
UVM_INFO UVM/env/tpu_scoreboard.sv(90) @ 737790: uvm_test_top.env.sb [SCOREBOARD] --- Comparing Row 11 ---
UVM_INFO UVM/env/tpu_scoreboard.sv(90) @ 737790: uvm_test_top.env.sb [SCOREBOARD] --- Comparing Row 12 ---
UVM_INFO UVM/env/tpu_scoreboard.sv(90) @ 737790: uvm_test_top.env.sb [SCOREBOARD] --- Comparing Row 13 ---
UVM_INFO UVM/env/tpu_scoreboard.sv(90) @ 737790: uvm_test_top.env.sb [SCOREBOARD] --- Comparing Row 14 ---
UVM_INFO UVM/env/tpu_scoreboard.sv(90) @ 737790: uvm_test_top.env.sb [SCOREBOARD] --- Comparing Row 15 ---
UVM_INFO UVM/env/tpu_scoreboard.sv(102) @ 737790: uvm_test_top.env.sb [SCOREBOARD] ==================================================
UVM_INFO UVM/env/tpu_scoreboard.sv(103) @ 737790: uvm_test_top.env.sb [SCOREBOARD]  [PASS] ALL 256 OUTPUTS MATCH THE GOLDEN MODEL! 
UVM_INFO UVM/env/tpu_scoreboard.sv(104) @ 737790: uvm_test_top.env.sb [SCOREBOARD] ==================================================
UVM_INFO UVM/env/tpu_scoreboard.sv(34) @ 737790: uvm_test_top.env.sb [SCOREBOARD] Waiting data from 3 monitors
UVM_INFO UVM/env/sequences/weight_sequence.sv(12) @ 739250: uvm_test_top.env.w_agent.sequencer@@w_seq [WT_SEQ] Preparing to send matrices
UVM_INFO UVM/env/agents/weight_agent/weight_driver.sv(26) @ 739250: uvm_test_top.env.w_agent.driver [WT_DRV] Starting SRAM writing phase...
UVM_INFO UVM/env/agents/weight_agent/weight_driver.sv(43) @ 744450: uvm_test_top.env.w_agent.driver [WT_DRV] Waiting for controller to finish ...
UVM_INFO UVM/env/agents/weight_agent/weight_driver.sv(58) @ 754750: uvm_test_top.env.w_agent.driver [WT_DRV] Matrix successfully loaded into PEs!
UVM_INFO UVM/env/sequences/weight_sequence.sv(19) @ 754750: uvm_test_top.env.w_agent.sequencer@@w_seq [WT_SEQ] All 3 matrices sent.
UVM_INFO UVM/env/agents/weight_agent/weight_monitor.sv(36) @ 754770: uvm_test_top.env.w_agent.monitor [WT_MON] Broadcasting matrix
UVM_INFO UVM/env/sequences/act_sequence.sv(12) @ 754850: uvm_test_top.env.a_agent.sqr@@a_seq [ACT_SEQ] Starting
UVM_INFO UVM/env/agents/act_agent/act_driver.sv(24) @ 754850: uvm_test_top.env.a_agent.drv [ACT_DRV] Starting SRAM writing phase...
UVM_INFO UVM/env/agents/act_agent/act_monitor.sv(33) @ 755230: uvm_test_top.env.a_agent.mon [ACT_MON] Broadcasting activation matrix to Scoreboard
UVM_INFO UVM/env/agents/out_agent/out_monitor.sv(31) @ 755230: uvm_test_top.env.o_agent.mon [OUT_MON] Execution started
UVM_INFO UVM/env/agents/act_agent/act_driver.sv(40) @ 755230: uvm_test_top.env.a_agent.drv [ACT_DRV] Activations loaded and start_exec pulsed!
UVM_INFO UVM/env/tpu_scoreboard.sv(40) @ 755230: uvm_test_top.env.sb [SCOREBOARD] Data received
UVM_INFO UVM/env/sequences/act_sequence.sv(19) @ 755230: uvm_test_top.env.a_agent.sqr@@a_seq [ACT_SEQ] All done
UVM_INFO UVM/env/agents/out_agent/out_monitor.sv(34) @ 755650: uvm_test_top.env.o_agent.mon [OUT_MON] Timer finish
UVM_INFO UVM/env/tpu_scoreboard.sv(90) @ 756270: uvm_test_top.env.sb [SCOREBOARD] --- Comparing Row 0 ---
UVM_INFO UVM/env/tpu_scoreboard.sv(90) @ 756270: uvm_test_top.env.sb [SCOREBOARD] --- Comparing Row 1 ---
UVM_INFO UVM/env/tpu_scoreboard.sv(90) @ 756270: uvm_test_top.env.sb [SCOREBOARD] --- Comparing Row 2 ---
UVM_INFO UVM/env/tpu_scoreboard.sv(90) @ 756270: uvm_test_top.env.sb [SCOREBOARD] --- Comparing Row 3 ---
UVM_INFO UVM/env/tpu_scoreboard.sv(90) @ 756270: uvm_test_top.env.sb [SCOREBOARD] --- Comparing Row 4 ---
UVM_INFO UVM/env/tpu_scoreboard.sv(90) @ 756270: uvm_test_top.env.sb [SCOREBOARD] --- Comparing Row 5 ---
UVM_INFO UVM/env/tpu_scoreboard.sv(90) @ 756270: uvm_test_top.env.sb [SCOREBOARD] --- Comparing Row 6 ---
UVM_INFO UVM/env/tpu_scoreboard.sv(90) @ 756270: uvm_test_top.env.sb [SCOREBOARD] --- Comparing Row 7 ---
UVM_INFO UVM/env/tpu_scoreboard.sv(90) @ 756270: uvm_test_top.env.sb [SCOREBOARD] --- Comparing Row 8 ---
UVM_INFO UVM/env/tpu_scoreboard.sv(90) @ 756270: uvm_test_top.env.sb [SCOREBOARD] --- Comparing Row 9 ---
UVM_INFO UVM/env/tpu_scoreboard.sv(90) @ 756270: uvm_test_top.env.sb [SCOREBOARD] --- Comparing Row 10 ---
UVM_INFO UVM/env/tpu_scoreboard.sv(90) @ 756270: uvm_test_top.env.sb [SCOREBOARD] --- Comparing Row 11 ---
UVM_INFO UVM/env/tpu_scoreboard.sv(90) @ 756270: uvm_test_top.env.sb [SCOREBOARD] --- Comparing Row 12 ---
UVM_INFO UVM/env/tpu_scoreboard.sv(90) @ 756270: uvm_test_top.env.sb [SCOREBOARD] --- Comparing Row 13 ---
UVM_INFO UVM/env/tpu_scoreboard.sv(90) @ 756270: uvm_test_top.env.sb [SCOREBOARD] --- Comparing Row 14 ---
UVM_INFO UVM/env/tpu_scoreboard.sv(90) @ 756270: uvm_test_top.env.sb [SCOREBOARD] --- Comparing Row 15 ---
UVM_INFO UVM/env/tpu_scoreboard.sv(102) @ 756270: uvm_test_top.env.sb [SCOREBOARD] ==================================================
UVM_INFO UVM/env/tpu_scoreboard.sv(103) @ 756270: uvm_test_top.env.sb [SCOREBOARD]  [PASS] ALL 256 OUTPUTS MATCH THE GOLDEN MODEL! 
UVM_INFO UVM/env/tpu_scoreboard.sv(104) @ 756270: uvm_test_top.env.sb [SCOREBOARD] ==================================================
UVM_INFO UVM/env/tpu_scoreboard.sv(34) @ 756270: uvm_test_top.env.sb [SCOREBOARD] Waiting data from 3 monitors
UVM_INFO UVM/env/sequences/weight_sequence.sv(12) @ 757730: uvm_test_top.env.w_agent.sequencer@@w_seq [WT_SEQ] Preparing to send matrices
UVM_INFO UVM/env/agents/weight_agent/weight_driver.sv(26) @ 757730: uvm_test_top.env.w_agent.driver [WT_DRV] Starting SRAM writing phase...
UVM_INFO UVM/env/agents/weight_agent/weight_driver.sv(43) @ 762930: uvm_test_top.env.w_agent.driver [WT_DRV] Waiting for controller to finish ...
UVM_INFO UVM/env/agents/weight_agent/weight_driver.sv(58) @ 773230: uvm_test_top.env.w_agent.driver [WT_DRV] Matrix successfully loaded into PEs!
UVM_INFO UVM/env/sequences/weight_sequence.sv(19) @ 773230: uvm_test_top.env.w_agent.sequencer@@w_seq [WT_SEQ] All 3 matrices sent.
UVM_INFO UVM/env/agents/weight_agent/weight_monitor.sv(36) @ 773250: uvm_test_top.env.w_agent.monitor [WT_MON] Broadcasting matrix
UVM_INFO UVM/env/sequences/act_sequence.sv(12) @ 773330: uvm_test_top.env.a_agent.sqr@@a_seq [ACT_SEQ] Starting
UVM_INFO UVM/env/agents/act_agent/act_driver.sv(24) @ 773330: uvm_test_top.env.a_agent.drv [ACT_DRV] Starting SRAM writing phase...
UVM_INFO UVM/env/agents/act_agent/act_monitor.sv(33) @ 773710: uvm_test_top.env.a_agent.mon [ACT_MON] Broadcasting activation matrix to Scoreboard
UVM_INFO UVM/env/agents/out_agent/out_monitor.sv(31) @ 773710: uvm_test_top.env.o_agent.mon [OUT_MON] Execution started
UVM_INFO UVM/env/agents/act_agent/act_driver.sv(40) @ 773710: uvm_test_top.env.a_agent.drv [ACT_DRV] Activations loaded and start_exec pulsed!
UVM_INFO UVM/env/tpu_scoreboard.sv(40) @ 773710: uvm_test_top.env.sb [SCOREBOARD] Data received
UVM_INFO UVM/env/sequences/act_sequence.sv(19) @ 773710: uvm_test_top.env.a_agent.sqr@@a_seq [ACT_SEQ] All done
UVM_INFO UVM/env/agents/out_agent/out_monitor.sv(34) @ 774130: uvm_test_top.env.o_agent.mon [OUT_MON] Timer finish
UVM_INFO UVM/env/tpu_scoreboard.sv(90) @ 774750: uvm_test_top.env.sb [SCOREBOARD] --- Comparing Row 0 ---
UVM_INFO UVM/env/tpu_scoreboard.sv(90) @ 774750: uvm_test_top.env.sb [SCOREBOARD] --- Comparing Row 1 ---
UVM_INFO UVM/env/tpu_scoreboard.sv(90) @ 774750: uvm_test_top.env.sb [SCOREBOARD] --- Comparing Row 2 ---
UVM_INFO UVM/env/tpu_scoreboard.sv(90) @ 774750: uvm_test_top.env.sb [SCOREBOARD] --- Comparing Row 3 ---
UVM_INFO UVM/env/tpu_scoreboard.sv(90) @ 774750: uvm_test_top.env.sb [SCOREBOARD] --- Comparing Row 4 ---
UVM_INFO UVM/env/tpu_scoreboard.sv(90) @ 774750: uvm_test_top.env.sb [SCOREBOARD] --- Comparing Row 5 ---
UVM_INFO UVM/env/tpu_scoreboard.sv(90) @ 774750: uvm_test_top.env.sb [SCOREBOARD] --- Comparing Row 6 ---
UVM_INFO UVM/env/tpu_scoreboard.sv(90) @ 774750: uvm_test_top.env.sb [SCOREBOARD] --- Comparing Row 7 ---
UVM_INFO UVM/env/tpu_scoreboard.sv(90) @ 774750: uvm_test_top.env.sb [SCOREBOARD] --- Comparing Row 8 ---
UVM_INFO UVM/env/tpu_scoreboard.sv(90) @ 774750: uvm_test_top.env.sb [SCOREBOARD] --- Comparing Row 9 ---
UVM_INFO UVM/env/tpu_scoreboard.sv(90) @ 774750: uvm_test_top.env.sb [SCOREBOARD] --- Comparing Row 10 ---
UVM_INFO UVM/env/tpu_scoreboard.sv(90) @ 774750: uvm_test_top.env.sb [SCOREBOARD] --- Comparing Row 11 ---
UVM_INFO UVM/env/tpu_scoreboard.sv(90) @ 774750: uvm_test_top.env.sb [SCOREBOARD] --- Comparing Row 12 ---
UVM_INFO UVM/env/tpu_scoreboard.sv(90) @ 774750: uvm_test_top.env.sb [SCOREBOARD] --- Comparing Row 13 ---
UVM_INFO UVM/env/tpu_scoreboard.sv(90) @ 774750: uvm_test_top.env.sb [SCOREBOARD] --- Comparing Row 14 ---
UVM_INFO UVM/env/tpu_scoreboard.sv(90) @ 774750: uvm_test_top.env.sb [SCOREBOARD] --- Comparing Row 15 ---
UVM_INFO UVM/env/tpu_scoreboard.sv(102) @ 774750: uvm_test_top.env.sb [SCOREBOARD] ==================================================
UVM_INFO UVM/env/tpu_scoreboard.sv(103) @ 774750: uvm_test_top.env.sb [SCOREBOARD]  [PASS] ALL 256 OUTPUTS MATCH THE GOLDEN MODEL! 
UVM_INFO UVM/env/tpu_scoreboard.sv(104) @ 774750: uvm_test_top.env.sb [SCOREBOARD] ==================================================
UVM_INFO UVM/env/tpu_scoreboard.sv(34) @ 774750: uvm_test_top.env.sb [SCOREBOARD] Waiting data from 3 monitors
UVM_INFO UVM/env/sequences/weight_sequence.sv(12) @ 776210: uvm_test_top.env.w_agent.sequencer@@w_seq [WT_SEQ] Preparing to send matrices
UVM_INFO UVM/env/agents/weight_agent/weight_driver.sv(26) @ 776210: uvm_test_top.env.w_agent.driver [WT_DRV] Starting SRAM writing phase...
UVM_INFO UVM/env/agents/weight_agent/weight_driver.sv(43) @ 781410: uvm_test_top.env.w_agent.driver [WT_DRV] Waiting for controller to finish ...
UVM_INFO UVM/env/agents/weight_agent/weight_driver.sv(58) @ 791710: uvm_test_top.env.w_agent.driver [WT_DRV] Matrix successfully loaded into PEs!
UVM_INFO UVM/env/sequences/weight_sequence.sv(19) @ 791710: uvm_test_top.env.w_agent.sequencer@@w_seq [WT_SEQ] All 3 matrices sent.
UVM_INFO UVM/env/agents/weight_agent/weight_monitor.sv(36) @ 791730: uvm_test_top.env.w_agent.monitor [WT_MON] Broadcasting matrix
UVM_INFO UVM/env/sequences/act_sequence.sv(12) @ 791810: uvm_test_top.env.a_agent.sqr@@a_seq [ACT_SEQ] Starting
UVM_INFO UVM/env/agents/act_agent/act_driver.sv(24) @ 791810: uvm_test_top.env.a_agent.drv [ACT_DRV] Starting SRAM writing phase...
UVM_INFO UVM/env/agents/act_agent/act_monitor.sv(33) @ 792190: uvm_test_top.env.a_agent.mon [ACT_MON] Broadcasting activation matrix to Scoreboard
UVM_INFO UVM/env/agents/out_agent/out_monitor.sv(31) @ 792190: uvm_test_top.env.o_agent.mon [OUT_MON] Execution started
UVM_INFO UVM/env/agents/act_agent/act_driver.sv(40) @ 792190: uvm_test_top.env.a_agent.drv [ACT_DRV] Activations loaded and start_exec pulsed!
UVM_INFO UVM/env/tpu_scoreboard.sv(40) @ 792190: uvm_test_top.env.sb [SCOREBOARD] Data received
UVM_INFO UVM/env/sequences/act_sequence.sv(19) @ 792190: uvm_test_top.env.a_agent.sqr@@a_seq [ACT_SEQ] All done
UVM_INFO UVM/env/agents/out_agent/out_monitor.sv(34) @ 792610: uvm_test_top.env.o_agent.mon [OUT_MON] Timer finish
UVM_INFO UVM/env/tpu_scoreboard.sv(90) @ 793230: uvm_test_top.env.sb [SCOREBOARD] --- Comparing Row 0 ---
UVM_INFO UVM/env/tpu_scoreboard.sv(90) @ 793230: uvm_test_top.env.sb [SCOREBOARD] --- Comparing Row 1 ---
UVM_INFO UVM/env/tpu_scoreboard.sv(90) @ 793230: uvm_test_top.env.sb [SCOREBOARD] --- Comparing Row 2 ---
UVM_INFO UVM/env/tpu_scoreboard.sv(90) @ 793230: uvm_test_top.env.sb [SCOREBOARD] --- Comparing Row 3 ---
UVM_INFO UVM/env/tpu_scoreboard.sv(90) @ 793230: uvm_test_top.env.sb [SCOREBOARD] --- Comparing Row 4 ---
UVM_INFO UVM/env/tpu_scoreboard.sv(90) @ 793230: uvm_test_top.env.sb [SCOREBOARD] --- Comparing Row 5 ---
UVM_INFO UVM/env/tpu_scoreboard.sv(90) @ 793230: uvm_test_top.env.sb [SCOREBOARD] --- Comparing Row 6 ---
UVM_INFO UVM/env/tpu_scoreboard.sv(90) @ 793230: uvm_test_top.env.sb [SCOREBOARD] --- Comparing Row 7 ---
UVM_INFO UVM/env/tpu_scoreboard.sv(90) @ 793230: uvm_test_top.env.sb [SCOREBOARD] --- Comparing Row 8 ---
UVM_INFO UVM/env/tpu_scoreboard.sv(90) @ 793230: uvm_test_top.env.sb [SCOREBOARD] --- Comparing Row 9 ---
UVM_INFO UVM/env/tpu_scoreboard.sv(90) @ 793230: uvm_test_top.env.sb [SCOREBOARD] --- Comparing Row 10 ---
UVM_INFO UVM/env/tpu_scoreboard.sv(90) @ 793230: uvm_test_top.env.sb [SCOREBOARD] --- Comparing Row 11 ---
UVM_INFO UVM/env/tpu_scoreboard.sv(90) @ 793230: uvm_test_top.env.sb [SCOREBOARD] --- Comparing Row 12 ---
UVM_INFO UVM/env/tpu_scoreboard.sv(90) @ 793230: uvm_test_top.env.sb [SCOREBOARD] --- Comparing Row 13 ---
UVM_INFO UVM/env/tpu_scoreboard.sv(90) @ 793230: uvm_test_top.env.sb [SCOREBOARD] --- Comparing Row 14 ---
UVM_INFO UVM/env/tpu_scoreboard.sv(90) @ 793230: uvm_test_top.env.sb [SCOREBOARD] --- Comparing Row 15 ---
UVM_INFO UVM/env/tpu_scoreboard.sv(102) @ 793230: uvm_test_top.env.sb [SCOREBOARD] ==================================================
UVM_INFO UVM/env/tpu_scoreboard.sv(103) @ 793230: uvm_test_top.env.sb [SCOREBOARD]  [PASS] ALL 256 OUTPUTS MATCH THE GOLDEN MODEL! 
UVM_INFO UVM/env/tpu_scoreboard.sv(104) @ 793230: uvm_test_top.env.sb [SCOREBOARD] ==================================================
UVM_INFO UVM/env/tpu_scoreboard.sv(34) @ 793230: uvm_test_top.env.sb [SCOREBOARD] Waiting data from 3 monitors
UVM_INFO UVM/env/sequences/weight_sequence.sv(12) @ 794690: uvm_test_top.env.w_agent.sequencer@@w_seq [WT_SEQ] Preparing to send matrices
UVM_INFO UVM/env/agents/weight_agent/weight_driver.sv(26) @ 794690: uvm_test_top.env.w_agent.driver [WT_DRV] Starting SRAM writing phase...
UVM_INFO UVM/env/agents/weight_agent/weight_driver.sv(43) @ 799890: uvm_test_top.env.w_agent.driver [WT_DRV] Waiting for controller to finish ...
UVM_INFO UVM/env/agents/weight_agent/weight_driver.sv(58) @ 810190: uvm_test_top.env.w_agent.driver [WT_DRV] Matrix successfully loaded into PEs!
UVM_INFO UVM/env/sequences/weight_sequence.sv(19) @ 810190: uvm_test_top.env.w_agent.sequencer@@w_seq [WT_SEQ] All 3 matrices sent.
UVM_INFO UVM/env/agents/weight_agent/weight_monitor.sv(36) @ 810210: uvm_test_top.env.w_agent.monitor [WT_MON] Broadcasting matrix
UVM_INFO UVM/env/sequences/act_sequence.sv(12) @ 810290: uvm_test_top.env.a_agent.sqr@@a_seq [ACT_SEQ] Starting
UVM_INFO UVM/env/agents/act_agent/act_driver.sv(24) @ 810290: uvm_test_top.env.a_agent.drv [ACT_DRV] Starting SRAM writing phase...
UVM_INFO UVM/env/agents/act_agent/act_monitor.sv(33) @ 810670: uvm_test_top.env.a_agent.mon [ACT_MON] Broadcasting activation matrix to Scoreboard
UVM_INFO UVM/env/agents/out_agent/out_monitor.sv(31) @ 810670: uvm_test_top.env.o_agent.mon [OUT_MON] Execution started
UVM_INFO UVM/env/agents/act_agent/act_driver.sv(40) @ 810670: uvm_test_top.env.a_agent.drv [ACT_DRV] Activations loaded and start_exec pulsed!
UVM_INFO UVM/env/tpu_scoreboard.sv(40) @ 810670: uvm_test_top.env.sb [SCOREBOARD] Data received
UVM_INFO UVM/env/sequences/act_sequence.sv(19) @ 810670: uvm_test_top.env.a_agent.sqr@@a_seq [ACT_SEQ] All done
UVM_INFO UVM/env/agents/out_agent/out_monitor.sv(34) @ 811090: uvm_test_top.env.o_agent.mon [OUT_MON] Timer finish
UVM_INFO UVM/env/tpu_scoreboard.sv(90) @ 811710: uvm_test_top.env.sb [SCOREBOARD] --- Comparing Row 0 ---
UVM_INFO UVM/env/tpu_scoreboard.sv(90) @ 811710: uvm_test_top.env.sb [SCOREBOARD] --- Comparing Row 1 ---
UVM_INFO UVM/env/tpu_scoreboard.sv(90) @ 811710: uvm_test_top.env.sb [SCOREBOARD] --- Comparing Row 2 ---
UVM_INFO UVM/env/tpu_scoreboard.sv(90) @ 811710: uvm_test_top.env.sb [SCOREBOARD] --- Comparing Row 3 ---
UVM_INFO UVM/env/tpu_scoreboard.sv(90) @ 811710: uvm_test_top.env.sb [SCOREBOARD] --- Comparing Row 4 ---
UVM_INFO UVM/env/tpu_scoreboard.sv(90) @ 811710: uvm_test_top.env.sb [SCOREBOARD] --- Comparing Row 5 ---
UVM_INFO UVM/env/tpu_scoreboard.sv(90) @ 811710: uvm_test_top.env.sb [SCOREBOARD] --- Comparing Row 6 ---
UVM_INFO UVM/env/tpu_scoreboard.sv(90) @ 811710: uvm_test_top.env.sb [SCOREBOARD] --- Comparing Row 7 ---
UVM_INFO UVM/env/tpu_scoreboard.sv(90) @ 811710: uvm_test_top.env.sb [SCOREBOARD] --- Comparing Row 8 ---
UVM_INFO UVM/env/tpu_scoreboard.sv(90) @ 811710: uvm_test_top.env.sb [SCOREBOARD] --- Comparing Row 9 ---
UVM_INFO UVM/env/tpu_scoreboard.sv(90) @ 811710: uvm_test_top.env.sb [SCOREBOARD] --- Comparing Row 10 ---
UVM_INFO UVM/env/tpu_scoreboard.sv(90) @ 811710: uvm_test_top.env.sb [SCOREBOARD] --- Comparing Row 11 ---
UVM_INFO UVM/env/tpu_scoreboard.sv(90) @ 811710: uvm_test_top.env.sb [SCOREBOARD] --- Comparing Row 12 ---
UVM_INFO UVM/env/tpu_scoreboard.sv(90) @ 811710: uvm_test_top.env.sb [SCOREBOARD] --- Comparing Row 13 ---
UVM_INFO UVM/env/tpu_scoreboard.sv(90) @ 811710: uvm_test_top.env.sb [SCOREBOARD] --- Comparing Row 14 ---
UVM_INFO UVM/env/tpu_scoreboard.sv(90) @ 811710: uvm_test_top.env.sb [SCOREBOARD] --- Comparing Row 15 ---
UVM_INFO UVM/env/tpu_scoreboard.sv(102) @ 811710: uvm_test_top.env.sb [SCOREBOARD] ==================================================
UVM_INFO UVM/env/tpu_scoreboard.sv(103) @ 811710: uvm_test_top.env.sb [SCOREBOARD]  [PASS] ALL 256 OUTPUTS MATCH THE GOLDEN MODEL! 
UVM_INFO UVM/env/tpu_scoreboard.sv(104) @ 811710: uvm_test_top.env.sb [SCOREBOARD] ==================================================
UVM_INFO UVM/env/tpu_scoreboard.sv(34) @ 811710: uvm_test_top.env.sb [SCOREBOARD] Waiting data from 3 monitors
UVM_INFO UVM/env/sequences/weight_sequence.sv(12) @ 813170: uvm_test_top.env.w_agent.sequencer@@w_seq [WT_SEQ] Preparing to send matrices
UVM_INFO UVM/env/agents/weight_agent/weight_driver.sv(26) @ 813170: uvm_test_top.env.w_agent.driver [WT_DRV] Starting SRAM writing phase...
UVM_INFO UVM/env/agents/weight_agent/weight_driver.sv(43) @ 818370: uvm_test_top.env.w_agent.driver [WT_DRV] Waiting for controller to finish ...
UVM_INFO UVM/env/agents/weight_agent/weight_driver.sv(58) @ 828670: uvm_test_top.env.w_agent.driver [WT_DRV] Matrix successfully loaded into PEs!
UVM_INFO UVM/env/sequences/weight_sequence.sv(19) @ 828670: uvm_test_top.env.w_agent.sequencer@@w_seq [WT_SEQ] All 3 matrices sent.
UVM_INFO UVM/env/agents/weight_agent/weight_monitor.sv(36) @ 828690: uvm_test_top.env.w_agent.monitor [WT_MON] Broadcasting matrix
UVM_INFO UVM/env/sequences/act_sequence.sv(12) @ 828770: uvm_test_top.env.a_agent.sqr@@a_seq [ACT_SEQ] Starting
UVM_INFO UVM/env/agents/act_agent/act_driver.sv(24) @ 828770: uvm_test_top.env.a_agent.drv [ACT_DRV] Starting SRAM writing phase...
UVM_INFO UVM/env/agents/act_agent/act_monitor.sv(33) @ 829150: uvm_test_top.env.a_agent.mon [ACT_MON] Broadcasting activation matrix to Scoreboard
UVM_INFO UVM/env/agents/out_agent/out_monitor.sv(31) @ 829150: uvm_test_top.env.o_agent.mon [OUT_MON] Execution started
UVM_INFO UVM/env/agents/act_agent/act_driver.sv(40) @ 829150: uvm_test_top.env.a_agent.drv [ACT_DRV] Activations loaded and start_exec pulsed!
UVM_INFO UVM/env/tpu_scoreboard.sv(40) @ 829150: uvm_test_top.env.sb [SCOREBOARD] Data received
UVM_INFO UVM/env/sequences/act_sequence.sv(19) @ 829150: uvm_test_top.env.a_agent.sqr@@a_seq [ACT_SEQ] All done
UVM_INFO UVM/env/agents/out_agent/out_monitor.sv(34) @ 829570: uvm_test_top.env.o_agent.mon [OUT_MON] Timer finish
UVM_INFO UVM/env/tpu_scoreboard.sv(90) @ 830190: uvm_test_top.env.sb [SCOREBOARD] --- Comparing Row 0 ---
UVM_INFO UVM/env/tpu_scoreboard.sv(90) @ 830190: uvm_test_top.env.sb [SCOREBOARD] --- Comparing Row 1 ---
UVM_INFO UVM/env/tpu_scoreboard.sv(90) @ 830190: uvm_test_top.env.sb [SCOREBOARD] --- Comparing Row 2 ---
UVM_INFO UVM/env/tpu_scoreboard.sv(90) @ 830190: uvm_test_top.env.sb [SCOREBOARD] --- Comparing Row 3 ---
UVM_INFO UVM/env/tpu_scoreboard.sv(90) @ 830190: uvm_test_top.env.sb [SCOREBOARD] --- Comparing Row 4 ---
UVM_INFO UVM/env/tpu_scoreboard.sv(90) @ 830190: uvm_test_top.env.sb [SCOREBOARD] --- Comparing Row 5 ---
UVM_INFO UVM/env/tpu_scoreboard.sv(90) @ 830190: uvm_test_top.env.sb [SCOREBOARD] --- Comparing Row 6 ---
UVM_INFO UVM/env/tpu_scoreboard.sv(90) @ 830190: uvm_test_top.env.sb [SCOREBOARD] --- Comparing Row 7 ---
UVM_INFO UVM/env/tpu_scoreboard.sv(90) @ 830190: uvm_test_top.env.sb [SCOREBOARD] --- Comparing Row 8 ---
UVM_INFO UVM/env/tpu_scoreboard.sv(90) @ 830190: uvm_test_top.env.sb [SCOREBOARD] --- Comparing Row 9 ---
UVM_INFO UVM/env/tpu_scoreboard.sv(90) @ 830190: uvm_test_top.env.sb [SCOREBOARD] --- Comparing Row 10 ---
UVM_INFO UVM/env/tpu_scoreboard.sv(90) @ 830190: uvm_test_top.env.sb [SCOREBOARD] --- Comparing Row 11 ---
UVM_INFO UVM/env/tpu_scoreboard.sv(90) @ 830190: uvm_test_top.env.sb [SCOREBOARD] --- Comparing Row 12 ---
UVM_INFO UVM/env/tpu_scoreboard.sv(90) @ 830190: uvm_test_top.env.sb [SCOREBOARD] --- Comparing Row 13 ---
UVM_INFO UVM/env/tpu_scoreboard.sv(90) @ 830190: uvm_test_top.env.sb [SCOREBOARD] --- Comparing Row 14 ---
UVM_INFO UVM/env/tpu_scoreboard.sv(90) @ 830190: uvm_test_top.env.sb [SCOREBOARD] --- Comparing Row 15 ---
UVM_INFO UVM/env/tpu_scoreboard.sv(102) @ 830190: uvm_test_top.env.sb [SCOREBOARD] ==================================================
UVM_INFO UVM/env/tpu_scoreboard.sv(103) @ 830190: uvm_test_top.env.sb [SCOREBOARD]  [PASS] ALL 256 OUTPUTS MATCH THE GOLDEN MODEL! 
UVM_INFO UVM/env/tpu_scoreboard.sv(104) @ 830190: uvm_test_top.env.sb [SCOREBOARD] ==================================================
UVM_INFO UVM/env/tpu_scoreboard.sv(34) @ 830190: uvm_test_top.env.sb [SCOREBOARD] Waiting data from 3 monitors
UVM_INFO UVM/env/sequences/weight_sequence.sv(12) @ 831650: uvm_test_top.env.w_agent.sequencer@@w_seq [WT_SEQ] Preparing to send matrices
UVM_INFO UVM/env/agents/weight_agent/weight_driver.sv(26) @ 831650: uvm_test_top.env.w_agent.driver [WT_DRV] Starting SRAM writing phase...
UVM_INFO UVM/env/agents/weight_agent/weight_driver.sv(43) @ 836850: uvm_test_top.env.w_agent.driver [WT_DRV] Waiting for controller to finish ...
UVM_INFO UVM/env/agents/weight_agent/weight_driver.sv(58) @ 847150: uvm_test_top.env.w_agent.driver [WT_DRV] Matrix successfully loaded into PEs!
UVM_INFO UVM/env/sequences/weight_sequence.sv(19) @ 847150: uvm_test_top.env.w_agent.sequencer@@w_seq [WT_SEQ] All 3 matrices sent.
UVM_INFO UVM/env/agents/weight_agent/weight_monitor.sv(36) @ 847170: uvm_test_top.env.w_agent.monitor [WT_MON] Broadcasting matrix
UVM_INFO UVM/env/sequences/act_sequence.sv(12) @ 847250: uvm_test_top.env.a_agent.sqr@@a_seq [ACT_SEQ] Starting
UVM_INFO UVM/env/agents/act_agent/act_driver.sv(24) @ 847250: uvm_test_top.env.a_agent.drv [ACT_DRV] Starting SRAM writing phase...
UVM_INFO UVM/env/agents/act_agent/act_monitor.sv(33) @ 847630: uvm_test_top.env.a_agent.mon [ACT_MON] Broadcasting activation matrix to Scoreboard
UVM_INFO UVM/env/agents/out_agent/out_monitor.sv(31) @ 847630: uvm_test_top.env.o_agent.mon [OUT_MON] Execution started
UVM_INFO UVM/env/agents/act_agent/act_driver.sv(40) @ 847630: uvm_test_top.env.a_agent.drv [ACT_DRV] Activations loaded and start_exec pulsed!
UVM_INFO UVM/env/tpu_scoreboard.sv(40) @ 847630: uvm_test_top.env.sb [SCOREBOARD] Data received
UVM_INFO UVM/env/sequences/act_sequence.sv(19) @ 847630: uvm_test_top.env.a_agent.sqr@@a_seq [ACT_SEQ] All done
UVM_INFO UVM/env/agents/out_agent/out_monitor.sv(34) @ 848050: uvm_test_top.env.o_agent.mon [OUT_MON] Timer finish
UVM_INFO UVM/env/tpu_scoreboard.sv(90) @ 848670: uvm_test_top.env.sb [SCOREBOARD] --- Comparing Row 0 ---
UVM_INFO UVM/env/tpu_scoreboard.sv(90) @ 848670: uvm_test_top.env.sb [SCOREBOARD] --- Comparing Row 1 ---
UVM_INFO UVM/env/tpu_scoreboard.sv(90) @ 848670: uvm_test_top.env.sb [SCOREBOARD] --- Comparing Row 2 ---
UVM_INFO UVM/env/tpu_scoreboard.sv(90) @ 848670: uvm_test_top.env.sb [SCOREBOARD] --- Comparing Row 3 ---
UVM_INFO UVM/env/tpu_scoreboard.sv(90) @ 848670: uvm_test_top.env.sb [SCOREBOARD] --- Comparing Row 4 ---
UVM_INFO UVM/env/tpu_scoreboard.sv(90) @ 848670: uvm_test_top.env.sb [SCOREBOARD] --- Comparing Row 5 ---
UVM_INFO UVM/env/tpu_scoreboard.sv(90) @ 848670: uvm_test_top.env.sb [SCOREBOARD] --- Comparing Row 6 ---
UVM_INFO UVM/env/tpu_scoreboard.sv(90) @ 848670: uvm_test_top.env.sb [SCOREBOARD] --- Comparing Row 7 ---
UVM_INFO UVM/env/tpu_scoreboard.sv(90) @ 848670: uvm_test_top.env.sb [SCOREBOARD] --- Comparing Row 8 ---
UVM_INFO UVM/env/tpu_scoreboard.sv(90) @ 848670: uvm_test_top.env.sb [SCOREBOARD] --- Comparing Row 9 ---
UVM_INFO UVM/env/tpu_scoreboard.sv(90) @ 848670: uvm_test_top.env.sb [SCOREBOARD] --- Comparing Row 10 ---
UVM_INFO UVM/env/tpu_scoreboard.sv(90) @ 848670: uvm_test_top.env.sb [SCOREBOARD] --- Comparing Row 11 ---
UVM_INFO UVM/env/tpu_scoreboard.sv(90) @ 848670: uvm_test_top.env.sb [SCOREBOARD] --- Comparing Row 12 ---
UVM_INFO UVM/env/tpu_scoreboard.sv(90) @ 848670: uvm_test_top.env.sb [SCOREBOARD] --- Comparing Row 13 ---
UVM_INFO UVM/env/tpu_scoreboard.sv(90) @ 848670: uvm_test_top.env.sb [SCOREBOARD] --- Comparing Row 14 ---
UVM_INFO UVM/env/tpu_scoreboard.sv(90) @ 848670: uvm_test_top.env.sb [SCOREBOARD] --- Comparing Row 15 ---
UVM_INFO UVM/env/tpu_scoreboard.sv(102) @ 848670: uvm_test_top.env.sb [SCOREBOARD] ==================================================
UVM_INFO UVM/env/tpu_scoreboard.sv(103) @ 848670: uvm_test_top.env.sb [SCOREBOARD]  [PASS] ALL 256 OUTPUTS MATCH THE GOLDEN MODEL! 
UVM_INFO UVM/env/tpu_scoreboard.sv(104) @ 848670: uvm_test_top.env.sb [SCOREBOARD] ==================================================
UVM_INFO UVM/env/tpu_scoreboard.sv(34) @ 848670: uvm_test_top.env.sb [SCOREBOARD] Waiting data from 3 monitors
UVM_INFO UVM/env/sequences/weight_sequence.sv(12) @ 850130: uvm_test_top.env.w_agent.sequencer@@w_seq [WT_SEQ] Preparing to send matrices
UVM_INFO UVM/env/agents/weight_agent/weight_driver.sv(26) @ 850130: uvm_test_top.env.w_agent.driver [WT_DRV] Starting SRAM writing phase...
UVM_INFO UVM/env/agents/weight_agent/weight_driver.sv(43) @ 855330: uvm_test_top.env.w_agent.driver [WT_DRV] Waiting for controller to finish ...
UVM_INFO UVM/env/agents/weight_agent/weight_driver.sv(58) @ 865630: uvm_test_top.env.w_agent.driver [WT_DRV] Matrix successfully loaded into PEs!
UVM_INFO UVM/env/sequences/weight_sequence.sv(19) @ 865630: uvm_test_top.env.w_agent.sequencer@@w_seq [WT_SEQ] All 3 matrices sent.
UVM_INFO UVM/env/agents/weight_agent/weight_monitor.sv(36) @ 865650: uvm_test_top.env.w_agent.monitor [WT_MON] Broadcasting matrix
UVM_INFO UVM/env/sequences/act_sequence.sv(12) @ 865730: uvm_test_top.env.a_agent.sqr@@a_seq [ACT_SEQ] Starting
UVM_INFO UVM/env/agents/act_agent/act_driver.sv(24) @ 865730: uvm_test_top.env.a_agent.drv [ACT_DRV] Starting SRAM writing phase...
UVM_INFO UVM/env/agents/act_agent/act_monitor.sv(33) @ 866110: uvm_test_top.env.a_agent.mon [ACT_MON] Broadcasting activation matrix to Scoreboard
UVM_INFO UVM/env/agents/out_agent/out_monitor.sv(31) @ 866110: uvm_test_top.env.o_agent.mon [OUT_MON] Execution started
UVM_INFO UVM/env/agents/act_agent/act_driver.sv(40) @ 866110: uvm_test_top.env.a_agent.drv [ACT_DRV] Activations loaded and start_exec pulsed!
UVM_INFO UVM/env/tpu_scoreboard.sv(40) @ 866110: uvm_test_top.env.sb [SCOREBOARD] Data received
UVM_INFO UVM/env/sequences/act_sequence.sv(19) @ 866110: uvm_test_top.env.a_agent.sqr@@a_seq [ACT_SEQ] All done
UVM_INFO UVM/env/agents/out_agent/out_monitor.sv(34) @ 866530: uvm_test_top.env.o_agent.mon [OUT_MON] Timer finish
UVM_INFO UVM/env/tpu_scoreboard.sv(90) @ 867150: uvm_test_top.env.sb [SCOREBOARD] --- Comparing Row 0 ---
UVM_INFO UVM/env/tpu_scoreboard.sv(90) @ 867150: uvm_test_top.env.sb [SCOREBOARD] --- Comparing Row 1 ---
UVM_INFO UVM/env/tpu_scoreboard.sv(90) @ 867150: uvm_test_top.env.sb [SCOREBOARD] --- Comparing Row 2 ---
UVM_INFO UVM/env/tpu_scoreboard.sv(90) @ 867150: uvm_test_top.env.sb [SCOREBOARD] --- Comparing Row 3 ---
UVM_INFO UVM/env/tpu_scoreboard.sv(90) @ 867150: uvm_test_top.env.sb [SCOREBOARD] --- Comparing Row 4 ---
UVM_INFO UVM/env/tpu_scoreboard.sv(90) @ 867150: uvm_test_top.env.sb [SCOREBOARD] --- Comparing Row 5 ---
UVM_INFO UVM/env/tpu_scoreboard.sv(90) @ 867150: uvm_test_top.env.sb [SCOREBOARD] --- Comparing Row 6 ---
UVM_INFO UVM/env/tpu_scoreboard.sv(90) @ 867150: uvm_test_top.env.sb [SCOREBOARD] --- Comparing Row 7 ---
UVM_INFO UVM/env/tpu_scoreboard.sv(90) @ 867150: uvm_test_top.env.sb [SCOREBOARD] --- Comparing Row 8 ---
UVM_INFO UVM/env/tpu_scoreboard.sv(90) @ 867150: uvm_test_top.env.sb [SCOREBOARD] --- Comparing Row 9 ---
UVM_INFO UVM/env/tpu_scoreboard.sv(90) @ 867150: uvm_test_top.env.sb [SCOREBOARD] --- Comparing Row 10 ---
UVM_INFO UVM/env/tpu_scoreboard.sv(90) @ 867150: uvm_test_top.env.sb [SCOREBOARD] --- Comparing Row 11 ---
UVM_INFO UVM/env/tpu_scoreboard.sv(90) @ 867150: uvm_test_top.env.sb [SCOREBOARD] --- Comparing Row 12 ---
UVM_INFO UVM/env/tpu_scoreboard.sv(90) @ 867150: uvm_test_top.env.sb [SCOREBOARD] --- Comparing Row 13 ---
UVM_INFO UVM/env/tpu_scoreboard.sv(90) @ 867150: uvm_test_top.env.sb [SCOREBOARD] --- Comparing Row 14 ---
UVM_INFO UVM/env/tpu_scoreboard.sv(90) @ 867150: uvm_test_top.env.sb [SCOREBOARD] --- Comparing Row 15 ---
UVM_INFO UVM/env/tpu_scoreboard.sv(102) @ 867150: uvm_test_top.env.sb [SCOREBOARD] ==================================================
UVM_INFO UVM/env/tpu_scoreboard.sv(103) @ 867150: uvm_test_top.env.sb [SCOREBOARD]  [PASS] ALL 256 OUTPUTS MATCH THE GOLDEN MODEL! 
UVM_INFO UVM/env/tpu_scoreboard.sv(104) @ 867150: uvm_test_top.env.sb [SCOREBOARD] ==================================================
UVM_INFO UVM/env/tpu_scoreboard.sv(34) @ 867150: uvm_test_top.env.sb [SCOREBOARD] Waiting data from 3 monitors
UVM_INFO UVM/env/sequences/weight_sequence.sv(12) @ 868610: uvm_test_top.env.w_agent.sequencer@@w_seq [WT_SEQ] Preparing to send matrices
UVM_INFO UVM/env/agents/weight_agent/weight_driver.sv(26) @ 868610: uvm_test_top.env.w_agent.driver [WT_DRV] Starting SRAM writing phase...
UVM_INFO UVM/env/agents/weight_agent/weight_driver.sv(43) @ 873810: uvm_test_top.env.w_agent.driver [WT_DRV] Waiting for controller to finish ...
UVM_INFO UVM/env/agents/weight_agent/weight_driver.sv(58) @ 884110: uvm_test_top.env.w_agent.driver [WT_DRV] Matrix successfully loaded into PEs!
UVM_INFO UVM/env/sequences/weight_sequence.sv(19) @ 884110: uvm_test_top.env.w_agent.sequencer@@w_seq [WT_SEQ] All 3 matrices sent.
UVM_INFO UVM/env/agents/weight_agent/weight_monitor.sv(36) @ 884130: uvm_test_top.env.w_agent.monitor [WT_MON] Broadcasting matrix
UVM_INFO UVM/env/sequences/act_sequence.sv(12) @ 884210: uvm_test_top.env.a_agent.sqr@@a_seq [ACT_SEQ] Starting
UVM_INFO UVM/env/agents/act_agent/act_driver.sv(24) @ 884210: uvm_test_top.env.a_agent.drv [ACT_DRV] Starting SRAM writing phase...
UVM_INFO UVM/env/agents/act_agent/act_monitor.sv(33) @ 884590: uvm_test_top.env.a_agent.mon [ACT_MON] Broadcasting activation matrix to Scoreboard
UVM_INFO UVM/env/agents/out_agent/out_monitor.sv(31) @ 884590: uvm_test_top.env.o_agent.mon [OUT_MON] Execution started
UVM_INFO UVM/env/agents/act_agent/act_driver.sv(40) @ 884590: uvm_test_top.env.a_agent.drv [ACT_DRV] Activations loaded and start_exec pulsed!
UVM_INFO UVM/env/tpu_scoreboard.sv(40) @ 884590: uvm_test_top.env.sb [SCOREBOARD] Data received
UVM_INFO UVM/env/sequences/act_sequence.sv(19) @ 884590: uvm_test_top.env.a_agent.sqr@@a_seq [ACT_SEQ] All done
UVM_INFO UVM/env/agents/out_agent/out_monitor.sv(34) @ 885010: uvm_test_top.env.o_agent.mon [OUT_MON] Timer finish
UVM_INFO UVM/env/tpu_scoreboard.sv(90) @ 885630: uvm_test_top.env.sb [SCOREBOARD] --- Comparing Row 0 ---
UVM_INFO UVM/env/tpu_scoreboard.sv(90) @ 885630: uvm_test_top.env.sb [SCOREBOARD] --- Comparing Row 1 ---
UVM_INFO UVM/env/tpu_scoreboard.sv(90) @ 885630: uvm_test_top.env.sb [SCOREBOARD] --- Comparing Row 2 ---
UVM_INFO UVM/env/tpu_scoreboard.sv(90) @ 885630: uvm_test_top.env.sb [SCOREBOARD] --- Comparing Row 3 ---
UVM_INFO UVM/env/tpu_scoreboard.sv(90) @ 885630: uvm_test_top.env.sb [SCOREBOARD] --- Comparing Row 4 ---
UVM_INFO UVM/env/tpu_scoreboard.sv(90) @ 885630: uvm_test_top.env.sb [SCOREBOARD] --- Comparing Row 5 ---
UVM_INFO UVM/env/tpu_scoreboard.sv(90) @ 885630: uvm_test_top.env.sb [SCOREBOARD] --- Comparing Row 6 ---
UVM_INFO UVM/env/tpu_scoreboard.sv(90) @ 885630: uvm_test_top.env.sb [SCOREBOARD] --- Comparing Row 7 ---
UVM_INFO UVM/env/tpu_scoreboard.sv(90) @ 885630: uvm_test_top.env.sb [SCOREBOARD] --- Comparing Row 8 ---
UVM_INFO UVM/env/tpu_scoreboard.sv(90) @ 885630: uvm_test_top.env.sb [SCOREBOARD] --- Comparing Row 9 ---
UVM_INFO UVM/env/tpu_scoreboard.sv(90) @ 885630: uvm_test_top.env.sb [SCOREBOARD] --- Comparing Row 10 ---
UVM_INFO UVM/env/tpu_scoreboard.sv(90) @ 885630: uvm_test_top.env.sb [SCOREBOARD] --- Comparing Row 11 ---
UVM_INFO UVM/env/tpu_scoreboard.sv(90) @ 885630: uvm_test_top.env.sb [SCOREBOARD] --- Comparing Row 12 ---
UVM_INFO UVM/env/tpu_scoreboard.sv(90) @ 885630: uvm_test_top.env.sb [SCOREBOARD] --- Comparing Row 13 ---
UVM_INFO UVM/env/tpu_scoreboard.sv(90) @ 885630: uvm_test_top.env.sb [SCOREBOARD] --- Comparing Row 14 ---
UVM_INFO UVM/env/tpu_scoreboard.sv(90) @ 885630: uvm_test_top.env.sb [SCOREBOARD] --- Comparing Row 15 ---
UVM_INFO UVM/env/tpu_scoreboard.sv(102) @ 885630: uvm_test_top.env.sb [SCOREBOARD] ==================================================
UVM_INFO UVM/env/tpu_scoreboard.sv(103) @ 885630: uvm_test_top.env.sb [SCOREBOARD]  [PASS] ALL 256 OUTPUTS MATCH THE GOLDEN MODEL! 
UVM_INFO UVM/env/tpu_scoreboard.sv(104) @ 885630: uvm_test_top.env.sb [SCOREBOARD] ==================================================
UVM_INFO UVM/env/tpu_scoreboard.sv(34) @ 885630: uvm_test_top.env.sb [SCOREBOARD] Waiting data from 3 monitors
UVM_INFO UVM/env/sequences/weight_sequence.sv(12) @ 887090: uvm_test_top.env.w_agent.sequencer@@w_seq [WT_SEQ] Preparing to send matrices
UVM_INFO UVM/env/agents/weight_agent/weight_driver.sv(26) @ 887090: uvm_test_top.env.w_agent.driver [WT_DRV] Starting SRAM writing phase...
UVM_INFO UVM/env/agents/weight_agent/weight_driver.sv(43) @ 892290: uvm_test_top.env.w_agent.driver [WT_DRV] Waiting for controller to finish ...
UVM_INFO UVM/env/agents/weight_agent/weight_driver.sv(58) @ 902590: uvm_test_top.env.w_agent.driver [WT_DRV] Matrix successfully loaded into PEs!
UVM_INFO UVM/env/sequences/weight_sequence.sv(19) @ 902590: uvm_test_top.env.w_agent.sequencer@@w_seq [WT_SEQ] All 3 matrices sent.
UVM_INFO UVM/env/agents/weight_agent/weight_monitor.sv(36) @ 902610: uvm_test_top.env.w_agent.monitor [WT_MON] Broadcasting matrix
UVM_INFO UVM/env/sequences/act_sequence.sv(12) @ 902690: uvm_test_top.env.a_agent.sqr@@a_seq [ACT_SEQ] Starting
UVM_INFO UVM/env/agents/act_agent/act_driver.sv(24) @ 902690: uvm_test_top.env.a_agent.drv [ACT_DRV] Starting SRAM writing phase...
UVM_INFO UVM/env/agents/act_agent/act_monitor.sv(33) @ 903070: uvm_test_top.env.a_agent.mon [ACT_MON] Broadcasting activation matrix to Scoreboard
UVM_INFO UVM/env/agents/out_agent/out_monitor.sv(31) @ 903070: uvm_test_top.env.o_agent.mon [OUT_MON] Execution started
UVM_INFO UVM/env/agents/act_agent/act_driver.sv(40) @ 903070: uvm_test_top.env.a_agent.drv [ACT_DRV] Activations loaded and start_exec pulsed!
UVM_INFO UVM/env/tpu_scoreboard.sv(40) @ 903070: uvm_test_top.env.sb [SCOREBOARD] Data received
UVM_INFO UVM/env/sequences/act_sequence.sv(19) @ 903070: uvm_test_top.env.a_agent.sqr@@a_seq [ACT_SEQ] All done
UVM_INFO UVM/env/agents/out_agent/out_monitor.sv(34) @ 903490: uvm_test_top.env.o_agent.mon [OUT_MON] Timer finish
UVM_INFO UVM/env/tpu_scoreboard.sv(90) @ 904110: uvm_test_top.env.sb [SCOREBOARD] --- Comparing Row 0 ---
UVM_INFO UVM/env/tpu_scoreboard.sv(90) @ 904110: uvm_test_top.env.sb [SCOREBOARD] --- Comparing Row 1 ---
UVM_INFO UVM/env/tpu_scoreboard.sv(90) @ 904110: uvm_test_top.env.sb [SCOREBOARD] --- Comparing Row 2 ---
UVM_INFO UVM/env/tpu_scoreboard.sv(90) @ 904110: uvm_test_top.env.sb [SCOREBOARD] --- Comparing Row 3 ---
UVM_INFO UVM/env/tpu_scoreboard.sv(90) @ 904110: uvm_test_top.env.sb [SCOREBOARD] --- Comparing Row 4 ---
UVM_INFO UVM/env/tpu_scoreboard.sv(90) @ 904110: uvm_test_top.env.sb [SCOREBOARD] --- Comparing Row 5 ---
UVM_INFO UVM/env/tpu_scoreboard.sv(90) @ 904110: uvm_test_top.env.sb [SCOREBOARD] --- Comparing Row 6 ---
UVM_INFO UVM/env/tpu_scoreboard.sv(90) @ 904110: uvm_test_top.env.sb [SCOREBOARD] --- Comparing Row 7 ---
UVM_INFO UVM/env/tpu_scoreboard.sv(90) @ 904110: uvm_test_top.env.sb [SCOREBOARD] --- Comparing Row 8 ---
UVM_INFO UVM/env/tpu_scoreboard.sv(90) @ 904110: uvm_test_top.env.sb [SCOREBOARD] --- Comparing Row 9 ---
UVM_INFO UVM/env/tpu_scoreboard.sv(90) @ 904110: uvm_test_top.env.sb [SCOREBOARD] --- Comparing Row 10 ---
UVM_INFO UVM/env/tpu_scoreboard.sv(90) @ 904110: uvm_test_top.env.sb [SCOREBOARD] --- Comparing Row 11 ---
UVM_INFO UVM/env/tpu_scoreboard.sv(90) @ 904110: uvm_test_top.env.sb [SCOREBOARD] --- Comparing Row 12 ---
UVM_INFO UVM/env/tpu_scoreboard.sv(90) @ 904110: uvm_test_top.env.sb [SCOREBOARD] --- Comparing Row 13 ---
UVM_INFO UVM/env/tpu_scoreboard.sv(90) @ 904110: uvm_test_top.env.sb [SCOREBOARD] --- Comparing Row 14 ---
UVM_INFO UVM/env/tpu_scoreboard.sv(90) @ 904110: uvm_test_top.env.sb [SCOREBOARD] --- Comparing Row 15 ---
UVM_INFO UVM/env/tpu_scoreboard.sv(102) @ 904110: uvm_test_top.env.sb [SCOREBOARD] ==================================================
UVM_INFO UVM/env/tpu_scoreboard.sv(103) @ 904110: uvm_test_top.env.sb [SCOREBOARD]  [PASS] ALL 256 OUTPUTS MATCH THE GOLDEN MODEL! 
UVM_INFO UVM/env/tpu_scoreboard.sv(104) @ 904110: uvm_test_top.env.sb [SCOREBOARD] ==================================================
UVM_INFO UVM/env/tpu_scoreboard.sv(34) @ 904110: uvm_test_top.env.sb [SCOREBOARD] Waiting data from 3 monitors
UVM_INFO UVM/env/sequences/weight_sequence.sv(12) @ 905570: uvm_test_top.env.w_agent.sequencer@@w_seq [WT_SEQ] Preparing to send matrices
UVM_INFO UVM/env/agents/weight_agent/weight_driver.sv(26) @ 905570: uvm_test_top.env.w_agent.driver [WT_DRV] Starting SRAM writing phase...
UVM_INFO UVM/env/agents/weight_agent/weight_driver.sv(43) @ 910770: uvm_test_top.env.w_agent.driver [WT_DRV] Waiting for controller to finish ...
UVM_INFO UVM/env/agents/weight_agent/weight_driver.sv(58) @ 921070: uvm_test_top.env.w_agent.driver [WT_DRV] Matrix successfully loaded into PEs!
UVM_INFO UVM/env/sequences/weight_sequence.sv(19) @ 921070: uvm_test_top.env.w_agent.sequencer@@w_seq [WT_SEQ] All 3 matrices sent.
UVM_INFO UVM/env/agents/weight_agent/weight_monitor.sv(36) @ 921090: uvm_test_top.env.w_agent.monitor [WT_MON] Broadcasting matrix
UVM_INFO UVM/env/sequences/act_sequence.sv(12) @ 921170: uvm_test_top.env.a_agent.sqr@@a_seq [ACT_SEQ] Starting
UVM_INFO UVM/env/agents/act_agent/act_driver.sv(24) @ 921170: uvm_test_top.env.a_agent.drv [ACT_DRV] Starting SRAM writing phase...
UVM_INFO UVM/env/agents/act_agent/act_monitor.sv(33) @ 921550: uvm_test_top.env.a_agent.mon [ACT_MON] Broadcasting activation matrix to Scoreboard
UVM_INFO UVM/env/agents/out_agent/out_monitor.sv(31) @ 921550: uvm_test_top.env.o_agent.mon [OUT_MON] Execution started
UVM_INFO UVM/env/agents/act_agent/act_driver.sv(40) @ 921550: uvm_test_top.env.a_agent.drv [ACT_DRV] Activations loaded and start_exec pulsed!
UVM_INFO UVM/env/tpu_scoreboard.sv(40) @ 921550: uvm_test_top.env.sb [SCOREBOARD] Data received
UVM_INFO UVM/env/sequences/act_sequence.sv(19) @ 921550: uvm_test_top.env.a_agent.sqr@@a_seq [ACT_SEQ] All done
UVM_INFO UVM/env/agents/out_agent/out_monitor.sv(34) @ 921970: uvm_test_top.env.o_agent.mon [OUT_MON] Timer finish
UVM_INFO UVM/env/tpu_scoreboard.sv(90) @ 922590: uvm_test_top.env.sb [SCOREBOARD] --- Comparing Row 0 ---
UVM_INFO UVM/env/tpu_scoreboard.sv(90) @ 922590: uvm_test_top.env.sb [SCOREBOARD] --- Comparing Row 1 ---
UVM_INFO UVM/env/tpu_scoreboard.sv(90) @ 922590: uvm_test_top.env.sb [SCOREBOARD] --- Comparing Row 2 ---
UVM_INFO UVM/env/tpu_scoreboard.sv(90) @ 922590: uvm_test_top.env.sb [SCOREBOARD] --- Comparing Row 3 ---
UVM_INFO UVM/env/tpu_scoreboard.sv(90) @ 922590: uvm_test_top.env.sb [SCOREBOARD] --- Comparing Row 4 ---
UVM_INFO UVM/env/tpu_scoreboard.sv(90) @ 922590: uvm_test_top.env.sb [SCOREBOARD] --- Comparing Row 5 ---
UVM_INFO UVM/env/tpu_scoreboard.sv(90) @ 922590: uvm_test_top.env.sb [SCOREBOARD] --- Comparing Row 6 ---
UVM_INFO UVM/env/tpu_scoreboard.sv(90) @ 922590: uvm_test_top.env.sb [SCOREBOARD] --- Comparing Row 7 ---
UVM_INFO UVM/env/tpu_scoreboard.sv(90) @ 922590: uvm_test_top.env.sb [SCOREBOARD] --- Comparing Row 8 ---
UVM_INFO UVM/env/tpu_scoreboard.sv(90) @ 922590: uvm_test_top.env.sb [SCOREBOARD] --- Comparing Row 9 ---
UVM_INFO UVM/env/tpu_scoreboard.sv(90) @ 922590: uvm_test_top.env.sb [SCOREBOARD] --- Comparing Row 10 ---
UVM_INFO UVM/env/tpu_scoreboard.sv(90) @ 922590: uvm_test_top.env.sb [SCOREBOARD] --- Comparing Row 11 ---
UVM_INFO UVM/env/tpu_scoreboard.sv(90) @ 922590: uvm_test_top.env.sb [SCOREBOARD] --- Comparing Row 12 ---
UVM_INFO UVM/env/tpu_scoreboard.sv(90) @ 922590: uvm_test_top.env.sb [SCOREBOARD] --- Comparing Row 13 ---
UVM_INFO UVM/env/tpu_scoreboard.sv(90) @ 922590: uvm_test_top.env.sb [SCOREBOARD] --- Comparing Row 14 ---
UVM_INFO UVM/env/tpu_scoreboard.sv(90) @ 922590: uvm_test_top.env.sb [SCOREBOARD] --- Comparing Row 15 ---
UVM_INFO UVM/env/tpu_scoreboard.sv(102) @ 922590: uvm_test_top.env.sb [SCOREBOARD] ==================================================
UVM_INFO UVM/env/tpu_scoreboard.sv(103) @ 922590: uvm_test_top.env.sb [SCOREBOARD]  [PASS] ALL 256 OUTPUTS MATCH THE GOLDEN MODEL! 
UVM_INFO UVM/env/tpu_scoreboard.sv(104) @ 922590: uvm_test_top.env.sb [SCOREBOARD] ==================================================
UVM_INFO UVM/env/tpu_scoreboard.sv(34) @ 922590: uvm_test_top.env.sb [SCOREBOARD] Waiting data from 3 monitors
UVM_INFO UVM/env/sequences/weight_sequence.sv(12) @ 924050: uvm_test_top.env.w_agent.sequencer@@w_seq [WT_SEQ] Preparing to send matrices
UVM_INFO UVM/env/agents/weight_agent/weight_driver.sv(26) @ 924050: uvm_test_top.env.w_agent.driver [WT_DRV] Starting SRAM writing phase...
UVM_INFO UVM/env/agents/weight_agent/weight_driver.sv(43) @ 929250: uvm_test_top.env.w_agent.driver [WT_DRV] Waiting for controller to finish ...
UVM_INFO UVM/env/agents/weight_agent/weight_driver.sv(58) @ 939550: uvm_test_top.env.w_agent.driver [WT_DRV] Matrix successfully loaded into PEs!
UVM_INFO UVM/env/sequences/weight_sequence.sv(19) @ 939550: uvm_test_top.env.w_agent.sequencer@@w_seq [WT_SEQ] All 3 matrices sent.
UVM_INFO UVM/env/agents/weight_agent/weight_monitor.sv(36) @ 939570: uvm_test_top.env.w_agent.monitor [WT_MON] Broadcasting matrix
UVM_INFO UVM/env/sequences/act_sequence.sv(12) @ 939650: uvm_test_top.env.a_agent.sqr@@a_seq [ACT_SEQ] Starting
UVM_INFO UVM/env/agents/act_agent/act_driver.sv(24) @ 939650: uvm_test_top.env.a_agent.drv [ACT_DRV] Starting SRAM writing phase...
UVM_INFO UVM/env/agents/act_agent/act_monitor.sv(33) @ 940030: uvm_test_top.env.a_agent.mon [ACT_MON] Broadcasting activation matrix to Scoreboard
UVM_INFO UVM/env/agents/out_agent/out_monitor.sv(31) @ 940030: uvm_test_top.env.o_agent.mon [OUT_MON] Execution started
UVM_INFO UVM/env/agents/act_agent/act_driver.sv(40) @ 940030: uvm_test_top.env.a_agent.drv [ACT_DRV] Activations loaded and start_exec pulsed!
UVM_INFO UVM/env/tpu_scoreboard.sv(40) @ 940030: uvm_test_top.env.sb [SCOREBOARD] Data received
UVM_INFO UVM/env/sequences/act_sequence.sv(19) @ 940030: uvm_test_top.env.a_agent.sqr@@a_seq [ACT_SEQ] All done
UVM_INFO UVM/env/agents/out_agent/out_monitor.sv(34) @ 940450: uvm_test_top.env.o_agent.mon [OUT_MON] Timer finish
UVM_INFO UVM/env/tpu_scoreboard.sv(90) @ 941070: uvm_test_top.env.sb [SCOREBOARD] --- Comparing Row 0 ---
UVM_INFO UVM/env/tpu_scoreboard.sv(90) @ 941070: uvm_test_top.env.sb [SCOREBOARD] --- Comparing Row 1 ---
UVM_INFO UVM/env/tpu_scoreboard.sv(90) @ 941070: uvm_test_top.env.sb [SCOREBOARD] --- Comparing Row 2 ---
UVM_INFO UVM/env/tpu_scoreboard.sv(90) @ 941070: uvm_test_top.env.sb [SCOREBOARD] --- Comparing Row 3 ---
UVM_INFO UVM/env/tpu_scoreboard.sv(90) @ 941070: uvm_test_top.env.sb [SCOREBOARD] --- Comparing Row 4 ---
UVM_INFO UVM/env/tpu_scoreboard.sv(90) @ 941070: uvm_test_top.env.sb [SCOREBOARD] --- Comparing Row 5 ---
UVM_INFO UVM/env/tpu_scoreboard.sv(90) @ 941070: uvm_test_top.env.sb [SCOREBOARD] --- Comparing Row 6 ---
UVM_INFO UVM/env/tpu_scoreboard.sv(90) @ 941070: uvm_test_top.env.sb [SCOREBOARD] --- Comparing Row 7 ---
UVM_INFO UVM/env/tpu_scoreboard.sv(90) @ 941070: uvm_test_top.env.sb [SCOREBOARD] --- Comparing Row 8 ---
UVM_INFO UVM/env/tpu_scoreboard.sv(90) @ 941070: uvm_test_top.env.sb [SCOREBOARD] --- Comparing Row 9 ---
UVM_INFO UVM/env/tpu_scoreboard.sv(90) @ 941070: uvm_test_top.env.sb [SCOREBOARD] --- Comparing Row 10 ---
UVM_INFO UVM/env/tpu_scoreboard.sv(90) @ 941070: uvm_test_top.env.sb [SCOREBOARD] --- Comparing Row 11 ---
UVM_INFO UVM/env/tpu_scoreboard.sv(90) @ 941070: uvm_test_top.env.sb [SCOREBOARD] --- Comparing Row 12 ---
UVM_INFO UVM/env/tpu_scoreboard.sv(90) @ 941070: uvm_test_top.env.sb [SCOREBOARD] --- Comparing Row 13 ---
UVM_INFO UVM/env/tpu_scoreboard.sv(90) @ 941070: uvm_test_top.env.sb [SCOREBOARD] --- Comparing Row 14 ---
UVM_INFO UVM/env/tpu_scoreboard.sv(90) @ 941070: uvm_test_top.env.sb [SCOREBOARD] --- Comparing Row 15 ---
UVM_INFO UVM/env/tpu_scoreboard.sv(102) @ 941070: uvm_test_top.env.sb [SCOREBOARD] ==================================================
UVM_INFO UVM/env/tpu_scoreboard.sv(103) @ 941070: uvm_test_top.env.sb [SCOREBOARD]  [PASS] ALL 256 OUTPUTS MATCH THE GOLDEN MODEL! 
UVM_INFO UVM/env/tpu_scoreboard.sv(104) @ 941070: uvm_test_top.env.sb [SCOREBOARD] ==================================================
UVM_INFO UVM/env/tpu_scoreboard.sv(34) @ 941070: uvm_test_top.env.sb [SCOREBOARD] Waiting data from 3 monitors
UVM_INFO UVM/env/sequences/weight_sequence.sv(12) @ 942530: uvm_test_top.env.w_agent.sequencer@@w_seq [WT_SEQ] Preparing to send matrices
UVM_INFO UVM/env/agents/weight_agent/weight_driver.sv(26) @ 942530: uvm_test_top.env.w_agent.driver [WT_DRV] Starting SRAM writing phase...
UVM_INFO UVM/env/agents/weight_agent/weight_driver.sv(43) @ 947730: uvm_test_top.env.w_agent.driver [WT_DRV] Waiting for controller to finish ...
UVM_INFO UVM/env/agents/weight_agent/weight_driver.sv(58) @ 958030: uvm_test_top.env.w_agent.driver [WT_DRV] Matrix successfully loaded into PEs!
UVM_INFO UVM/env/sequences/weight_sequence.sv(19) @ 958030: uvm_test_top.env.w_agent.sequencer@@w_seq [WT_SEQ] All 3 matrices sent.
UVM_INFO UVM/env/agents/weight_agent/weight_monitor.sv(36) @ 958050: uvm_test_top.env.w_agent.monitor [WT_MON] Broadcasting matrix
UVM_INFO UVM/env/sequences/act_sequence.sv(12) @ 958130: uvm_test_top.env.a_agent.sqr@@a_seq [ACT_SEQ] Starting
UVM_INFO UVM/env/agents/act_agent/act_driver.sv(24) @ 958130: uvm_test_top.env.a_agent.drv [ACT_DRV] Starting SRAM writing phase...
UVM_INFO UVM/env/agents/act_agent/act_monitor.sv(33) @ 958510: uvm_test_top.env.a_agent.mon [ACT_MON] Broadcasting activation matrix to Scoreboard
UVM_INFO UVM/env/agents/out_agent/out_monitor.sv(31) @ 958510: uvm_test_top.env.o_agent.mon [OUT_MON] Execution started
UVM_INFO UVM/env/agents/act_agent/act_driver.sv(40) @ 958510: uvm_test_top.env.a_agent.drv [ACT_DRV] Activations loaded and start_exec pulsed!
UVM_INFO UVM/env/tpu_scoreboard.sv(40) @ 958510: uvm_test_top.env.sb [SCOREBOARD] Data received
UVM_INFO UVM/env/sequences/act_sequence.sv(19) @ 958510: uvm_test_top.env.a_agent.sqr@@a_seq [ACT_SEQ] All done
UVM_INFO UVM/env/agents/out_agent/out_monitor.sv(34) @ 958930: uvm_test_top.env.o_agent.mon [OUT_MON] Timer finish
UVM_INFO UVM/env/tpu_scoreboard.sv(90) @ 959550: uvm_test_top.env.sb [SCOREBOARD] --- Comparing Row 0 ---
UVM_INFO UVM/env/tpu_scoreboard.sv(90) @ 959550: uvm_test_top.env.sb [SCOREBOARD] --- Comparing Row 1 ---
UVM_INFO UVM/env/tpu_scoreboard.sv(90) @ 959550: uvm_test_top.env.sb [SCOREBOARD] --- Comparing Row 2 ---
UVM_INFO UVM/env/tpu_scoreboard.sv(90) @ 959550: uvm_test_top.env.sb [SCOREBOARD] --- Comparing Row 3 ---
UVM_INFO UVM/env/tpu_scoreboard.sv(90) @ 959550: uvm_test_top.env.sb [SCOREBOARD] --- Comparing Row 4 ---
UVM_INFO UVM/env/tpu_scoreboard.sv(90) @ 959550: uvm_test_top.env.sb [SCOREBOARD] --- Comparing Row 5 ---
UVM_INFO UVM/env/tpu_scoreboard.sv(90) @ 959550: uvm_test_top.env.sb [SCOREBOARD] --- Comparing Row 6 ---
UVM_INFO UVM/env/tpu_scoreboard.sv(90) @ 959550: uvm_test_top.env.sb [SCOREBOARD] --- Comparing Row 7 ---
UVM_INFO UVM/env/tpu_scoreboard.sv(90) @ 959550: uvm_test_top.env.sb [SCOREBOARD] --- Comparing Row 8 ---
UVM_INFO UVM/env/tpu_scoreboard.sv(90) @ 959550: uvm_test_top.env.sb [SCOREBOARD] --- Comparing Row 9 ---
UVM_INFO UVM/env/tpu_scoreboard.sv(90) @ 959550: uvm_test_top.env.sb [SCOREBOARD] --- Comparing Row 10 ---
UVM_INFO UVM/env/tpu_scoreboard.sv(90) @ 959550: uvm_test_top.env.sb [SCOREBOARD] --- Comparing Row 11 ---
UVM_INFO UVM/env/tpu_scoreboard.sv(90) @ 959550: uvm_test_top.env.sb [SCOREBOARD] --- Comparing Row 12 ---
UVM_INFO UVM/env/tpu_scoreboard.sv(90) @ 959550: uvm_test_top.env.sb [SCOREBOARD] --- Comparing Row 13 ---
UVM_INFO UVM/env/tpu_scoreboard.sv(90) @ 959550: uvm_test_top.env.sb [SCOREBOARD] --- Comparing Row 14 ---
UVM_INFO UVM/env/tpu_scoreboard.sv(90) @ 959550: uvm_test_top.env.sb [SCOREBOARD] --- Comparing Row 15 ---
UVM_INFO UVM/env/tpu_scoreboard.sv(102) @ 959550: uvm_test_top.env.sb [SCOREBOARD] ==================================================
UVM_INFO UVM/env/tpu_scoreboard.sv(103) @ 959550: uvm_test_top.env.sb [SCOREBOARD]  [PASS] ALL 256 OUTPUTS MATCH THE GOLDEN MODEL! 
UVM_INFO UVM/env/tpu_scoreboard.sv(104) @ 959550: uvm_test_top.env.sb [SCOREBOARD] ==================================================
UVM_INFO UVM/env/tpu_scoreboard.sv(34) @ 959550: uvm_test_top.env.sb [SCOREBOARD] Waiting data from 3 monitors
UVM_INFO UVM/env/sequences/weight_sequence.sv(12) @ 961010: uvm_test_top.env.w_agent.sequencer@@w_seq [WT_SEQ] Preparing to send matrices
UVM_INFO UVM/env/agents/weight_agent/weight_driver.sv(26) @ 961010: uvm_test_top.env.w_agent.driver [WT_DRV] Starting SRAM writing phase...
UVM_INFO UVM/env/agents/weight_agent/weight_driver.sv(43) @ 966210: uvm_test_top.env.w_agent.driver [WT_DRV] Waiting for controller to finish ...
UVM_INFO UVM/env/agents/weight_agent/weight_driver.sv(58) @ 976510: uvm_test_top.env.w_agent.driver [WT_DRV] Matrix successfully loaded into PEs!
UVM_INFO UVM/env/sequences/weight_sequence.sv(19) @ 976510: uvm_test_top.env.w_agent.sequencer@@w_seq [WT_SEQ] All 3 matrices sent.
UVM_INFO UVM/env/agents/weight_agent/weight_monitor.sv(36) @ 976530: uvm_test_top.env.w_agent.monitor [WT_MON] Broadcasting matrix
UVM_INFO UVM/env/sequences/act_sequence.sv(12) @ 976610: uvm_test_top.env.a_agent.sqr@@a_seq [ACT_SEQ] Starting
UVM_INFO UVM/env/agents/act_agent/act_driver.sv(24) @ 976610: uvm_test_top.env.a_agent.drv [ACT_DRV] Starting SRAM writing phase...
UVM_INFO UVM/env/agents/act_agent/act_monitor.sv(33) @ 976990: uvm_test_top.env.a_agent.mon [ACT_MON] Broadcasting activation matrix to Scoreboard
UVM_INFO UVM/env/agents/out_agent/out_monitor.sv(31) @ 976990: uvm_test_top.env.o_agent.mon [OUT_MON] Execution started
UVM_INFO UVM/env/agents/act_agent/act_driver.sv(40) @ 976990: uvm_test_top.env.a_agent.drv [ACT_DRV] Activations loaded and start_exec pulsed!
UVM_INFO UVM/env/tpu_scoreboard.sv(40) @ 976990: uvm_test_top.env.sb [SCOREBOARD] Data received
UVM_INFO UVM/env/sequences/act_sequence.sv(19) @ 976990: uvm_test_top.env.a_agent.sqr@@a_seq [ACT_SEQ] All done
UVM_INFO UVM/env/agents/out_agent/out_monitor.sv(34) @ 977410: uvm_test_top.env.o_agent.mon [OUT_MON] Timer finish
UVM_INFO UVM/env/tpu_scoreboard.sv(90) @ 978030: uvm_test_top.env.sb [SCOREBOARD] --- Comparing Row 0 ---
UVM_INFO UVM/env/tpu_scoreboard.sv(90) @ 978030: uvm_test_top.env.sb [SCOREBOARD] --- Comparing Row 1 ---
UVM_INFO UVM/env/tpu_scoreboard.sv(90) @ 978030: uvm_test_top.env.sb [SCOREBOARD] --- Comparing Row 2 ---
UVM_INFO UVM/env/tpu_scoreboard.sv(90) @ 978030: uvm_test_top.env.sb [SCOREBOARD] --- Comparing Row 3 ---
UVM_INFO UVM/env/tpu_scoreboard.sv(90) @ 978030: uvm_test_top.env.sb [SCOREBOARD] --- Comparing Row 4 ---
UVM_INFO UVM/env/tpu_scoreboard.sv(90) @ 978030: uvm_test_top.env.sb [SCOREBOARD] --- Comparing Row 5 ---
UVM_INFO UVM/env/tpu_scoreboard.sv(90) @ 978030: uvm_test_top.env.sb [SCOREBOARD] --- Comparing Row 6 ---
UVM_INFO UVM/env/tpu_scoreboard.sv(90) @ 978030: uvm_test_top.env.sb [SCOREBOARD] --- Comparing Row 7 ---
UVM_INFO UVM/env/tpu_scoreboard.sv(90) @ 978030: uvm_test_top.env.sb [SCOREBOARD] --- Comparing Row 8 ---
UVM_INFO UVM/env/tpu_scoreboard.sv(90) @ 978030: uvm_test_top.env.sb [SCOREBOARD] --- Comparing Row 9 ---
UVM_INFO UVM/env/tpu_scoreboard.sv(90) @ 978030: uvm_test_top.env.sb [SCOREBOARD] --- Comparing Row 10 ---
UVM_INFO UVM/env/tpu_scoreboard.sv(90) @ 978030: uvm_test_top.env.sb [SCOREBOARD] --- Comparing Row 11 ---
UVM_INFO UVM/env/tpu_scoreboard.sv(90) @ 978030: uvm_test_top.env.sb [SCOREBOARD] --- Comparing Row 12 ---
UVM_INFO UVM/env/tpu_scoreboard.sv(90) @ 978030: uvm_test_top.env.sb [SCOREBOARD] --- Comparing Row 13 ---
UVM_INFO UVM/env/tpu_scoreboard.sv(90) @ 978030: uvm_test_top.env.sb [SCOREBOARD] --- Comparing Row 14 ---
UVM_INFO UVM/env/tpu_scoreboard.sv(90) @ 978030: uvm_test_top.env.sb [SCOREBOARD] --- Comparing Row 15 ---
UVM_INFO UVM/env/tpu_scoreboard.sv(102) @ 978030: uvm_test_top.env.sb [SCOREBOARD] ==================================================
UVM_INFO UVM/env/tpu_scoreboard.sv(103) @ 978030: uvm_test_top.env.sb [SCOREBOARD]  [PASS] ALL 256 OUTPUTS MATCH THE GOLDEN MODEL! 
UVM_INFO UVM/env/tpu_scoreboard.sv(104) @ 978030: uvm_test_top.env.sb [SCOREBOARD] ==================================================
UVM_INFO UVM/env/tpu_scoreboard.sv(34) @ 978030: uvm_test_top.env.sb [SCOREBOARD] Waiting data from 3 monitors
UVM_INFO UVM/env/sequences/weight_sequence.sv(12) @ 979490: uvm_test_top.env.w_agent.sequencer@@w_seq [WT_SEQ] Preparing to send matrices
UVM_INFO UVM/env/agents/weight_agent/weight_driver.sv(26) @ 979490: uvm_test_top.env.w_agent.driver [WT_DRV] Starting SRAM writing phase...
UVM_INFO UVM/env/agents/weight_agent/weight_driver.sv(43) @ 984690: uvm_test_top.env.w_agent.driver [WT_DRV] Waiting for controller to finish ...
UVM_INFO UVM/env/agents/weight_agent/weight_driver.sv(58) @ 994990: uvm_test_top.env.w_agent.driver [WT_DRV] Matrix successfully loaded into PEs!
UVM_INFO UVM/env/sequences/weight_sequence.sv(19) @ 994990: uvm_test_top.env.w_agent.sequencer@@w_seq [WT_SEQ] All 3 matrices sent.
UVM_INFO UVM/env/agents/weight_agent/weight_monitor.sv(36) @ 995010: uvm_test_top.env.w_agent.monitor [WT_MON] Broadcasting matrix
UVM_INFO UVM/env/sequences/act_sequence.sv(12) @ 995090: uvm_test_top.env.a_agent.sqr@@a_seq [ACT_SEQ] Starting
UVM_INFO UVM/env/agents/act_agent/act_driver.sv(24) @ 995090: uvm_test_top.env.a_agent.drv [ACT_DRV] Starting SRAM writing phase...
UVM_INFO UVM/env/agents/act_agent/act_monitor.sv(33) @ 995470: uvm_test_top.env.a_agent.mon [ACT_MON] Broadcasting activation matrix to Scoreboard
UVM_INFO UVM/env/agents/out_agent/out_monitor.sv(31) @ 995470: uvm_test_top.env.o_agent.mon [OUT_MON] Execution started
UVM_INFO UVM/env/agents/act_agent/act_driver.sv(40) @ 995470: uvm_test_top.env.a_agent.drv [ACT_DRV] Activations loaded and start_exec pulsed!
UVM_INFO UVM/env/tpu_scoreboard.sv(40) @ 995470: uvm_test_top.env.sb [SCOREBOARD] Data received
UVM_INFO UVM/env/sequences/act_sequence.sv(19) @ 995470: uvm_test_top.env.a_agent.sqr@@a_seq [ACT_SEQ] All done
UVM_INFO UVM/env/agents/out_agent/out_monitor.sv(34) @ 995890: uvm_test_top.env.o_agent.mon [OUT_MON] Timer finish
UVM_INFO UVM/env/tpu_scoreboard.sv(90) @ 996510: uvm_test_top.env.sb [SCOREBOARD] --- Comparing Row 0 ---
UVM_INFO UVM/env/tpu_scoreboard.sv(90) @ 996510: uvm_test_top.env.sb [SCOREBOARD] --- Comparing Row 1 ---
UVM_INFO UVM/env/tpu_scoreboard.sv(90) @ 996510: uvm_test_top.env.sb [SCOREBOARD] --- Comparing Row 2 ---
UVM_INFO UVM/env/tpu_scoreboard.sv(90) @ 996510: uvm_test_top.env.sb [SCOREBOARD] --- Comparing Row 3 ---
UVM_INFO UVM/env/tpu_scoreboard.sv(90) @ 996510: uvm_test_top.env.sb [SCOREBOARD] --- Comparing Row 4 ---
UVM_INFO UVM/env/tpu_scoreboard.sv(90) @ 996510: uvm_test_top.env.sb [SCOREBOARD] --- Comparing Row 5 ---
UVM_INFO UVM/env/tpu_scoreboard.sv(90) @ 996510: uvm_test_top.env.sb [SCOREBOARD] --- Comparing Row 6 ---
UVM_INFO UVM/env/tpu_scoreboard.sv(90) @ 996510: uvm_test_top.env.sb [SCOREBOARD] --- Comparing Row 7 ---
UVM_INFO UVM/env/tpu_scoreboard.sv(90) @ 996510: uvm_test_top.env.sb [SCOREBOARD] --- Comparing Row 8 ---
UVM_INFO UVM/env/tpu_scoreboard.sv(90) @ 996510: uvm_test_top.env.sb [SCOREBOARD] --- Comparing Row 9 ---
UVM_INFO UVM/env/tpu_scoreboard.sv(90) @ 996510: uvm_test_top.env.sb [SCOREBOARD] --- Comparing Row 10 ---
UVM_INFO UVM/env/tpu_scoreboard.sv(90) @ 996510: uvm_test_top.env.sb [SCOREBOARD] --- Comparing Row 11 ---
UVM_INFO UVM/env/tpu_scoreboard.sv(90) @ 996510: uvm_test_top.env.sb [SCOREBOARD] --- Comparing Row 12 ---
UVM_INFO UVM/env/tpu_scoreboard.sv(90) @ 996510: uvm_test_top.env.sb [SCOREBOARD] --- Comparing Row 13 ---
UVM_INFO UVM/env/tpu_scoreboard.sv(90) @ 996510: uvm_test_top.env.sb [SCOREBOARD] --- Comparing Row 14 ---
UVM_INFO UVM/env/tpu_scoreboard.sv(90) @ 996510: uvm_test_top.env.sb [SCOREBOARD] --- Comparing Row 15 ---
UVM_INFO UVM/env/tpu_scoreboard.sv(102) @ 996510: uvm_test_top.env.sb [SCOREBOARD] ==================================================
UVM_INFO UVM/env/tpu_scoreboard.sv(103) @ 996510: uvm_test_top.env.sb [SCOREBOARD]  [PASS] ALL 256 OUTPUTS MATCH THE GOLDEN MODEL! 
UVM_INFO UVM/env/tpu_scoreboard.sv(104) @ 996510: uvm_test_top.env.sb [SCOREBOARD] ==================================================
UVM_INFO UVM/env/tpu_scoreboard.sv(34) @ 996510: uvm_test_top.env.sb [SCOREBOARD] Waiting data from 3 monitors
UVM_INFO UVM/env/sequences/weight_sequence.sv(12) @ 997970: uvm_test_top.env.w_agent.sequencer@@w_seq [WT_SEQ] Preparing to send matrices
UVM_INFO UVM/env/agents/weight_agent/weight_driver.sv(26) @ 997970: uvm_test_top.env.w_agent.driver [WT_DRV] Starting SRAM writing phase...
UVM_INFO UVM/env/agents/weight_agent/weight_driver.sv(43) @ 1003170: uvm_test_top.env.w_agent.driver [WT_DRV] Waiting for controller to finish ...
UVM_INFO UVM/env/agents/weight_agent/weight_driver.sv(58) @ 1013470: uvm_test_top.env.w_agent.driver [WT_DRV] Matrix successfully loaded into PEs!
UVM_INFO UVM/env/sequences/weight_sequence.sv(19) @ 1013470: uvm_test_top.env.w_agent.sequencer@@w_seq [WT_SEQ] All 3 matrices sent.
UVM_INFO UVM/env/agents/weight_agent/weight_monitor.sv(36) @ 1013490: uvm_test_top.env.w_agent.monitor [WT_MON] Broadcasting matrix
UVM_INFO UVM/env/sequences/act_sequence.sv(12) @ 1013570: uvm_test_top.env.a_agent.sqr@@a_seq [ACT_SEQ] Starting
UVM_INFO UVM/env/agents/act_agent/act_driver.sv(24) @ 1013570: uvm_test_top.env.a_agent.drv [ACT_DRV] Starting SRAM writing phase...
UVM_INFO UVM/env/agents/act_agent/act_monitor.sv(33) @ 1013950: uvm_test_top.env.a_agent.mon [ACT_MON] Broadcasting activation matrix to Scoreboard
UVM_INFO UVM/env/agents/out_agent/out_monitor.sv(31) @ 1013950: uvm_test_top.env.o_agent.mon [OUT_MON] Execution started
UVM_INFO UVM/env/agents/act_agent/act_driver.sv(40) @ 1013950: uvm_test_top.env.a_agent.drv [ACT_DRV] Activations loaded and start_exec pulsed!
UVM_INFO UVM/env/tpu_scoreboard.sv(40) @ 1013950: uvm_test_top.env.sb [SCOREBOARD] Data received
UVM_INFO UVM/env/sequences/act_sequence.sv(19) @ 1013950: uvm_test_top.env.a_agent.sqr@@a_seq [ACT_SEQ] All done
UVM_INFO UVM/env/agents/out_agent/out_monitor.sv(34) @ 1014370: uvm_test_top.env.o_agent.mon [OUT_MON] Timer finish
UVM_INFO UVM/env/tpu_scoreboard.sv(90) @ 1014990: uvm_test_top.env.sb [SCOREBOARD] --- Comparing Row 0 ---
UVM_INFO UVM/env/tpu_scoreboard.sv(90) @ 1014990: uvm_test_top.env.sb [SCOREBOARD] --- Comparing Row 1 ---
UVM_INFO UVM/env/tpu_scoreboard.sv(90) @ 1014990: uvm_test_top.env.sb [SCOREBOARD] --- Comparing Row 2 ---
UVM_INFO UVM/env/tpu_scoreboard.sv(90) @ 1014990: uvm_test_top.env.sb [SCOREBOARD] --- Comparing Row 3 ---
UVM_INFO UVM/env/tpu_scoreboard.sv(90) @ 1014990: uvm_test_top.env.sb [SCOREBOARD] --- Comparing Row 4 ---
UVM_INFO UVM/env/tpu_scoreboard.sv(90) @ 1014990: uvm_test_top.env.sb [SCOREBOARD] --- Comparing Row 5 ---
UVM_INFO UVM/env/tpu_scoreboard.sv(90) @ 1014990: uvm_test_top.env.sb [SCOREBOARD] --- Comparing Row 6 ---
UVM_INFO UVM/env/tpu_scoreboard.sv(90) @ 1014990: uvm_test_top.env.sb [SCOREBOARD] --- Comparing Row 7 ---
UVM_INFO UVM/env/tpu_scoreboard.sv(90) @ 1014990: uvm_test_top.env.sb [SCOREBOARD] --- Comparing Row 8 ---
UVM_INFO UVM/env/tpu_scoreboard.sv(90) @ 1014990: uvm_test_top.env.sb [SCOREBOARD] --- Comparing Row 9 ---
UVM_INFO UVM/env/tpu_scoreboard.sv(90) @ 1014990: uvm_test_top.env.sb [SCOREBOARD] --- Comparing Row 10 ---
UVM_INFO UVM/env/tpu_scoreboard.sv(90) @ 1014990: uvm_test_top.env.sb [SCOREBOARD] --- Comparing Row 11 ---
UVM_INFO UVM/env/tpu_scoreboard.sv(90) @ 1014990: uvm_test_top.env.sb [SCOREBOARD] --- Comparing Row 12 ---
UVM_INFO UVM/env/tpu_scoreboard.sv(90) @ 1014990: uvm_test_top.env.sb [SCOREBOARD] --- Comparing Row 13 ---
UVM_INFO UVM/env/tpu_scoreboard.sv(90) @ 1014990: uvm_test_top.env.sb [SCOREBOARD] --- Comparing Row 14 ---
UVM_INFO UVM/env/tpu_scoreboard.sv(90) @ 1014990: uvm_test_top.env.sb [SCOREBOARD] --- Comparing Row 15 ---
UVM_INFO UVM/env/tpu_scoreboard.sv(102) @ 1014990: uvm_test_top.env.sb [SCOREBOARD] ==================================================
UVM_INFO UVM/env/tpu_scoreboard.sv(103) @ 1014990: uvm_test_top.env.sb [SCOREBOARD]  [PASS] ALL 256 OUTPUTS MATCH THE GOLDEN MODEL! 
UVM_INFO UVM/env/tpu_scoreboard.sv(104) @ 1014990: uvm_test_top.env.sb [SCOREBOARD] ==================================================
UVM_INFO UVM/env/tpu_scoreboard.sv(34) @ 1014990: uvm_test_top.env.sb [SCOREBOARD] Waiting data from 3 monitors
UVM_INFO UVM/env/sequences/weight_sequence.sv(12) @ 1016450: uvm_test_top.env.w_agent.sequencer@@w_seq [WT_SEQ] Preparing to send matrices
UVM_INFO UVM/env/agents/weight_agent/weight_driver.sv(26) @ 1016450: uvm_test_top.env.w_agent.driver [WT_DRV] Starting SRAM writing phase...
UVM_INFO UVM/env/agents/weight_agent/weight_driver.sv(43) @ 1021650: uvm_test_top.env.w_agent.driver [WT_DRV] Waiting for controller to finish ...
UVM_INFO UVM/env/agents/weight_agent/weight_driver.sv(58) @ 1031950: uvm_test_top.env.w_agent.driver [WT_DRV] Matrix successfully loaded into PEs!
UVM_INFO UVM/env/sequences/weight_sequence.sv(19) @ 1031950: uvm_test_top.env.w_agent.sequencer@@w_seq [WT_SEQ] All 3 matrices sent.
UVM_INFO UVM/env/agents/weight_agent/weight_monitor.sv(36) @ 1031970: uvm_test_top.env.w_agent.monitor [WT_MON] Broadcasting matrix
UVM_INFO UVM/env/sequences/act_sequence.sv(12) @ 1032050: uvm_test_top.env.a_agent.sqr@@a_seq [ACT_SEQ] Starting
UVM_INFO UVM/env/agents/act_agent/act_driver.sv(24) @ 1032050: uvm_test_top.env.a_agent.drv [ACT_DRV] Starting SRAM writing phase...
UVM_INFO UVM/env/agents/act_agent/act_monitor.sv(33) @ 1032430: uvm_test_top.env.a_agent.mon [ACT_MON] Broadcasting activation matrix to Scoreboard
UVM_INFO UVM/env/agents/out_agent/out_monitor.sv(31) @ 1032430: uvm_test_top.env.o_agent.mon [OUT_MON] Execution started
UVM_INFO UVM/env/agents/act_agent/act_driver.sv(40) @ 1032430: uvm_test_top.env.a_agent.drv [ACT_DRV] Activations loaded and start_exec pulsed!
UVM_INFO UVM/env/tpu_scoreboard.sv(40) @ 1032430: uvm_test_top.env.sb [SCOREBOARD] Data received
UVM_INFO UVM/env/sequences/act_sequence.sv(19) @ 1032430: uvm_test_top.env.a_agent.sqr@@a_seq [ACT_SEQ] All done
UVM_INFO UVM/env/agents/out_agent/out_monitor.sv(34) @ 1032850: uvm_test_top.env.o_agent.mon [OUT_MON] Timer finish
UVM_INFO UVM/env/tpu_scoreboard.sv(90) @ 1033470: uvm_test_top.env.sb [SCOREBOARD] --- Comparing Row 0 ---
UVM_INFO UVM/env/tpu_scoreboard.sv(90) @ 1033470: uvm_test_top.env.sb [SCOREBOARD] --- Comparing Row 1 ---
UVM_INFO UVM/env/tpu_scoreboard.sv(90) @ 1033470: uvm_test_top.env.sb [SCOREBOARD] --- Comparing Row 2 ---
UVM_INFO UVM/env/tpu_scoreboard.sv(90) @ 1033470: uvm_test_top.env.sb [SCOREBOARD] --- Comparing Row 3 ---
UVM_INFO UVM/env/tpu_scoreboard.sv(90) @ 1033470: uvm_test_top.env.sb [SCOREBOARD] --- Comparing Row 4 ---
UVM_INFO UVM/env/tpu_scoreboard.sv(90) @ 1033470: uvm_test_top.env.sb [SCOREBOARD] --- Comparing Row 5 ---
UVM_INFO UVM/env/tpu_scoreboard.sv(90) @ 1033470: uvm_test_top.env.sb [SCOREBOARD] --- Comparing Row 6 ---
UVM_INFO UVM/env/tpu_scoreboard.sv(90) @ 1033470: uvm_test_top.env.sb [SCOREBOARD] --- Comparing Row 7 ---
UVM_INFO UVM/env/tpu_scoreboard.sv(90) @ 1033470: uvm_test_top.env.sb [SCOREBOARD] --- Comparing Row 8 ---
UVM_INFO UVM/env/tpu_scoreboard.sv(90) @ 1033470: uvm_test_top.env.sb [SCOREBOARD] --- Comparing Row 9 ---
UVM_INFO UVM/env/tpu_scoreboard.sv(90) @ 1033470: uvm_test_top.env.sb [SCOREBOARD] --- Comparing Row 10 ---
UVM_INFO UVM/env/tpu_scoreboard.sv(90) @ 1033470: uvm_test_top.env.sb [SCOREBOARD] --- Comparing Row 11 ---
UVM_INFO UVM/env/tpu_scoreboard.sv(90) @ 1033470: uvm_test_top.env.sb [SCOREBOARD] --- Comparing Row 12 ---
UVM_INFO UVM/env/tpu_scoreboard.sv(90) @ 1033470: uvm_test_top.env.sb [SCOREBOARD] --- Comparing Row 13 ---
UVM_INFO UVM/env/tpu_scoreboard.sv(90) @ 1033470: uvm_test_top.env.sb [SCOREBOARD] --- Comparing Row 14 ---
UVM_INFO UVM/env/tpu_scoreboard.sv(90) @ 1033470: uvm_test_top.env.sb [SCOREBOARD] --- Comparing Row 15 ---
UVM_INFO UVM/env/tpu_scoreboard.sv(102) @ 1033470: uvm_test_top.env.sb [SCOREBOARD] ==================================================
UVM_INFO UVM/env/tpu_scoreboard.sv(103) @ 1033470: uvm_test_top.env.sb [SCOREBOARD]  [PASS] ALL 256 OUTPUTS MATCH THE GOLDEN MODEL! 
UVM_INFO UVM/env/tpu_scoreboard.sv(104) @ 1033470: uvm_test_top.env.sb [SCOREBOARD] ==================================================
UVM_INFO UVM/env/tpu_scoreboard.sv(34) @ 1033470: uvm_test_top.env.sb [SCOREBOARD] Waiting data from 3 monitors
UVM_INFO UVM/env/sequences/weight_sequence.sv(12) @ 1034930: uvm_test_top.env.w_agent.sequencer@@w_seq [WT_SEQ] Preparing to send matrices
UVM_INFO UVM/env/agents/weight_agent/weight_driver.sv(26) @ 1034930: uvm_test_top.env.w_agent.driver [WT_DRV] Starting SRAM writing phase...
UVM_INFO UVM/env/agents/weight_agent/weight_driver.sv(43) @ 1040130: uvm_test_top.env.w_agent.driver [WT_DRV] Waiting for controller to finish ...
UVM_INFO UVM/env/agents/weight_agent/weight_driver.sv(58) @ 1050430: uvm_test_top.env.w_agent.driver [WT_DRV] Matrix successfully loaded into PEs!
UVM_INFO UVM/env/sequences/weight_sequence.sv(19) @ 1050430: uvm_test_top.env.w_agent.sequencer@@w_seq [WT_SEQ] All 3 matrices sent.
UVM_INFO UVM/env/agents/weight_agent/weight_monitor.sv(36) @ 1050450: uvm_test_top.env.w_agent.monitor [WT_MON] Broadcasting matrix
UVM_INFO UVM/env/sequences/act_sequence.sv(12) @ 1050530: uvm_test_top.env.a_agent.sqr@@a_seq [ACT_SEQ] Starting
UVM_INFO UVM/env/agents/act_agent/act_driver.sv(24) @ 1050530: uvm_test_top.env.a_agent.drv [ACT_DRV] Starting SRAM writing phase...
UVM_INFO UVM/env/agents/act_agent/act_monitor.sv(33) @ 1050910: uvm_test_top.env.a_agent.mon [ACT_MON] Broadcasting activation matrix to Scoreboard
UVM_INFO UVM/env/agents/out_agent/out_monitor.sv(31) @ 1050910: uvm_test_top.env.o_agent.mon [OUT_MON] Execution started
UVM_INFO UVM/env/agents/act_agent/act_driver.sv(40) @ 1050910: uvm_test_top.env.a_agent.drv [ACT_DRV] Activations loaded and start_exec pulsed!
UVM_INFO UVM/env/tpu_scoreboard.sv(40) @ 1050910: uvm_test_top.env.sb [SCOREBOARD] Data received
UVM_INFO UVM/env/sequences/act_sequence.sv(19) @ 1050910: uvm_test_top.env.a_agent.sqr@@a_seq [ACT_SEQ] All done
UVM_INFO UVM/env/agents/out_agent/out_monitor.sv(34) @ 1051330: uvm_test_top.env.o_agent.mon [OUT_MON] Timer finish
UVM_INFO UVM/env/tpu_scoreboard.sv(90) @ 1051950: uvm_test_top.env.sb [SCOREBOARD] --- Comparing Row 0 ---
UVM_INFO UVM/env/tpu_scoreboard.sv(90) @ 1051950: uvm_test_top.env.sb [SCOREBOARD] --- Comparing Row 1 ---
UVM_INFO UVM/env/tpu_scoreboard.sv(90) @ 1051950: uvm_test_top.env.sb [SCOREBOARD] --- Comparing Row 2 ---
UVM_INFO UVM/env/tpu_scoreboard.sv(90) @ 1051950: uvm_test_top.env.sb [SCOREBOARD] --- Comparing Row 3 ---
UVM_INFO UVM/env/tpu_scoreboard.sv(90) @ 1051950: uvm_test_top.env.sb [SCOREBOARD] --- Comparing Row 4 ---
UVM_INFO UVM/env/tpu_scoreboard.sv(90) @ 1051950: uvm_test_top.env.sb [SCOREBOARD] --- Comparing Row 5 ---
UVM_INFO UVM/env/tpu_scoreboard.sv(90) @ 1051950: uvm_test_top.env.sb [SCOREBOARD] --- Comparing Row 6 ---
UVM_INFO UVM/env/tpu_scoreboard.sv(90) @ 1051950: uvm_test_top.env.sb [SCOREBOARD] --- Comparing Row 7 ---
UVM_INFO UVM/env/tpu_scoreboard.sv(90) @ 1051950: uvm_test_top.env.sb [SCOREBOARD] --- Comparing Row 8 ---
UVM_INFO UVM/env/tpu_scoreboard.sv(90) @ 1051950: uvm_test_top.env.sb [SCOREBOARD] --- Comparing Row 9 ---
UVM_INFO UVM/env/tpu_scoreboard.sv(90) @ 1051950: uvm_test_top.env.sb [SCOREBOARD] --- Comparing Row 10 ---
UVM_INFO UVM/env/tpu_scoreboard.sv(90) @ 1051950: uvm_test_top.env.sb [SCOREBOARD] --- Comparing Row 11 ---
UVM_INFO UVM/env/tpu_scoreboard.sv(90) @ 1051950: uvm_test_top.env.sb [SCOREBOARD] --- Comparing Row 12 ---
UVM_INFO UVM/env/tpu_scoreboard.sv(90) @ 1051950: uvm_test_top.env.sb [SCOREBOARD] --- Comparing Row 13 ---
UVM_INFO UVM/env/tpu_scoreboard.sv(90) @ 1051950: uvm_test_top.env.sb [SCOREBOARD] --- Comparing Row 14 ---
UVM_INFO UVM/env/tpu_scoreboard.sv(90) @ 1051950: uvm_test_top.env.sb [SCOREBOARD] --- Comparing Row 15 ---
UVM_INFO UVM/env/tpu_scoreboard.sv(102) @ 1051950: uvm_test_top.env.sb [SCOREBOARD] ==================================================
UVM_INFO UVM/env/tpu_scoreboard.sv(103) @ 1051950: uvm_test_top.env.sb [SCOREBOARD]  [PASS] ALL 256 OUTPUTS MATCH THE GOLDEN MODEL! 
UVM_INFO UVM/env/tpu_scoreboard.sv(104) @ 1051950: uvm_test_top.env.sb [SCOREBOARD] ==================================================
UVM_INFO UVM/env/tpu_scoreboard.sv(34) @ 1051950: uvm_test_top.env.sb [SCOREBOARD] Waiting data from 3 monitors
UVM_INFO UVM/env/sequences/weight_sequence.sv(12) @ 1053410: uvm_test_top.env.w_agent.sequencer@@w_seq [WT_SEQ] Preparing to send matrices
UVM_INFO UVM/env/agents/weight_agent/weight_driver.sv(26) @ 1053410: uvm_test_top.env.w_agent.driver [WT_DRV] Starting SRAM writing phase...
UVM_INFO UVM/env/agents/weight_agent/weight_driver.sv(43) @ 1058610: uvm_test_top.env.w_agent.driver [WT_DRV] Waiting for controller to finish ...
UVM_INFO UVM/env/agents/weight_agent/weight_driver.sv(58) @ 1068910: uvm_test_top.env.w_agent.driver [WT_DRV] Matrix successfully loaded into PEs!
UVM_INFO UVM/env/sequences/weight_sequence.sv(19) @ 1068910: uvm_test_top.env.w_agent.sequencer@@w_seq [WT_SEQ] All 3 matrices sent.
UVM_INFO UVM/env/agents/weight_agent/weight_monitor.sv(36) @ 1068930: uvm_test_top.env.w_agent.monitor [WT_MON] Broadcasting matrix
UVM_INFO UVM/env/sequences/act_sequence.sv(12) @ 1069010: uvm_test_top.env.a_agent.sqr@@a_seq [ACT_SEQ] Starting
UVM_INFO UVM/env/agents/act_agent/act_driver.sv(24) @ 1069010: uvm_test_top.env.a_agent.drv [ACT_DRV] Starting SRAM writing phase...
UVM_INFO UVM/env/agents/act_agent/act_monitor.sv(33) @ 1069390: uvm_test_top.env.a_agent.mon [ACT_MON] Broadcasting activation matrix to Scoreboard
UVM_INFO UVM/env/agents/out_agent/out_monitor.sv(31) @ 1069390: uvm_test_top.env.o_agent.mon [OUT_MON] Execution started
UVM_INFO UVM/env/agents/act_agent/act_driver.sv(40) @ 1069390: uvm_test_top.env.a_agent.drv [ACT_DRV] Activations loaded and start_exec pulsed!
UVM_INFO UVM/env/tpu_scoreboard.sv(40) @ 1069390: uvm_test_top.env.sb [SCOREBOARD] Data received
UVM_INFO UVM/env/sequences/act_sequence.sv(19) @ 1069390: uvm_test_top.env.a_agent.sqr@@a_seq [ACT_SEQ] All done
UVM_INFO UVM/env/agents/out_agent/out_monitor.sv(34) @ 1069810: uvm_test_top.env.o_agent.mon [OUT_MON] Timer finish
UVM_INFO UVM/env/tpu_scoreboard.sv(90) @ 1070430: uvm_test_top.env.sb [SCOREBOARD] --- Comparing Row 0 ---
UVM_INFO UVM/env/tpu_scoreboard.sv(90) @ 1070430: uvm_test_top.env.sb [SCOREBOARD] --- Comparing Row 1 ---
UVM_INFO UVM/env/tpu_scoreboard.sv(90) @ 1070430: uvm_test_top.env.sb [SCOREBOARD] --- Comparing Row 2 ---
UVM_INFO UVM/env/tpu_scoreboard.sv(90) @ 1070430: uvm_test_top.env.sb [SCOREBOARD] --- Comparing Row 3 ---
UVM_INFO UVM/env/tpu_scoreboard.sv(90) @ 1070430: uvm_test_top.env.sb [SCOREBOARD] --- Comparing Row 4 ---
UVM_INFO UVM/env/tpu_scoreboard.sv(90) @ 1070430: uvm_test_top.env.sb [SCOREBOARD] --- Comparing Row 5 ---
UVM_INFO UVM/env/tpu_scoreboard.sv(90) @ 1070430: uvm_test_top.env.sb [SCOREBOARD] --- Comparing Row 6 ---
UVM_INFO UVM/env/tpu_scoreboard.sv(90) @ 1070430: uvm_test_top.env.sb [SCOREBOARD] --- Comparing Row 7 ---
UVM_INFO UVM/env/tpu_scoreboard.sv(90) @ 1070430: uvm_test_top.env.sb [SCOREBOARD] --- Comparing Row 8 ---
UVM_INFO UVM/env/tpu_scoreboard.sv(90) @ 1070430: uvm_test_top.env.sb [SCOREBOARD] --- Comparing Row 9 ---
UVM_INFO UVM/env/tpu_scoreboard.sv(90) @ 1070430: uvm_test_top.env.sb [SCOREBOARD] --- Comparing Row 10 ---
UVM_INFO UVM/env/tpu_scoreboard.sv(90) @ 1070430: uvm_test_top.env.sb [SCOREBOARD] --- Comparing Row 11 ---
UVM_INFO UVM/env/tpu_scoreboard.sv(90) @ 1070430: uvm_test_top.env.sb [SCOREBOARD] --- Comparing Row 12 ---
UVM_INFO UVM/env/tpu_scoreboard.sv(90) @ 1070430: uvm_test_top.env.sb [SCOREBOARD] --- Comparing Row 13 ---
UVM_INFO UVM/env/tpu_scoreboard.sv(90) @ 1070430: uvm_test_top.env.sb [SCOREBOARD] --- Comparing Row 14 ---
UVM_INFO UVM/env/tpu_scoreboard.sv(90) @ 1070430: uvm_test_top.env.sb [SCOREBOARD] --- Comparing Row 15 ---
UVM_INFO UVM/env/tpu_scoreboard.sv(102) @ 1070430: uvm_test_top.env.sb [SCOREBOARD] ==================================================
UVM_INFO UVM/env/tpu_scoreboard.sv(103) @ 1070430: uvm_test_top.env.sb [SCOREBOARD]  [PASS] ALL 256 OUTPUTS MATCH THE GOLDEN MODEL! 
UVM_INFO UVM/env/tpu_scoreboard.sv(104) @ 1070430: uvm_test_top.env.sb [SCOREBOARD] ==================================================
UVM_INFO UVM/env/tpu_scoreboard.sv(34) @ 1070430: uvm_test_top.env.sb [SCOREBOARD] Waiting data from 3 monitors
UVM_INFO UVM/env/sequences/weight_sequence.sv(12) @ 1071890: uvm_test_top.env.w_agent.sequencer@@w_seq [WT_SEQ] Preparing to send matrices
UVM_INFO UVM/env/agents/weight_agent/weight_driver.sv(26) @ 1071890: uvm_test_top.env.w_agent.driver [WT_DRV] Starting SRAM writing phase...
UVM_INFO UVM/env/agents/weight_agent/weight_driver.sv(43) @ 1077090: uvm_test_top.env.w_agent.driver [WT_DRV] Waiting for controller to finish ...
UVM_INFO UVM/env/agents/weight_agent/weight_driver.sv(58) @ 1087390: uvm_test_top.env.w_agent.driver [WT_DRV] Matrix successfully loaded into PEs!
UVM_INFO UVM/env/sequences/weight_sequence.sv(19) @ 1087390: uvm_test_top.env.w_agent.sequencer@@w_seq [WT_SEQ] All 3 matrices sent.
UVM_INFO UVM/env/agents/weight_agent/weight_monitor.sv(36) @ 1087410: uvm_test_top.env.w_agent.monitor [WT_MON] Broadcasting matrix
UVM_INFO UVM/env/sequences/act_sequence.sv(12) @ 1087490: uvm_test_top.env.a_agent.sqr@@a_seq [ACT_SEQ] Starting
UVM_INFO UVM/env/agents/act_agent/act_driver.sv(24) @ 1087490: uvm_test_top.env.a_agent.drv [ACT_DRV] Starting SRAM writing phase...
UVM_INFO UVM/env/agents/act_agent/act_monitor.sv(33) @ 1087870: uvm_test_top.env.a_agent.mon [ACT_MON] Broadcasting activation matrix to Scoreboard
UVM_INFO UVM/env/agents/out_agent/out_monitor.sv(31) @ 1087870: uvm_test_top.env.o_agent.mon [OUT_MON] Execution started
UVM_INFO UVM/env/agents/act_agent/act_driver.sv(40) @ 1087870: uvm_test_top.env.a_agent.drv [ACT_DRV] Activations loaded and start_exec pulsed!
UVM_INFO UVM/env/tpu_scoreboard.sv(40) @ 1087870: uvm_test_top.env.sb [SCOREBOARD] Data received
UVM_INFO UVM/env/sequences/act_sequence.sv(19) @ 1087870: uvm_test_top.env.a_agent.sqr@@a_seq [ACT_SEQ] All done
UVM_INFO UVM/env/agents/out_agent/out_monitor.sv(34) @ 1088290: uvm_test_top.env.o_agent.mon [OUT_MON] Timer finish
UVM_INFO UVM/env/tpu_scoreboard.sv(90) @ 1088910: uvm_test_top.env.sb [SCOREBOARD] --- Comparing Row 0 ---
UVM_INFO UVM/env/tpu_scoreboard.sv(90) @ 1088910: uvm_test_top.env.sb [SCOREBOARD] --- Comparing Row 1 ---
UVM_INFO UVM/env/tpu_scoreboard.sv(90) @ 1088910: uvm_test_top.env.sb [SCOREBOARD] --- Comparing Row 2 ---
UVM_INFO UVM/env/tpu_scoreboard.sv(90) @ 1088910: uvm_test_top.env.sb [SCOREBOARD] --- Comparing Row 3 ---
UVM_INFO UVM/env/tpu_scoreboard.sv(90) @ 1088910: uvm_test_top.env.sb [SCOREBOARD] --- Comparing Row 4 ---
UVM_INFO UVM/env/tpu_scoreboard.sv(90) @ 1088910: uvm_test_top.env.sb [SCOREBOARD] --- Comparing Row 5 ---
UVM_INFO UVM/env/tpu_scoreboard.sv(90) @ 1088910: uvm_test_top.env.sb [SCOREBOARD] --- Comparing Row 6 ---
UVM_INFO UVM/env/tpu_scoreboard.sv(90) @ 1088910: uvm_test_top.env.sb [SCOREBOARD] --- Comparing Row 7 ---
UVM_INFO UVM/env/tpu_scoreboard.sv(90) @ 1088910: uvm_test_top.env.sb [SCOREBOARD] --- Comparing Row 8 ---
UVM_INFO UVM/env/tpu_scoreboard.sv(90) @ 1088910: uvm_test_top.env.sb [SCOREBOARD] --- Comparing Row 9 ---
UVM_INFO UVM/env/tpu_scoreboard.sv(90) @ 1088910: uvm_test_top.env.sb [SCOREBOARD] --- Comparing Row 10 ---
UVM_INFO UVM/env/tpu_scoreboard.sv(90) @ 1088910: uvm_test_top.env.sb [SCOREBOARD] --- Comparing Row 11 ---
UVM_INFO UVM/env/tpu_scoreboard.sv(90) @ 1088910: uvm_test_top.env.sb [SCOREBOARD] --- Comparing Row 12 ---
UVM_INFO UVM/env/tpu_scoreboard.sv(90) @ 1088910: uvm_test_top.env.sb [SCOREBOARD] --- Comparing Row 13 ---
UVM_INFO UVM/env/tpu_scoreboard.sv(90) @ 1088910: uvm_test_top.env.sb [SCOREBOARD] --- Comparing Row 14 ---
UVM_INFO UVM/env/tpu_scoreboard.sv(90) @ 1088910: uvm_test_top.env.sb [SCOREBOARD] --- Comparing Row 15 ---
UVM_INFO UVM/env/tpu_scoreboard.sv(102) @ 1088910: uvm_test_top.env.sb [SCOREBOARD] ==================================================
UVM_INFO UVM/env/tpu_scoreboard.sv(103) @ 1088910: uvm_test_top.env.sb [SCOREBOARD]  [PASS] ALL 256 OUTPUTS MATCH THE GOLDEN MODEL! 
UVM_INFO UVM/env/tpu_scoreboard.sv(104) @ 1088910: uvm_test_top.env.sb [SCOREBOARD] ==================================================
UVM_INFO UVM/env/tpu_scoreboard.sv(34) @ 1088910: uvm_test_top.env.sb [SCOREBOARD] Waiting data from 3 monitors
UVM_INFO UVM/env/sequences/weight_sequence.sv(12) @ 1090370: uvm_test_top.env.w_agent.sequencer@@w_seq [WT_SEQ] Preparing to send matrices
UVM_INFO UVM/env/agents/weight_agent/weight_driver.sv(26) @ 1090370: uvm_test_top.env.w_agent.driver [WT_DRV] Starting SRAM writing phase...
UVM_INFO UVM/env/agents/weight_agent/weight_driver.sv(43) @ 1095570: uvm_test_top.env.w_agent.driver [WT_DRV] Waiting for controller to finish ...
UVM_INFO UVM/env/agents/weight_agent/weight_driver.sv(58) @ 1105870: uvm_test_top.env.w_agent.driver [WT_DRV] Matrix successfully loaded into PEs!
UVM_INFO UVM/env/sequences/weight_sequence.sv(19) @ 1105870: uvm_test_top.env.w_agent.sequencer@@w_seq [WT_SEQ] All 3 matrices sent.
UVM_INFO UVM/env/agents/weight_agent/weight_monitor.sv(36) @ 1105890: uvm_test_top.env.w_agent.monitor [WT_MON] Broadcasting matrix
UVM_INFO UVM/env/sequences/act_sequence.sv(12) @ 1105970: uvm_test_top.env.a_agent.sqr@@a_seq [ACT_SEQ] Starting
UVM_INFO UVM/env/agents/act_agent/act_driver.sv(24) @ 1105970: uvm_test_top.env.a_agent.drv [ACT_DRV] Starting SRAM writing phase...
UVM_INFO UVM/env/agents/act_agent/act_monitor.sv(33) @ 1106350: uvm_test_top.env.a_agent.mon [ACT_MON] Broadcasting activation matrix to Scoreboard
UVM_INFO UVM/env/agents/out_agent/out_monitor.sv(31) @ 1106350: uvm_test_top.env.o_agent.mon [OUT_MON] Execution started
UVM_INFO UVM/env/agents/act_agent/act_driver.sv(40) @ 1106350: uvm_test_top.env.a_agent.drv [ACT_DRV] Activations loaded and start_exec pulsed!
UVM_INFO UVM/env/tpu_scoreboard.sv(40) @ 1106350: uvm_test_top.env.sb [SCOREBOARD] Data received
UVM_INFO UVM/env/sequences/act_sequence.sv(19) @ 1106350: uvm_test_top.env.a_agent.sqr@@a_seq [ACT_SEQ] All done
UVM_INFO UVM/env/agents/out_agent/out_monitor.sv(34) @ 1106770: uvm_test_top.env.o_agent.mon [OUT_MON] Timer finish
UVM_INFO UVM/env/tpu_scoreboard.sv(90) @ 1107390: uvm_test_top.env.sb [SCOREBOARD] --- Comparing Row 0 ---
UVM_INFO UVM/env/tpu_scoreboard.sv(90) @ 1107390: uvm_test_top.env.sb [SCOREBOARD] --- Comparing Row 1 ---
UVM_INFO UVM/env/tpu_scoreboard.sv(90) @ 1107390: uvm_test_top.env.sb [SCOREBOARD] --- Comparing Row 2 ---
UVM_INFO UVM/env/tpu_scoreboard.sv(90) @ 1107390: uvm_test_top.env.sb [SCOREBOARD] --- Comparing Row 3 ---
UVM_INFO UVM/env/tpu_scoreboard.sv(90) @ 1107390: uvm_test_top.env.sb [SCOREBOARD] --- Comparing Row 4 ---
UVM_INFO UVM/env/tpu_scoreboard.sv(90) @ 1107390: uvm_test_top.env.sb [SCOREBOARD] --- Comparing Row 5 ---
UVM_INFO UVM/env/tpu_scoreboard.sv(90) @ 1107390: uvm_test_top.env.sb [SCOREBOARD] --- Comparing Row 6 ---
UVM_INFO UVM/env/tpu_scoreboard.sv(90) @ 1107390: uvm_test_top.env.sb [SCOREBOARD] --- Comparing Row 7 ---
UVM_INFO UVM/env/tpu_scoreboard.sv(90) @ 1107390: uvm_test_top.env.sb [SCOREBOARD] --- Comparing Row 8 ---
UVM_INFO UVM/env/tpu_scoreboard.sv(90) @ 1107390: uvm_test_top.env.sb [SCOREBOARD] --- Comparing Row 9 ---
UVM_INFO UVM/env/tpu_scoreboard.sv(90) @ 1107390: uvm_test_top.env.sb [SCOREBOARD] --- Comparing Row 10 ---
UVM_INFO UVM/env/tpu_scoreboard.sv(90) @ 1107390: uvm_test_top.env.sb [SCOREBOARD] --- Comparing Row 11 ---
UVM_INFO UVM/env/tpu_scoreboard.sv(90) @ 1107390: uvm_test_top.env.sb [SCOREBOARD] --- Comparing Row 12 ---
UVM_INFO UVM/env/tpu_scoreboard.sv(90) @ 1107390: uvm_test_top.env.sb [SCOREBOARD] --- Comparing Row 13 ---
UVM_INFO UVM/env/tpu_scoreboard.sv(90) @ 1107390: uvm_test_top.env.sb [SCOREBOARD] --- Comparing Row 14 ---
UVM_INFO UVM/env/tpu_scoreboard.sv(90) @ 1107390: uvm_test_top.env.sb [SCOREBOARD] --- Comparing Row 15 ---
UVM_INFO UVM/env/tpu_scoreboard.sv(102) @ 1107390: uvm_test_top.env.sb [SCOREBOARD] ==================================================
UVM_INFO UVM/env/tpu_scoreboard.sv(103) @ 1107390: uvm_test_top.env.sb [SCOREBOARD]  [PASS] ALL 256 OUTPUTS MATCH THE GOLDEN MODEL! 
UVM_INFO UVM/env/tpu_scoreboard.sv(104) @ 1107390: uvm_test_top.env.sb [SCOREBOARD] ==================================================
UVM_INFO UVM/env/tpu_scoreboard.sv(34) @ 1107390: uvm_test_top.env.sb [SCOREBOARD] Waiting data from 3 monitors
UVM_INFO UVM/env/sequences/weight_sequence.sv(12) @ 1108850: uvm_test_top.env.w_agent.sequencer@@w_seq [WT_SEQ] Preparing to send matrices
UVM_INFO UVM/env/agents/weight_agent/weight_driver.sv(26) @ 1108850: uvm_test_top.env.w_agent.driver [WT_DRV] Starting SRAM writing phase...
UVM_INFO UVM/env/agents/weight_agent/weight_driver.sv(43) @ 1114050: uvm_test_top.env.w_agent.driver [WT_DRV] Waiting for controller to finish ...
UVM_INFO UVM/env/agents/weight_agent/weight_driver.sv(58) @ 1124350: uvm_test_top.env.w_agent.driver [WT_DRV] Matrix successfully loaded into PEs!
UVM_INFO UVM/env/sequences/weight_sequence.sv(19) @ 1124350: uvm_test_top.env.w_agent.sequencer@@w_seq [WT_SEQ] All 3 matrices sent.
UVM_INFO UVM/env/agents/weight_agent/weight_monitor.sv(36) @ 1124370: uvm_test_top.env.w_agent.monitor [WT_MON] Broadcasting matrix
UVM_INFO UVM/env/sequences/act_sequence.sv(12) @ 1124450: uvm_test_top.env.a_agent.sqr@@a_seq [ACT_SEQ] Starting
UVM_INFO UVM/env/agents/act_agent/act_driver.sv(24) @ 1124450: uvm_test_top.env.a_agent.drv [ACT_DRV] Starting SRAM writing phase...
UVM_INFO UVM/env/agents/act_agent/act_monitor.sv(33) @ 1124830: uvm_test_top.env.a_agent.mon [ACT_MON] Broadcasting activation matrix to Scoreboard
UVM_INFO UVM/env/agents/out_agent/out_monitor.sv(31) @ 1124830: uvm_test_top.env.o_agent.mon [OUT_MON] Execution started
UVM_INFO UVM/env/agents/act_agent/act_driver.sv(40) @ 1124830: uvm_test_top.env.a_agent.drv [ACT_DRV] Activations loaded and start_exec pulsed!
UVM_INFO UVM/env/tpu_scoreboard.sv(40) @ 1124830: uvm_test_top.env.sb [SCOREBOARD] Data received
UVM_INFO UVM/env/sequences/act_sequence.sv(19) @ 1124830: uvm_test_top.env.a_agent.sqr@@a_seq [ACT_SEQ] All done
UVM_INFO UVM/env/agents/out_agent/out_monitor.sv(34) @ 1125250: uvm_test_top.env.o_agent.mon [OUT_MON] Timer finish
UVM_INFO UVM/env/tpu_scoreboard.sv(90) @ 1125870: uvm_test_top.env.sb [SCOREBOARD] --- Comparing Row 0 ---
UVM_INFO UVM/env/tpu_scoreboard.sv(90) @ 1125870: uvm_test_top.env.sb [SCOREBOARD] --- Comparing Row 1 ---
UVM_INFO UVM/env/tpu_scoreboard.sv(90) @ 1125870: uvm_test_top.env.sb [SCOREBOARD] --- Comparing Row 2 ---
UVM_INFO UVM/env/tpu_scoreboard.sv(90) @ 1125870: uvm_test_top.env.sb [SCOREBOARD] --- Comparing Row 3 ---
UVM_INFO UVM/env/tpu_scoreboard.sv(90) @ 1125870: uvm_test_top.env.sb [SCOREBOARD] --- Comparing Row 4 ---
UVM_INFO UVM/env/tpu_scoreboard.sv(90) @ 1125870: uvm_test_top.env.sb [SCOREBOARD] --- Comparing Row 5 ---
UVM_INFO UVM/env/tpu_scoreboard.sv(90) @ 1125870: uvm_test_top.env.sb [SCOREBOARD] --- Comparing Row 6 ---
UVM_INFO UVM/env/tpu_scoreboard.sv(90) @ 1125870: uvm_test_top.env.sb [SCOREBOARD] --- Comparing Row 7 ---
UVM_INFO UVM/env/tpu_scoreboard.sv(90) @ 1125870: uvm_test_top.env.sb [SCOREBOARD] --- Comparing Row 8 ---
UVM_INFO UVM/env/tpu_scoreboard.sv(90) @ 1125870: uvm_test_top.env.sb [SCOREBOARD] --- Comparing Row 9 ---
UVM_INFO UVM/env/tpu_scoreboard.sv(90) @ 1125870: uvm_test_top.env.sb [SCOREBOARD] --- Comparing Row 10 ---
UVM_INFO UVM/env/tpu_scoreboard.sv(90) @ 1125870: uvm_test_top.env.sb [SCOREBOARD] --- Comparing Row 11 ---
UVM_INFO UVM/env/tpu_scoreboard.sv(90) @ 1125870: uvm_test_top.env.sb [SCOREBOARD] --- Comparing Row 12 ---
UVM_INFO UVM/env/tpu_scoreboard.sv(90) @ 1125870: uvm_test_top.env.sb [SCOREBOARD] --- Comparing Row 13 ---
UVM_INFO UVM/env/tpu_scoreboard.sv(90) @ 1125870: uvm_test_top.env.sb [SCOREBOARD] --- Comparing Row 14 ---
UVM_INFO UVM/env/tpu_scoreboard.sv(90) @ 1125870: uvm_test_top.env.sb [SCOREBOARD] --- Comparing Row 15 ---
UVM_INFO UVM/env/tpu_scoreboard.sv(102) @ 1125870: uvm_test_top.env.sb [SCOREBOARD] ==================================================
UVM_INFO UVM/env/tpu_scoreboard.sv(103) @ 1125870: uvm_test_top.env.sb [SCOREBOARD]  [PASS] ALL 256 OUTPUTS MATCH THE GOLDEN MODEL! 
UVM_INFO UVM/env/tpu_scoreboard.sv(104) @ 1125870: uvm_test_top.env.sb [SCOREBOARD] ==================================================
UVM_INFO UVM/env/tpu_scoreboard.sv(34) @ 1125870: uvm_test_top.env.sb [SCOREBOARD] Waiting data from 3 monitors
UVM_INFO UVM/env/sequences/weight_sequence.sv(12) @ 1127330: uvm_test_top.env.w_agent.sequencer@@w_seq [WT_SEQ] Preparing to send matrices
UVM_INFO UVM/env/agents/weight_agent/weight_driver.sv(26) @ 1127330: uvm_test_top.env.w_agent.driver [WT_DRV] Starting SRAM writing phase...
UVM_INFO UVM/env/agents/weight_agent/weight_driver.sv(43) @ 1132530: uvm_test_top.env.w_agent.driver [WT_DRV] Waiting for controller to finish ...
UVM_INFO UVM/env/agents/weight_agent/weight_driver.sv(58) @ 1142830: uvm_test_top.env.w_agent.driver [WT_DRV] Matrix successfully loaded into PEs!
UVM_INFO UVM/env/sequences/weight_sequence.sv(19) @ 1142830: uvm_test_top.env.w_agent.sequencer@@w_seq [WT_SEQ] All 3 matrices sent.
UVM_INFO UVM/env/agents/weight_agent/weight_monitor.sv(36) @ 1142850: uvm_test_top.env.w_agent.monitor [WT_MON] Broadcasting matrix
UVM_INFO UVM/env/sequences/act_sequence.sv(12) @ 1142930: uvm_test_top.env.a_agent.sqr@@a_seq [ACT_SEQ] Starting
UVM_INFO UVM/env/agents/act_agent/act_driver.sv(24) @ 1142930: uvm_test_top.env.a_agent.drv [ACT_DRV] Starting SRAM writing phase...
UVM_INFO UVM/env/agents/act_agent/act_monitor.sv(33) @ 1143310: uvm_test_top.env.a_agent.mon [ACT_MON] Broadcasting activation matrix to Scoreboard
UVM_INFO UVM/env/agents/out_agent/out_monitor.sv(31) @ 1143310: uvm_test_top.env.o_agent.mon [OUT_MON] Execution started
UVM_INFO UVM/env/agents/act_agent/act_driver.sv(40) @ 1143310: uvm_test_top.env.a_agent.drv [ACT_DRV] Activations loaded and start_exec pulsed!
UVM_INFO UVM/env/tpu_scoreboard.sv(40) @ 1143310: uvm_test_top.env.sb [SCOREBOARD] Data received
UVM_INFO UVM/env/sequences/act_sequence.sv(19) @ 1143310: uvm_test_top.env.a_agent.sqr@@a_seq [ACT_SEQ] All done
UVM_INFO UVM/env/agents/out_agent/out_monitor.sv(34) @ 1143730: uvm_test_top.env.o_agent.mon [OUT_MON] Timer finish
UVM_INFO UVM/env/tpu_scoreboard.sv(90) @ 1144350: uvm_test_top.env.sb [SCOREBOARD] --- Comparing Row 0 ---
UVM_INFO UVM/env/tpu_scoreboard.sv(90) @ 1144350: uvm_test_top.env.sb [SCOREBOARD] --- Comparing Row 1 ---
UVM_INFO UVM/env/tpu_scoreboard.sv(90) @ 1144350: uvm_test_top.env.sb [SCOREBOARD] --- Comparing Row 2 ---
UVM_INFO UVM/env/tpu_scoreboard.sv(90) @ 1144350: uvm_test_top.env.sb [SCOREBOARD] --- Comparing Row 3 ---
UVM_INFO UVM/env/tpu_scoreboard.sv(90) @ 1144350: uvm_test_top.env.sb [SCOREBOARD] --- Comparing Row 4 ---
UVM_INFO UVM/env/tpu_scoreboard.sv(90) @ 1144350: uvm_test_top.env.sb [SCOREBOARD] --- Comparing Row 5 ---
UVM_INFO UVM/env/tpu_scoreboard.sv(90) @ 1144350: uvm_test_top.env.sb [SCOREBOARD] --- Comparing Row 6 ---
UVM_INFO UVM/env/tpu_scoreboard.sv(90) @ 1144350: uvm_test_top.env.sb [SCOREBOARD] --- Comparing Row 7 ---
UVM_INFO UVM/env/tpu_scoreboard.sv(90) @ 1144350: uvm_test_top.env.sb [SCOREBOARD] --- Comparing Row 8 ---
UVM_INFO UVM/env/tpu_scoreboard.sv(90) @ 1144350: uvm_test_top.env.sb [SCOREBOARD] --- Comparing Row 9 ---
UVM_INFO UVM/env/tpu_scoreboard.sv(90) @ 1144350: uvm_test_top.env.sb [SCOREBOARD] --- Comparing Row 10 ---
UVM_INFO UVM/env/tpu_scoreboard.sv(90) @ 1144350: uvm_test_top.env.sb [SCOREBOARD] --- Comparing Row 11 ---
UVM_INFO UVM/env/tpu_scoreboard.sv(90) @ 1144350: uvm_test_top.env.sb [SCOREBOARD] --- Comparing Row 12 ---
UVM_INFO UVM/env/tpu_scoreboard.sv(90) @ 1144350: uvm_test_top.env.sb [SCOREBOARD] --- Comparing Row 13 ---
UVM_INFO UVM/env/tpu_scoreboard.sv(90) @ 1144350: uvm_test_top.env.sb [SCOREBOARD] --- Comparing Row 14 ---
UVM_INFO UVM/env/tpu_scoreboard.sv(90) @ 1144350: uvm_test_top.env.sb [SCOREBOARD] --- Comparing Row 15 ---
UVM_INFO UVM/env/tpu_scoreboard.sv(102) @ 1144350: uvm_test_top.env.sb [SCOREBOARD] ==================================================
UVM_INFO UVM/env/tpu_scoreboard.sv(103) @ 1144350: uvm_test_top.env.sb [SCOREBOARD]  [PASS] ALL 256 OUTPUTS MATCH THE GOLDEN MODEL! 
UVM_INFO UVM/env/tpu_scoreboard.sv(104) @ 1144350: uvm_test_top.env.sb [SCOREBOARD] ==================================================
UVM_INFO UVM/env/tpu_scoreboard.sv(34) @ 1144350: uvm_test_top.env.sb [SCOREBOARD] Waiting data from 3 monitors
UVM_INFO UVM/env/sequences/weight_sequence.sv(12) @ 1145810: uvm_test_top.env.w_agent.sequencer@@w_seq [WT_SEQ] Preparing to send matrices
UVM_INFO UVM/env/agents/weight_agent/weight_driver.sv(26) @ 1145810: uvm_test_top.env.w_agent.driver [WT_DRV] Starting SRAM writing phase...
UVM_INFO UVM/env/agents/weight_agent/weight_driver.sv(43) @ 1151010: uvm_test_top.env.w_agent.driver [WT_DRV] Waiting for controller to finish ...
UVM_INFO UVM/env/agents/weight_agent/weight_driver.sv(58) @ 1161310: uvm_test_top.env.w_agent.driver [WT_DRV] Matrix successfully loaded into PEs!
UVM_INFO UVM/env/sequences/weight_sequence.sv(19) @ 1161310: uvm_test_top.env.w_agent.sequencer@@w_seq [WT_SEQ] All 3 matrices sent.
UVM_INFO UVM/env/agents/weight_agent/weight_monitor.sv(36) @ 1161330: uvm_test_top.env.w_agent.monitor [WT_MON] Broadcasting matrix
UVM_INFO UVM/env/sequences/act_sequence.sv(12) @ 1161410: uvm_test_top.env.a_agent.sqr@@a_seq [ACT_SEQ] Starting
UVM_INFO UVM/env/agents/act_agent/act_driver.sv(24) @ 1161410: uvm_test_top.env.a_agent.drv [ACT_DRV] Starting SRAM writing phase...
UVM_INFO UVM/env/agents/act_agent/act_monitor.sv(33) @ 1161790: uvm_test_top.env.a_agent.mon [ACT_MON] Broadcasting activation matrix to Scoreboard
UVM_INFO UVM/env/agents/out_agent/out_monitor.sv(31) @ 1161790: uvm_test_top.env.o_agent.mon [OUT_MON] Execution started
UVM_INFO UVM/env/agents/act_agent/act_driver.sv(40) @ 1161790: uvm_test_top.env.a_agent.drv [ACT_DRV] Activations loaded and start_exec pulsed!
UVM_INFO UVM/env/tpu_scoreboard.sv(40) @ 1161790: uvm_test_top.env.sb [SCOREBOARD] Data received
UVM_INFO UVM/env/sequences/act_sequence.sv(19) @ 1161790: uvm_test_top.env.a_agent.sqr@@a_seq [ACT_SEQ] All done
UVM_INFO UVM/env/agents/out_agent/out_monitor.sv(34) @ 1162210: uvm_test_top.env.o_agent.mon [OUT_MON] Timer finish
UVM_INFO UVM/env/tpu_scoreboard.sv(90) @ 1162830: uvm_test_top.env.sb [SCOREBOARD] --- Comparing Row 0 ---
UVM_INFO UVM/env/tpu_scoreboard.sv(90) @ 1162830: uvm_test_top.env.sb [SCOREBOARD] --- Comparing Row 1 ---
UVM_INFO UVM/env/tpu_scoreboard.sv(90) @ 1162830: uvm_test_top.env.sb [SCOREBOARD] --- Comparing Row 2 ---
UVM_INFO UVM/env/tpu_scoreboard.sv(90) @ 1162830: uvm_test_top.env.sb [SCOREBOARD] --- Comparing Row 3 ---
UVM_INFO UVM/env/tpu_scoreboard.sv(90) @ 1162830: uvm_test_top.env.sb [SCOREBOARD] --- Comparing Row 4 ---
UVM_INFO UVM/env/tpu_scoreboard.sv(90) @ 1162830: uvm_test_top.env.sb [SCOREBOARD] --- Comparing Row 5 ---
UVM_INFO UVM/env/tpu_scoreboard.sv(90) @ 1162830: uvm_test_top.env.sb [SCOREBOARD] --- Comparing Row 6 ---
UVM_INFO UVM/env/tpu_scoreboard.sv(90) @ 1162830: uvm_test_top.env.sb [SCOREBOARD] --- Comparing Row 7 ---
UVM_INFO UVM/env/tpu_scoreboard.sv(90) @ 1162830: uvm_test_top.env.sb [SCOREBOARD] --- Comparing Row 8 ---
UVM_INFO UVM/env/tpu_scoreboard.sv(90) @ 1162830: uvm_test_top.env.sb [SCOREBOARD] --- Comparing Row 9 ---
UVM_INFO UVM/env/tpu_scoreboard.sv(90) @ 1162830: uvm_test_top.env.sb [SCOREBOARD] --- Comparing Row 10 ---
UVM_INFO UVM/env/tpu_scoreboard.sv(90) @ 1162830: uvm_test_top.env.sb [SCOREBOARD] --- Comparing Row 11 ---
UVM_INFO UVM/env/tpu_scoreboard.sv(90) @ 1162830: uvm_test_top.env.sb [SCOREBOARD] --- Comparing Row 12 ---
UVM_INFO UVM/env/tpu_scoreboard.sv(90) @ 1162830: uvm_test_top.env.sb [SCOREBOARD] --- Comparing Row 13 ---
UVM_INFO UVM/env/tpu_scoreboard.sv(90) @ 1162830: uvm_test_top.env.sb [SCOREBOARD] --- Comparing Row 14 ---
UVM_INFO UVM/env/tpu_scoreboard.sv(90) @ 1162830: uvm_test_top.env.sb [SCOREBOARD] --- Comparing Row 15 ---
UVM_INFO UVM/env/tpu_scoreboard.sv(102) @ 1162830: uvm_test_top.env.sb [SCOREBOARD] ==================================================
UVM_INFO UVM/env/tpu_scoreboard.sv(103) @ 1162830: uvm_test_top.env.sb [SCOREBOARD]  [PASS] ALL 256 OUTPUTS MATCH THE GOLDEN MODEL! 
UVM_INFO UVM/env/tpu_scoreboard.sv(104) @ 1162830: uvm_test_top.env.sb [SCOREBOARD] ==================================================
UVM_INFO UVM/env/tpu_scoreboard.sv(34) @ 1162830: uvm_test_top.env.sb [SCOREBOARD] Waiting data from 3 monitors
UVM_INFO UVM/env/sequences/weight_sequence.sv(12) @ 1164290: uvm_test_top.env.w_agent.sequencer@@w_seq [WT_SEQ] Preparing to send matrices
UVM_INFO UVM/env/agents/weight_agent/weight_driver.sv(26) @ 1164290: uvm_test_top.env.w_agent.driver [WT_DRV] Starting SRAM writing phase...
UVM_INFO UVM/env/agents/weight_agent/weight_driver.sv(43) @ 1169490: uvm_test_top.env.w_agent.driver [WT_DRV] Waiting for controller to finish ...
UVM_INFO UVM/env/agents/weight_agent/weight_driver.sv(58) @ 1179790: uvm_test_top.env.w_agent.driver [WT_DRV] Matrix successfully loaded into PEs!
UVM_INFO UVM/env/sequences/weight_sequence.sv(19) @ 1179790: uvm_test_top.env.w_agent.sequencer@@w_seq [WT_SEQ] All 3 matrices sent.
UVM_INFO UVM/env/agents/weight_agent/weight_monitor.sv(36) @ 1179810: uvm_test_top.env.w_agent.monitor [WT_MON] Broadcasting matrix
UVM_INFO UVM/env/sequences/act_sequence.sv(12) @ 1179890: uvm_test_top.env.a_agent.sqr@@a_seq [ACT_SEQ] Starting
UVM_INFO UVM/env/agents/act_agent/act_driver.sv(24) @ 1179890: uvm_test_top.env.a_agent.drv [ACT_DRV] Starting SRAM writing phase...
UVM_INFO UVM/env/agents/act_agent/act_monitor.sv(33) @ 1180270: uvm_test_top.env.a_agent.mon [ACT_MON] Broadcasting activation matrix to Scoreboard
UVM_INFO UVM/env/agents/out_agent/out_monitor.sv(31) @ 1180270: uvm_test_top.env.o_agent.mon [OUT_MON] Execution started
UVM_INFO UVM/env/agents/act_agent/act_driver.sv(40) @ 1180270: uvm_test_top.env.a_agent.drv [ACT_DRV] Activations loaded and start_exec pulsed!
UVM_INFO UVM/env/tpu_scoreboard.sv(40) @ 1180270: uvm_test_top.env.sb [SCOREBOARD] Data received
UVM_INFO UVM/env/sequences/act_sequence.sv(19) @ 1180270: uvm_test_top.env.a_agent.sqr@@a_seq [ACT_SEQ] All done
UVM_INFO UVM/env/agents/out_agent/out_monitor.sv(34) @ 1180690: uvm_test_top.env.o_agent.mon [OUT_MON] Timer finish
UVM_INFO UVM/env/tpu_scoreboard.sv(90) @ 1181310: uvm_test_top.env.sb [SCOREBOARD] --- Comparing Row 0 ---
UVM_INFO UVM/env/tpu_scoreboard.sv(90) @ 1181310: uvm_test_top.env.sb [SCOREBOARD] --- Comparing Row 1 ---
UVM_INFO UVM/env/tpu_scoreboard.sv(90) @ 1181310: uvm_test_top.env.sb [SCOREBOARD] --- Comparing Row 2 ---
UVM_INFO UVM/env/tpu_scoreboard.sv(90) @ 1181310: uvm_test_top.env.sb [SCOREBOARD] --- Comparing Row 3 ---
UVM_INFO UVM/env/tpu_scoreboard.sv(90) @ 1181310: uvm_test_top.env.sb [SCOREBOARD] --- Comparing Row 4 ---
UVM_INFO UVM/env/tpu_scoreboard.sv(90) @ 1181310: uvm_test_top.env.sb [SCOREBOARD] --- Comparing Row 5 ---
UVM_INFO UVM/env/tpu_scoreboard.sv(90) @ 1181310: uvm_test_top.env.sb [SCOREBOARD] --- Comparing Row 6 ---
UVM_INFO UVM/env/tpu_scoreboard.sv(90) @ 1181310: uvm_test_top.env.sb [SCOREBOARD] --- Comparing Row 7 ---
UVM_INFO UVM/env/tpu_scoreboard.sv(90) @ 1181310: uvm_test_top.env.sb [SCOREBOARD] --- Comparing Row 8 ---
UVM_INFO UVM/env/tpu_scoreboard.sv(90) @ 1181310: uvm_test_top.env.sb [SCOREBOARD] --- Comparing Row 9 ---
UVM_INFO UVM/env/tpu_scoreboard.sv(90) @ 1181310: uvm_test_top.env.sb [SCOREBOARD] --- Comparing Row 10 ---
UVM_INFO UVM/env/tpu_scoreboard.sv(90) @ 1181310: uvm_test_top.env.sb [SCOREBOARD] --- Comparing Row 11 ---
UVM_INFO UVM/env/tpu_scoreboard.sv(90) @ 1181310: uvm_test_top.env.sb [SCOREBOARD] --- Comparing Row 12 ---
UVM_INFO UVM/env/tpu_scoreboard.sv(90) @ 1181310: uvm_test_top.env.sb [SCOREBOARD] --- Comparing Row 13 ---
UVM_INFO UVM/env/tpu_scoreboard.sv(90) @ 1181310: uvm_test_top.env.sb [SCOREBOARD] --- Comparing Row 14 ---
UVM_INFO UVM/env/tpu_scoreboard.sv(90) @ 1181310: uvm_test_top.env.sb [SCOREBOARD] --- Comparing Row 15 ---
UVM_INFO UVM/env/tpu_scoreboard.sv(102) @ 1181310: uvm_test_top.env.sb [SCOREBOARD] ==================================================
UVM_INFO UVM/env/tpu_scoreboard.sv(103) @ 1181310: uvm_test_top.env.sb [SCOREBOARD]  [PASS] ALL 256 OUTPUTS MATCH THE GOLDEN MODEL! 
UVM_INFO UVM/env/tpu_scoreboard.sv(104) @ 1181310: uvm_test_top.env.sb [SCOREBOARD] ==================================================
UVM_INFO UVM/env/tpu_scoreboard.sv(34) @ 1181310: uvm_test_top.env.sb [SCOREBOARD] Waiting data from 3 monitors
UVM_INFO UVM/env/sequences/weight_sequence.sv(12) @ 1182770: uvm_test_top.env.w_agent.sequencer@@w_seq [WT_SEQ] Preparing to send matrices
UVM_INFO UVM/env/agents/weight_agent/weight_driver.sv(26) @ 1182770: uvm_test_top.env.w_agent.driver [WT_DRV] Starting SRAM writing phase...
UVM_INFO UVM/env/agents/weight_agent/weight_driver.sv(43) @ 1187970: uvm_test_top.env.w_agent.driver [WT_DRV] Waiting for controller to finish ...
UVM_INFO UVM/env/agents/weight_agent/weight_driver.sv(58) @ 1198270: uvm_test_top.env.w_agent.driver [WT_DRV] Matrix successfully loaded into PEs!
UVM_INFO UVM/env/sequences/weight_sequence.sv(19) @ 1198270: uvm_test_top.env.w_agent.sequencer@@w_seq [WT_SEQ] All 3 matrices sent.
UVM_INFO UVM/env/agents/weight_agent/weight_monitor.sv(36) @ 1198290: uvm_test_top.env.w_agent.monitor [WT_MON] Broadcasting matrix
UVM_INFO UVM/env/sequences/act_sequence.sv(12) @ 1198370: uvm_test_top.env.a_agent.sqr@@a_seq [ACT_SEQ] Starting
UVM_INFO UVM/env/agents/act_agent/act_driver.sv(24) @ 1198370: uvm_test_top.env.a_agent.drv [ACT_DRV] Starting SRAM writing phase...
UVM_INFO UVM/env/agents/act_agent/act_monitor.sv(33) @ 1198750: uvm_test_top.env.a_agent.mon [ACT_MON] Broadcasting activation matrix to Scoreboard
UVM_INFO UVM/env/agents/out_agent/out_monitor.sv(31) @ 1198750: uvm_test_top.env.o_agent.mon [OUT_MON] Execution started
UVM_INFO UVM/env/agents/act_agent/act_driver.sv(40) @ 1198750: uvm_test_top.env.a_agent.drv [ACT_DRV] Activations loaded and start_exec pulsed!
UVM_INFO UVM/env/tpu_scoreboard.sv(40) @ 1198750: uvm_test_top.env.sb [SCOREBOARD] Data received
UVM_INFO UVM/env/sequences/act_sequence.sv(19) @ 1198750: uvm_test_top.env.a_agent.sqr@@a_seq [ACT_SEQ] All done
UVM_INFO UVM/env/agents/out_agent/out_monitor.sv(34) @ 1199170: uvm_test_top.env.o_agent.mon [OUT_MON] Timer finish
UVM_INFO UVM/env/tpu_scoreboard.sv(90) @ 1199790: uvm_test_top.env.sb [SCOREBOARD] --- Comparing Row 0 ---
UVM_INFO UVM/env/tpu_scoreboard.sv(90) @ 1199790: uvm_test_top.env.sb [SCOREBOARD] --- Comparing Row 1 ---
UVM_INFO UVM/env/tpu_scoreboard.sv(90) @ 1199790: uvm_test_top.env.sb [SCOREBOARD] --- Comparing Row 2 ---
UVM_INFO UVM/env/tpu_scoreboard.sv(90) @ 1199790: uvm_test_top.env.sb [SCOREBOARD] --- Comparing Row 3 ---
UVM_INFO UVM/env/tpu_scoreboard.sv(90) @ 1199790: uvm_test_top.env.sb [SCOREBOARD] --- Comparing Row 4 ---
UVM_INFO UVM/env/tpu_scoreboard.sv(90) @ 1199790: uvm_test_top.env.sb [SCOREBOARD] --- Comparing Row 5 ---
UVM_INFO UVM/env/tpu_scoreboard.sv(90) @ 1199790: uvm_test_top.env.sb [SCOREBOARD] --- Comparing Row 6 ---
UVM_INFO UVM/env/tpu_scoreboard.sv(90) @ 1199790: uvm_test_top.env.sb [SCOREBOARD] --- Comparing Row 7 ---
UVM_INFO UVM/env/tpu_scoreboard.sv(90) @ 1199790: uvm_test_top.env.sb [SCOREBOARD] --- Comparing Row 8 ---
UVM_INFO UVM/env/tpu_scoreboard.sv(90) @ 1199790: uvm_test_top.env.sb [SCOREBOARD] --- Comparing Row 9 ---
UVM_INFO UVM/env/tpu_scoreboard.sv(90) @ 1199790: uvm_test_top.env.sb [SCOREBOARD] --- Comparing Row 10 ---
UVM_INFO UVM/env/tpu_scoreboard.sv(90) @ 1199790: uvm_test_top.env.sb [SCOREBOARD] --- Comparing Row 11 ---
UVM_INFO UVM/env/tpu_scoreboard.sv(90) @ 1199790: uvm_test_top.env.sb [SCOREBOARD] --- Comparing Row 12 ---
UVM_INFO UVM/env/tpu_scoreboard.sv(90) @ 1199790: uvm_test_top.env.sb [SCOREBOARD] --- Comparing Row 13 ---
UVM_INFO UVM/env/tpu_scoreboard.sv(90) @ 1199790: uvm_test_top.env.sb [SCOREBOARD] --- Comparing Row 14 ---
UVM_INFO UVM/env/tpu_scoreboard.sv(90) @ 1199790: uvm_test_top.env.sb [SCOREBOARD] --- Comparing Row 15 ---
UVM_INFO UVM/env/tpu_scoreboard.sv(102) @ 1199790: uvm_test_top.env.sb [SCOREBOARD] ==================================================
UVM_INFO UVM/env/tpu_scoreboard.sv(103) @ 1199790: uvm_test_top.env.sb [SCOREBOARD]  [PASS] ALL 256 OUTPUTS MATCH THE GOLDEN MODEL! 
UVM_INFO UVM/env/tpu_scoreboard.sv(104) @ 1199790: uvm_test_top.env.sb [SCOREBOARD] ==================================================
UVM_INFO UVM/env/tpu_scoreboard.sv(34) @ 1199790: uvm_test_top.env.sb [SCOREBOARD] Waiting data from 3 monitors
UVM_INFO UVM/env/sequences/weight_sequence.sv(12) @ 1201250: uvm_test_top.env.w_agent.sequencer@@w_seq [WT_SEQ] Preparing to send matrices
UVM_INFO UVM/env/agents/weight_agent/weight_driver.sv(26) @ 1201250: uvm_test_top.env.w_agent.driver [WT_DRV] Starting SRAM writing phase...
UVM_INFO UVM/env/agents/weight_agent/weight_driver.sv(43) @ 1206450: uvm_test_top.env.w_agent.driver [WT_DRV] Waiting for controller to finish ...
UVM_INFO UVM/env/agents/weight_agent/weight_driver.sv(58) @ 1216750: uvm_test_top.env.w_agent.driver [WT_DRV] Matrix successfully loaded into PEs!
UVM_INFO UVM/env/sequences/weight_sequence.sv(19) @ 1216750: uvm_test_top.env.w_agent.sequencer@@w_seq [WT_SEQ] All 3 matrices sent.
UVM_INFO UVM/env/agents/weight_agent/weight_monitor.sv(36) @ 1216770: uvm_test_top.env.w_agent.monitor [WT_MON] Broadcasting matrix
UVM_INFO UVM/env/sequences/act_sequence.sv(12) @ 1216850: uvm_test_top.env.a_agent.sqr@@a_seq [ACT_SEQ] Starting
UVM_INFO UVM/env/agents/act_agent/act_driver.sv(24) @ 1216850: uvm_test_top.env.a_agent.drv [ACT_DRV] Starting SRAM writing phase...
UVM_INFO UVM/env/agents/act_agent/act_monitor.sv(33) @ 1217230: uvm_test_top.env.a_agent.mon [ACT_MON] Broadcasting activation matrix to Scoreboard
UVM_INFO UVM/env/agents/out_agent/out_monitor.sv(31) @ 1217230: uvm_test_top.env.o_agent.mon [OUT_MON] Execution started
UVM_INFO UVM/env/agents/act_agent/act_driver.sv(40) @ 1217230: uvm_test_top.env.a_agent.drv [ACT_DRV] Activations loaded and start_exec pulsed!
UVM_INFO UVM/env/tpu_scoreboard.sv(40) @ 1217230: uvm_test_top.env.sb [SCOREBOARD] Data received
UVM_INFO UVM/env/sequences/act_sequence.sv(19) @ 1217230: uvm_test_top.env.a_agent.sqr@@a_seq [ACT_SEQ] All done
UVM_INFO UVM/env/agents/out_agent/out_monitor.sv(34) @ 1217650: uvm_test_top.env.o_agent.mon [OUT_MON] Timer finish
UVM_INFO UVM/env/tpu_scoreboard.sv(90) @ 1218270: uvm_test_top.env.sb [SCOREBOARD] --- Comparing Row 0 ---
UVM_INFO UVM/env/tpu_scoreboard.sv(90) @ 1218270: uvm_test_top.env.sb [SCOREBOARD] --- Comparing Row 1 ---
UVM_INFO UVM/env/tpu_scoreboard.sv(90) @ 1218270: uvm_test_top.env.sb [SCOREBOARD] --- Comparing Row 2 ---
UVM_INFO UVM/env/tpu_scoreboard.sv(90) @ 1218270: uvm_test_top.env.sb [SCOREBOARD] --- Comparing Row 3 ---
UVM_INFO UVM/env/tpu_scoreboard.sv(90) @ 1218270: uvm_test_top.env.sb [SCOREBOARD] --- Comparing Row 4 ---
UVM_INFO UVM/env/tpu_scoreboard.sv(90) @ 1218270: uvm_test_top.env.sb [SCOREBOARD] --- Comparing Row 5 ---
UVM_INFO UVM/env/tpu_scoreboard.sv(90) @ 1218270: uvm_test_top.env.sb [SCOREBOARD] --- Comparing Row 6 ---
UVM_INFO UVM/env/tpu_scoreboard.sv(90) @ 1218270: uvm_test_top.env.sb [SCOREBOARD] --- Comparing Row 7 ---
UVM_INFO UVM/env/tpu_scoreboard.sv(90) @ 1218270: uvm_test_top.env.sb [SCOREBOARD] --- Comparing Row 8 ---
UVM_INFO UVM/env/tpu_scoreboard.sv(90) @ 1218270: uvm_test_top.env.sb [SCOREBOARD] --- Comparing Row 9 ---
UVM_INFO UVM/env/tpu_scoreboard.sv(90) @ 1218270: uvm_test_top.env.sb [SCOREBOARD] --- Comparing Row 10 ---
UVM_INFO UVM/env/tpu_scoreboard.sv(90) @ 1218270: uvm_test_top.env.sb [SCOREBOARD] --- Comparing Row 11 ---
UVM_INFO UVM/env/tpu_scoreboard.sv(90) @ 1218270: uvm_test_top.env.sb [SCOREBOARD] --- Comparing Row 12 ---
UVM_INFO UVM/env/tpu_scoreboard.sv(90) @ 1218270: uvm_test_top.env.sb [SCOREBOARD] --- Comparing Row 13 ---
UVM_INFO UVM/env/tpu_scoreboard.sv(90) @ 1218270: uvm_test_top.env.sb [SCOREBOARD] --- Comparing Row 14 ---
UVM_INFO UVM/env/tpu_scoreboard.sv(90) @ 1218270: uvm_test_top.env.sb [SCOREBOARD] --- Comparing Row 15 ---
UVM_INFO UVM/env/tpu_scoreboard.sv(102) @ 1218270: uvm_test_top.env.sb [SCOREBOARD] ==================================================
UVM_INFO UVM/env/tpu_scoreboard.sv(103) @ 1218270: uvm_test_top.env.sb [SCOREBOARD]  [PASS] ALL 256 OUTPUTS MATCH THE GOLDEN MODEL! 
UVM_INFO UVM/env/tpu_scoreboard.sv(104) @ 1218270: uvm_test_top.env.sb [SCOREBOARD] ==================================================
UVM_INFO UVM/env/tpu_scoreboard.sv(34) @ 1218270: uvm_test_top.env.sb [SCOREBOARD] Waiting data from 3 monitors
UVM_INFO UVM/env/sequences/weight_sequence.sv(12) @ 1219730: uvm_test_top.env.w_agent.sequencer@@w_seq [WT_SEQ] Preparing to send matrices
UVM_INFO UVM/env/agents/weight_agent/weight_driver.sv(26) @ 1219730: uvm_test_top.env.w_agent.driver [WT_DRV] Starting SRAM writing phase...
UVM_INFO UVM/env/agents/weight_agent/weight_driver.sv(43) @ 1224930: uvm_test_top.env.w_agent.driver [WT_DRV] Waiting for controller to finish ...
UVM_INFO UVM/env/agents/weight_agent/weight_driver.sv(58) @ 1235230: uvm_test_top.env.w_agent.driver [WT_DRV] Matrix successfully loaded into PEs!
UVM_INFO UVM/env/sequences/weight_sequence.sv(19) @ 1235230: uvm_test_top.env.w_agent.sequencer@@w_seq [WT_SEQ] All 3 matrices sent.
UVM_INFO UVM/env/agents/weight_agent/weight_monitor.sv(36) @ 1235250: uvm_test_top.env.w_agent.monitor [WT_MON] Broadcasting matrix
UVM_INFO UVM/env/sequences/act_sequence.sv(12) @ 1235330: uvm_test_top.env.a_agent.sqr@@a_seq [ACT_SEQ] Starting
UVM_INFO UVM/env/agents/act_agent/act_driver.sv(24) @ 1235330: uvm_test_top.env.a_agent.drv [ACT_DRV] Starting SRAM writing phase...
UVM_INFO UVM/env/agents/act_agent/act_monitor.sv(33) @ 1235710: uvm_test_top.env.a_agent.mon [ACT_MON] Broadcasting activation matrix to Scoreboard
UVM_INFO UVM/env/agents/out_agent/out_monitor.sv(31) @ 1235710: uvm_test_top.env.o_agent.mon [OUT_MON] Execution started
UVM_INFO UVM/env/agents/act_agent/act_driver.sv(40) @ 1235710: uvm_test_top.env.a_agent.drv [ACT_DRV] Activations loaded and start_exec pulsed!
UVM_INFO UVM/env/tpu_scoreboard.sv(40) @ 1235710: uvm_test_top.env.sb [SCOREBOARD] Data received
UVM_INFO UVM/env/sequences/act_sequence.sv(19) @ 1235710: uvm_test_top.env.a_agent.sqr@@a_seq [ACT_SEQ] All done
UVM_INFO UVM/env/agents/out_agent/out_monitor.sv(34) @ 1236130: uvm_test_top.env.o_agent.mon [OUT_MON] Timer finish
UVM_INFO UVM/env/tpu_scoreboard.sv(90) @ 1236750: uvm_test_top.env.sb [SCOREBOARD] --- Comparing Row 0 ---
UVM_INFO UVM/env/tpu_scoreboard.sv(90) @ 1236750: uvm_test_top.env.sb [SCOREBOARD] --- Comparing Row 1 ---
UVM_INFO UVM/env/tpu_scoreboard.sv(90) @ 1236750: uvm_test_top.env.sb [SCOREBOARD] --- Comparing Row 2 ---
UVM_INFO UVM/env/tpu_scoreboard.sv(90) @ 1236750: uvm_test_top.env.sb [SCOREBOARD] --- Comparing Row 3 ---
UVM_INFO UVM/env/tpu_scoreboard.sv(90) @ 1236750: uvm_test_top.env.sb [SCOREBOARD] --- Comparing Row 4 ---
UVM_INFO UVM/env/tpu_scoreboard.sv(90) @ 1236750: uvm_test_top.env.sb [SCOREBOARD] --- Comparing Row 5 ---
UVM_INFO UVM/env/tpu_scoreboard.sv(90) @ 1236750: uvm_test_top.env.sb [SCOREBOARD] --- Comparing Row 6 ---
UVM_INFO UVM/env/tpu_scoreboard.sv(90) @ 1236750: uvm_test_top.env.sb [SCOREBOARD] --- Comparing Row 7 ---
UVM_INFO UVM/env/tpu_scoreboard.sv(90) @ 1236750: uvm_test_top.env.sb [SCOREBOARD] --- Comparing Row 8 ---
UVM_INFO UVM/env/tpu_scoreboard.sv(90) @ 1236750: uvm_test_top.env.sb [SCOREBOARD] --- Comparing Row 9 ---
UVM_INFO UVM/env/tpu_scoreboard.sv(90) @ 1236750: uvm_test_top.env.sb [SCOREBOARD] --- Comparing Row 10 ---
UVM_INFO UVM/env/tpu_scoreboard.sv(90) @ 1236750: uvm_test_top.env.sb [SCOREBOARD] --- Comparing Row 11 ---
UVM_INFO UVM/env/tpu_scoreboard.sv(90) @ 1236750: uvm_test_top.env.sb [SCOREBOARD] --- Comparing Row 12 ---
UVM_INFO UVM/env/tpu_scoreboard.sv(90) @ 1236750: uvm_test_top.env.sb [SCOREBOARD] --- Comparing Row 13 ---
UVM_INFO UVM/env/tpu_scoreboard.sv(90) @ 1236750: uvm_test_top.env.sb [SCOREBOARD] --- Comparing Row 14 ---
UVM_INFO UVM/env/tpu_scoreboard.sv(90) @ 1236750: uvm_test_top.env.sb [SCOREBOARD] --- Comparing Row 15 ---
UVM_INFO UVM/env/tpu_scoreboard.sv(102) @ 1236750: uvm_test_top.env.sb [SCOREBOARD] ==================================================
UVM_INFO UVM/env/tpu_scoreboard.sv(103) @ 1236750: uvm_test_top.env.sb [SCOREBOARD]  [PASS] ALL 256 OUTPUTS MATCH THE GOLDEN MODEL! 
UVM_INFO UVM/env/tpu_scoreboard.sv(104) @ 1236750: uvm_test_top.env.sb [SCOREBOARD] ==================================================
UVM_INFO UVM/env/tpu_scoreboard.sv(34) @ 1236750: uvm_test_top.env.sb [SCOREBOARD] Waiting data from 3 monitors
UVM_INFO UVM/env/sequences/weight_sequence.sv(12) @ 1238210: uvm_test_top.env.w_agent.sequencer@@w_seq [WT_SEQ] Preparing to send matrices
UVM_INFO UVM/env/agents/weight_agent/weight_driver.sv(26) @ 1238210: uvm_test_top.env.w_agent.driver [WT_DRV] Starting SRAM writing phase...
UVM_INFO UVM/env/agents/weight_agent/weight_driver.sv(43) @ 1243410: uvm_test_top.env.w_agent.driver [WT_DRV] Waiting for controller to finish ...
UVM_INFO UVM/env/agents/weight_agent/weight_driver.sv(58) @ 1253710: uvm_test_top.env.w_agent.driver [WT_DRV] Matrix successfully loaded into PEs!
UVM_INFO UVM/env/sequences/weight_sequence.sv(19) @ 1253710: uvm_test_top.env.w_agent.sequencer@@w_seq [WT_SEQ] All 3 matrices sent.
UVM_INFO UVM/env/agents/weight_agent/weight_monitor.sv(36) @ 1253730: uvm_test_top.env.w_agent.monitor [WT_MON] Broadcasting matrix
UVM_INFO UVM/env/sequences/act_sequence.sv(12) @ 1253810: uvm_test_top.env.a_agent.sqr@@a_seq [ACT_SEQ] Starting
UVM_INFO UVM/env/agents/act_agent/act_driver.sv(24) @ 1253810: uvm_test_top.env.a_agent.drv [ACT_DRV] Starting SRAM writing phase...
UVM_INFO UVM/env/agents/act_agent/act_monitor.sv(33) @ 1254190: uvm_test_top.env.a_agent.mon [ACT_MON] Broadcasting activation matrix to Scoreboard
UVM_INFO UVM/env/agents/out_agent/out_monitor.sv(31) @ 1254190: uvm_test_top.env.o_agent.mon [OUT_MON] Execution started
UVM_INFO UVM/env/agents/act_agent/act_driver.sv(40) @ 1254190: uvm_test_top.env.a_agent.drv [ACT_DRV] Activations loaded and start_exec pulsed!
UVM_INFO UVM/env/tpu_scoreboard.sv(40) @ 1254190: uvm_test_top.env.sb [SCOREBOARD] Data received
UVM_INFO UVM/env/sequences/act_sequence.sv(19) @ 1254190: uvm_test_top.env.a_agent.sqr@@a_seq [ACT_SEQ] All done
UVM_INFO UVM/env/agents/out_agent/out_monitor.sv(34) @ 1254610: uvm_test_top.env.o_agent.mon [OUT_MON] Timer finish
UVM_INFO UVM/env/tpu_scoreboard.sv(90) @ 1255230: uvm_test_top.env.sb [SCOREBOARD] --- Comparing Row 0 ---
UVM_INFO UVM/env/tpu_scoreboard.sv(90) @ 1255230: uvm_test_top.env.sb [SCOREBOARD] --- Comparing Row 1 ---
UVM_INFO UVM/env/tpu_scoreboard.sv(90) @ 1255230: uvm_test_top.env.sb [SCOREBOARD] --- Comparing Row 2 ---
UVM_INFO UVM/env/tpu_scoreboard.sv(90) @ 1255230: uvm_test_top.env.sb [SCOREBOARD] --- Comparing Row 3 ---
UVM_INFO UVM/env/tpu_scoreboard.sv(90) @ 1255230: uvm_test_top.env.sb [SCOREBOARD] --- Comparing Row 4 ---
UVM_INFO UVM/env/tpu_scoreboard.sv(90) @ 1255230: uvm_test_top.env.sb [SCOREBOARD] --- Comparing Row 5 ---
UVM_INFO UVM/env/tpu_scoreboard.sv(90) @ 1255230: uvm_test_top.env.sb [SCOREBOARD] --- Comparing Row 6 ---
UVM_INFO UVM/env/tpu_scoreboard.sv(90) @ 1255230: uvm_test_top.env.sb [SCOREBOARD] --- Comparing Row 7 ---
UVM_INFO UVM/env/tpu_scoreboard.sv(90) @ 1255230: uvm_test_top.env.sb [SCOREBOARD] --- Comparing Row 8 ---
UVM_INFO UVM/env/tpu_scoreboard.sv(90) @ 1255230: uvm_test_top.env.sb [SCOREBOARD] --- Comparing Row 9 ---
UVM_INFO UVM/env/tpu_scoreboard.sv(90) @ 1255230: uvm_test_top.env.sb [SCOREBOARD] --- Comparing Row 10 ---
UVM_INFO UVM/env/tpu_scoreboard.sv(90) @ 1255230: uvm_test_top.env.sb [SCOREBOARD] --- Comparing Row 11 ---
UVM_INFO UVM/env/tpu_scoreboard.sv(90) @ 1255230: uvm_test_top.env.sb [SCOREBOARD] --- Comparing Row 12 ---
UVM_INFO UVM/env/tpu_scoreboard.sv(90) @ 1255230: uvm_test_top.env.sb [SCOREBOARD] --- Comparing Row 13 ---
UVM_INFO UVM/env/tpu_scoreboard.sv(90) @ 1255230: uvm_test_top.env.sb [SCOREBOARD] --- Comparing Row 14 ---
UVM_INFO UVM/env/tpu_scoreboard.sv(90) @ 1255230: uvm_test_top.env.sb [SCOREBOARD] --- Comparing Row 15 ---
UVM_INFO UVM/env/tpu_scoreboard.sv(102) @ 1255230: uvm_test_top.env.sb [SCOREBOARD] ==================================================
UVM_INFO UVM/env/tpu_scoreboard.sv(103) @ 1255230: uvm_test_top.env.sb [SCOREBOARD]  [PASS] ALL 256 OUTPUTS MATCH THE GOLDEN MODEL! 
UVM_INFO UVM/env/tpu_scoreboard.sv(104) @ 1255230: uvm_test_top.env.sb [SCOREBOARD] ==================================================
UVM_INFO UVM/env/tpu_scoreboard.sv(34) @ 1255230: uvm_test_top.env.sb [SCOREBOARD] Waiting data from 3 monitors
UVM_INFO UVM/env/sequences/weight_sequence.sv(12) @ 1256690: uvm_test_top.env.w_agent.sequencer@@w_seq [WT_SEQ] Preparing to send matrices
UVM_INFO UVM/env/agents/weight_agent/weight_driver.sv(26) @ 1256690: uvm_test_top.env.w_agent.driver [WT_DRV] Starting SRAM writing phase...
UVM_INFO UVM/env/agents/weight_agent/weight_driver.sv(43) @ 1261890: uvm_test_top.env.w_agent.driver [WT_DRV] Waiting for controller to finish ...
UVM_INFO UVM/env/agents/weight_agent/weight_driver.sv(58) @ 1272190: uvm_test_top.env.w_agent.driver [WT_DRV] Matrix successfully loaded into PEs!
UVM_INFO UVM/env/sequences/weight_sequence.sv(19) @ 1272190: uvm_test_top.env.w_agent.sequencer@@w_seq [WT_SEQ] All 3 matrices sent.
UVM_INFO UVM/env/agents/weight_agent/weight_monitor.sv(36) @ 1272210: uvm_test_top.env.w_agent.monitor [WT_MON] Broadcasting matrix
UVM_INFO UVM/env/sequences/act_sequence.sv(12) @ 1272290: uvm_test_top.env.a_agent.sqr@@a_seq [ACT_SEQ] Starting
UVM_INFO UVM/env/agents/act_agent/act_driver.sv(24) @ 1272290: uvm_test_top.env.a_agent.drv [ACT_DRV] Starting SRAM writing phase...
UVM_INFO UVM/env/agents/act_agent/act_monitor.sv(33) @ 1272670: uvm_test_top.env.a_agent.mon [ACT_MON] Broadcasting activation matrix to Scoreboard
UVM_INFO UVM/env/agents/out_agent/out_monitor.sv(31) @ 1272670: uvm_test_top.env.o_agent.mon [OUT_MON] Execution started
UVM_INFO UVM/env/agents/act_agent/act_driver.sv(40) @ 1272670: uvm_test_top.env.a_agent.drv [ACT_DRV] Activations loaded and start_exec pulsed!
UVM_INFO UVM/env/tpu_scoreboard.sv(40) @ 1272670: uvm_test_top.env.sb [SCOREBOARD] Data received
UVM_INFO UVM/env/sequences/act_sequence.sv(19) @ 1272670: uvm_test_top.env.a_agent.sqr@@a_seq [ACT_SEQ] All done
UVM_INFO UVM/env/agents/out_agent/out_monitor.sv(34) @ 1273090: uvm_test_top.env.o_agent.mon [OUT_MON] Timer finish
UVM_INFO UVM/env/tpu_scoreboard.sv(90) @ 1273710: uvm_test_top.env.sb [SCOREBOARD] --- Comparing Row 0 ---
UVM_INFO UVM/env/tpu_scoreboard.sv(90) @ 1273710: uvm_test_top.env.sb [SCOREBOARD] --- Comparing Row 1 ---
UVM_INFO UVM/env/tpu_scoreboard.sv(90) @ 1273710: uvm_test_top.env.sb [SCOREBOARD] --- Comparing Row 2 ---
UVM_INFO UVM/env/tpu_scoreboard.sv(90) @ 1273710: uvm_test_top.env.sb [SCOREBOARD] --- Comparing Row 3 ---
UVM_INFO UVM/env/tpu_scoreboard.sv(90) @ 1273710: uvm_test_top.env.sb [SCOREBOARD] --- Comparing Row 4 ---
UVM_INFO UVM/env/tpu_scoreboard.sv(90) @ 1273710: uvm_test_top.env.sb [SCOREBOARD] --- Comparing Row 5 ---
UVM_INFO UVM/env/tpu_scoreboard.sv(90) @ 1273710: uvm_test_top.env.sb [SCOREBOARD] --- Comparing Row 6 ---
UVM_INFO UVM/env/tpu_scoreboard.sv(90) @ 1273710: uvm_test_top.env.sb [SCOREBOARD] --- Comparing Row 7 ---
UVM_INFO UVM/env/tpu_scoreboard.sv(90) @ 1273710: uvm_test_top.env.sb [SCOREBOARD] --- Comparing Row 8 ---
UVM_INFO UVM/env/tpu_scoreboard.sv(90) @ 1273710: uvm_test_top.env.sb [SCOREBOARD] --- Comparing Row 9 ---
UVM_INFO UVM/env/tpu_scoreboard.sv(90) @ 1273710: uvm_test_top.env.sb [SCOREBOARD] --- Comparing Row 10 ---
UVM_INFO UVM/env/tpu_scoreboard.sv(90) @ 1273710: uvm_test_top.env.sb [SCOREBOARD] --- Comparing Row 11 ---
UVM_INFO UVM/env/tpu_scoreboard.sv(90) @ 1273710: uvm_test_top.env.sb [SCOREBOARD] --- Comparing Row 12 ---
UVM_INFO UVM/env/tpu_scoreboard.sv(90) @ 1273710: uvm_test_top.env.sb [SCOREBOARD] --- Comparing Row 13 ---
UVM_INFO UVM/env/tpu_scoreboard.sv(90) @ 1273710: uvm_test_top.env.sb [SCOREBOARD] --- Comparing Row 14 ---
UVM_INFO UVM/env/tpu_scoreboard.sv(90) @ 1273710: uvm_test_top.env.sb [SCOREBOARD] --- Comparing Row 15 ---
UVM_INFO UVM/env/tpu_scoreboard.sv(102) @ 1273710: uvm_test_top.env.sb [SCOREBOARD] ==================================================
UVM_INFO UVM/env/tpu_scoreboard.sv(103) @ 1273710: uvm_test_top.env.sb [SCOREBOARD]  [PASS] ALL 256 OUTPUTS MATCH THE GOLDEN MODEL! 
UVM_INFO UVM/env/tpu_scoreboard.sv(104) @ 1273710: uvm_test_top.env.sb [SCOREBOARD] ==================================================
UVM_INFO UVM/env/tpu_scoreboard.sv(34) @ 1273710: uvm_test_top.env.sb [SCOREBOARD] Waiting data from 3 monitors
UVM_INFO UVM/env/sequences/weight_sequence.sv(12) @ 1275170: uvm_test_top.env.w_agent.sequencer@@w_seq [WT_SEQ] Preparing to send matrices
UVM_INFO UVM/env/agents/weight_agent/weight_driver.sv(26) @ 1275170: uvm_test_top.env.w_agent.driver [WT_DRV] Starting SRAM writing phase...
UVM_INFO UVM/env/agents/weight_agent/weight_driver.sv(43) @ 1280370: uvm_test_top.env.w_agent.driver [WT_DRV] Waiting for controller to finish ...
UVM_INFO UVM/env/agents/weight_agent/weight_driver.sv(58) @ 1290670: uvm_test_top.env.w_agent.driver [WT_DRV] Matrix successfully loaded into PEs!
UVM_INFO UVM/env/sequences/weight_sequence.sv(19) @ 1290670: uvm_test_top.env.w_agent.sequencer@@w_seq [WT_SEQ] All 3 matrices sent.
UVM_INFO UVM/env/agents/weight_agent/weight_monitor.sv(36) @ 1290690: uvm_test_top.env.w_agent.monitor [WT_MON] Broadcasting matrix
UVM_INFO UVM/env/sequences/act_sequence.sv(12) @ 1290770: uvm_test_top.env.a_agent.sqr@@a_seq [ACT_SEQ] Starting
UVM_INFO UVM/env/agents/act_agent/act_driver.sv(24) @ 1290770: uvm_test_top.env.a_agent.drv [ACT_DRV] Starting SRAM writing phase...
UVM_INFO UVM/env/agents/act_agent/act_monitor.sv(33) @ 1291150: uvm_test_top.env.a_agent.mon [ACT_MON] Broadcasting activation matrix to Scoreboard
UVM_INFO UVM/env/agents/out_agent/out_monitor.sv(31) @ 1291150: uvm_test_top.env.o_agent.mon [OUT_MON] Execution started
UVM_INFO UVM/env/agents/act_agent/act_driver.sv(40) @ 1291150: uvm_test_top.env.a_agent.drv [ACT_DRV] Activations loaded and start_exec pulsed!
UVM_INFO UVM/env/tpu_scoreboard.sv(40) @ 1291150: uvm_test_top.env.sb [SCOREBOARD] Data received
UVM_INFO UVM/env/sequences/act_sequence.sv(19) @ 1291150: uvm_test_top.env.a_agent.sqr@@a_seq [ACT_SEQ] All done
UVM_INFO UVM/env/agents/out_agent/out_monitor.sv(34) @ 1291570: uvm_test_top.env.o_agent.mon [OUT_MON] Timer finish
UVM_INFO UVM/env/tpu_scoreboard.sv(90) @ 1292190: uvm_test_top.env.sb [SCOREBOARD] --- Comparing Row 0 ---
UVM_INFO UVM/env/tpu_scoreboard.sv(90) @ 1292190: uvm_test_top.env.sb [SCOREBOARD] --- Comparing Row 1 ---
UVM_INFO UVM/env/tpu_scoreboard.sv(90) @ 1292190: uvm_test_top.env.sb [SCOREBOARD] --- Comparing Row 2 ---
UVM_INFO UVM/env/tpu_scoreboard.sv(90) @ 1292190: uvm_test_top.env.sb [SCOREBOARD] --- Comparing Row 3 ---
UVM_INFO UVM/env/tpu_scoreboard.sv(90) @ 1292190: uvm_test_top.env.sb [SCOREBOARD] --- Comparing Row 4 ---
UVM_INFO UVM/env/tpu_scoreboard.sv(90) @ 1292190: uvm_test_top.env.sb [SCOREBOARD] --- Comparing Row 5 ---
UVM_INFO UVM/env/tpu_scoreboard.sv(90) @ 1292190: uvm_test_top.env.sb [SCOREBOARD] --- Comparing Row 6 ---
UVM_INFO UVM/env/tpu_scoreboard.sv(90) @ 1292190: uvm_test_top.env.sb [SCOREBOARD] --- Comparing Row 7 ---
UVM_INFO UVM/env/tpu_scoreboard.sv(90) @ 1292190: uvm_test_top.env.sb [SCOREBOARD] --- Comparing Row 8 ---
UVM_INFO UVM/env/tpu_scoreboard.sv(90) @ 1292190: uvm_test_top.env.sb [SCOREBOARD] --- Comparing Row 9 ---
UVM_INFO UVM/env/tpu_scoreboard.sv(90) @ 1292190: uvm_test_top.env.sb [SCOREBOARD] --- Comparing Row 10 ---
UVM_INFO UVM/env/tpu_scoreboard.sv(90) @ 1292190: uvm_test_top.env.sb [SCOREBOARD] --- Comparing Row 11 ---
UVM_INFO UVM/env/tpu_scoreboard.sv(90) @ 1292190: uvm_test_top.env.sb [SCOREBOARD] --- Comparing Row 12 ---
UVM_INFO UVM/env/tpu_scoreboard.sv(90) @ 1292190: uvm_test_top.env.sb [SCOREBOARD] --- Comparing Row 13 ---
UVM_INFO UVM/env/tpu_scoreboard.sv(90) @ 1292190: uvm_test_top.env.sb [SCOREBOARD] --- Comparing Row 14 ---
UVM_INFO UVM/env/tpu_scoreboard.sv(90) @ 1292190: uvm_test_top.env.sb [SCOREBOARD] --- Comparing Row 15 ---
UVM_INFO UVM/env/tpu_scoreboard.sv(102) @ 1292190: uvm_test_top.env.sb [SCOREBOARD] ==================================================
UVM_INFO UVM/env/tpu_scoreboard.sv(103) @ 1292190: uvm_test_top.env.sb [SCOREBOARD]  [PASS] ALL 256 OUTPUTS MATCH THE GOLDEN MODEL! 
UVM_INFO UVM/env/tpu_scoreboard.sv(104) @ 1292190: uvm_test_top.env.sb [SCOREBOARD] ==================================================
UVM_INFO UVM/env/tpu_scoreboard.sv(34) @ 1292190: uvm_test_top.env.sb [SCOREBOARD] Waiting data from 3 monitors
UVM_INFO UVM/env/sequences/weight_sequence.sv(12) @ 1293650: uvm_test_top.env.w_agent.sequencer@@w_seq [WT_SEQ] Preparing to send matrices
UVM_INFO UVM/env/agents/weight_agent/weight_driver.sv(26) @ 1293650: uvm_test_top.env.w_agent.driver [WT_DRV] Starting SRAM writing phase...
UVM_INFO UVM/env/agents/weight_agent/weight_driver.sv(43) @ 1298850: uvm_test_top.env.w_agent.driver [WT_DRV] Waiting for controller to finish ...
UVM_INFO UVM/env/agents/weight_agent/weight_driver.sv(58) @ 1309150: uvm_test_top.env.w_agent.driver [WT_DRV] Matrix successfully loaded into PEs!
UVM_INFO UVM/env/sequences/weight_sequence.sv(19) @ 1309150: uvm_test_top.env.w_agent.sequencer@@w_seq [WT_SEQ] All 3 matrices sent.
UVM_INFO UVM/env/agents/weight_agent/weight_monitor.sv(36) @ 1309170: uvm_test_top.env.w_agent.monitor [WT_MON] Broadcasting matrix
UVM_INFO UVM/env/sequences/act_sequence.sv(12) @ 1309250: uvm_test_top.env.a_agent.sqr@@a_seq [ACT_SEQ] Starting
UVM_INFO UVM/env/agents/act_agent/act_driver.sv(24) @ 1309250: uvm_test_top.env.a_agent.drv [ACT_DRV] Starting SRAM writing phase...
UVM_INFO UVM/env/agents/act_agent/act_monitor.sv(33) @ 1309630: uvm_test_top.env.a_agent.mon [ACT_MON] Broadcasting activation matrix to Scoreboard
UVM_INFO UVM/env/agents/out_agent/out_monitor.sv(31) @ 1309630: uvm_test_top.env.o_agent.mon [OUT_MON] Execution started
UVM_INFO UVM/env/agents/act_agent/act_driver.sv(40) @ 1309630: uvm_test_top.env.a_agent.drv [ACT_DRV] Activations loaded and start_exec pulsed!
UVM_INFO UVM/env/tpu_scoreboard.sv(40) @ 1309630: uvm_test_top.env.sb [SCOREBOARD] Data received
UVM_INFO UVM/env/sequences/act_sequence.sv(19) @ 1309630: uvm_test_top.env.a_agent.sqr@@a_seq [ACT_SEQ] All done
UVM_INFO UVM/env/agents/out_agent/out_monitor.sv(34) @ 1310050: uvm_test_top.env.o_agent.mon [OUT_MON] Timer finish
UVM_INFO UVM/env/tpu_scoreboard.sv(90) @ 1310670: uvm_test_top.env.sb [SCOREBOARD] --- Comparing Row 0 ---
UVM_INFO UVM/env/tpu_scoreboard.sv(90) @ 1310670: uvm_test_top.env.sb [SCOREBOARD] --- Comparing Row 1 ---
UVM_INFO UVM/env/tpu_scoreboard.sv(90) @ 1310670: uvm_test_top.env.sb [SCOREBOARD] --- Comparing Row 2 ---
UVM_INFO UVM/env/tpu_scoreboard.sv(90) @ 1310670: uvm_test_top.env.sb [SCOREBOARD] --- Comparing Row 3 ---
UVM_INFO UVM/env/tpu_scoreboard.sv(90) @ 1310670: uvm_test_top.env.sb [SCOREBOARD] --- Comparing Row 4 ---
UVM_INFO UVM/env/tpu_scoreboard.sv(90) @ 1310670: uvm_test_top.env.sb [SCOREBOARD] --- Comparing Row 5 ---
UVM_INFO UVM/env/tpu_scoreboard.sv(90) @ 1310670: uvm_test_top.env.sb [SCOREBOARD] --- Comparing Row 6 ---
UVM_INFO UVM/env/tpu_scoreboard.sv(90) @ 1310670: uvm_test_top.env.sb [SCOREBOARD] --- Comparing Row 7 ---
UVM_INFO UVM/env/tpu_scoreboard.sv(90) @ 1310670: uvm_test_top.env.sb [SCOREBOARD] --- Comparing Row 8 ---
UVM_INFO UVM/env/tpu_scoreboard.sv(90) @ 1310670: uvm_test_top.env.sb [SCOREBOARD] --- Comparing Row 9 ---
UVM_INFO UVM/env/tpu_scoreboard.sv(90) @ 1310670: uvm_test_top.env.sb [SCOREBOARD] --- Comparing Row 10 ---
UVM_INFO UVM/env/tpu_scoreboard.sv(90) @ 1310670: uvm_test_top.env.sb [SCOREBOARD] --- Comparing Row 11 ---
UVM_INFO UVM/env/tpu_scoreboard.sv(90) @ 1310670: uvm_test_top.env.sb [SCOREBOARD] --- Comparing Row 12 ---
UVM_INFO UVM/env/tpu_scoreboard.sv(90) @ 1310670: uvm_test_top.env.sb [SCOREBOARD] --- Comparing Row 13 ---
UVM_INFO UVM/env/tpu_scoreboard.sv(90) @ 1310670: uvm_test_top.env.sb [SCOREBOARD] --- Comparing Row 14 ---
UVM_INFO UVM/env/tpu_scoreboard.sv(90) @ 1310670: uvm_test_top.env.sb [SCOREBOARD] --- Comparing Row 15 ---
UVM_INFO UVM/env/tpu_scoreboard.sv(102) @ 1310670: uvm_test_top.env.sb [SCOREBOARD] ==================================================
UVM_INFO UVM/env/tpu_scoreboard.sv(103) @ 1310670: uvm_test_top.env.sb [SCOREBOARD]  [PASS] ALL 256 OUTPUTS MATCH THE GOLDEN MODEL! 
UVM_INFO UVM/env/tpu_scoreboard.sv(104) @ 1310670: uvm_test_top.env.sb [SCOREBOARD] ==================================================
UVM_INFO UVM/env/tpu_scoreboard.sv(34) @ 1310670: uvm_test_top.env.sb [SCOREBOARD] Waiting data from 3 monitors
UVM_INFO UVM/env/sequences/weight_sequence.sv(12) @ 1312130: uvm_test_top.env.w_agent.sequencer@@w_seq [WT_SEQ] Preparing to send matrices
UVM_INFO UVM/env/agents/weight_agent/weight_driver.sv(26) @ 1312130: uvm_test_top.env.w_agent.driver [WT_DRV] Starting SRAM writing phase...
UVM_INFO UVM/env/agents/weight_agent/weight_driver.sv(43) @ 1317330: uvm_test_top.env.w_agent.driver [WT_DRV] Waiting for controller to finish ...
UVM_INFO UVM/env/agents/weight_agent/weight_driver.sv(58) @ 1327630: uvm_test_top.env.w_agent.driver [WT_DRV] Matrix successfully loaded into PEs!
UVM_INFO UVM/env/sequences/weight_sequence.sv(19) @ 1327630: uvm_test_top.env.w_agent.sequencer@@w_seq [WT_SEQ] All 3 matrices sent.
UVM_INFO UVM/env/agents/weight_agent/weight_monitor.sv(36) @ 1327650: uvm_test_top.env.w_agent.monitor [WT_MON] Broadcasting matrix
UVM_INFO UVM/env/sequences/act_sequence.sv(12) @ 1327730: uvm_test_top.env.a_agent.sqr@@a_seq [ACT_SEQ] Starting
UVM_INFO UVM/env/agents/act_agent/act_driver.sv(24) @ 1327730: uvm_test_top.env.a_agent.drv [ACT_DRV] Starting SRAM writing phase...
UVM_INFO UVM/env/agents/act_agent/act_monitor.sv(33) @ 1328110: uvm_test_top.env.a_agent.mon [ACT_MON] Broadcasting activation matrix to Scoreboard
UVM_INFO UVM/env/agents/out_agent/out_monitor.sv(31) @ 1328110: uvm_test_top.env.o_agent.mon [OUT_MON] Execution started
UVM_INFO UVM/env/agents/act_agent/act_driver.sv(40) @ 1328110: uvm_test_top.env.a_agent.drv [ACT_DRV] Activations loaded and start_exec pulsed!
UVM_INFO UVM/env/tpu_scoreboard.sv(40) @ 1328110: uvm_test_top.env.sb [SCOREBOARD] Data received
UVM_INFO UVM/env/sequences/act_sequence.sv(19) @ 1328110: uvm_test_top.env.a_agent.sqr@@a_seq [ACT_SEQ] All done
UVM_INFO UVM/env/agents/out_agent/out_monitor.sv(34) @ 1328530: uvm_test_top.env.o_agent.mon [OUT_MON] Timer finish
UVM_INFO UVM/env/tpu_scoreboard.sv(90) @ 1329150: uvm_test_top.env.sb [SCOREBOARD] --- Comparing Row 0 ---
UVM_INFO UVM/env/tpu_scoreboard.sv(90) @ 1329150: uvm_test_top.env.sb [SCOREBOARD] --- Comparing Row 1 ---
UVM_INFO UVM/env/tpu_scoreboard.sv(90) @ 1329150: uvm_test_top.env.sb [SCOREBOARD] --- Comparing Row 2 ---
UVM_INFO UVM/env/tpu_scoreboard.sv(90) @ 1329150: uvm_test_top.env.sb [SCOREBOARD] --- Comparing Row 3 ---
UVM_INFO UVM/env/tpu_scoreboard.sv(90) @ 1329150: uvm_test_top.env.sb [SCOREBOARD] --- Comparing Row 4 ---
UVM_INFO UVM/env/tpu_scoreboard.sv(90) @ 1329150: uvm_test_top.env.sb [SCOREBOARD] --- Comparing Row 5 ---
UVM_INFO UVM/env/tpu_scoreboard.sv(90) @ 1329150: uvm_test_top.env.sb [SCOREBOARD] --- Comparing Row 6 ---
UVM_INFO UVM/env/tpu_scoreboard.sv(90) @ 1329150: uvm_test_top.env.sb [SCOREBOARD] --- Comparing Row 7 ---
UVM_INFO UVM/env/tpu_scoreboard.sv(90) @ 1329150: uvm_test_top.env.sb [SCOREBOARD] --- Comparing Row 8 ---
UVM_INFO UVM/env/tpu_scoreboard.sv(90) @ 1329150: uvm_test_top.env.sb [SCOREBOARD] --- Comparing Row 9 ---
UVM_INFO UVM/env/tpu_scoreboard.sv(90) @ 1329150: uvm_test_top.env.sb [SCOREBOARD] --- Comparing Row 10 ---
UVM_INFO UVM/env/tpu_scoreboard.sv(90) @ 1329150: uvm_test_top.env.sb [SCOREBOARD] --- Comparing Row 11 ---
UVM_INFO UVM/env/tpu_scoreboard.sv(90) @ 1329150: uvm_test_top.env.sb [SCOREBOARD] --- Comparing Row 12 ---
UVM_INFO UVM/env/tpu_scoreboard.sv(90) @ 1329150: uvm_test_top.env.sb [SCOREBOARD] --- Comparing Row 13 ---
UVM_INFO UVM/env/tpu_scoreboard.sv(90) @ 1329150: uvm_test_top.env.sb [SCOREBOARD] --- Comparing Row 14 ---
UVM_INFO UVM/env/tpu_scoreboard.sv(90) @ 1329150: uvm_test_top.env.sb [SCOREBOARD] --- Comparing Row 15 ---
UVM_INFO UVM/env/tpu_scoreboard.sv(102) @ 1329150: uvm_test_top.env.sb [SCOREBOARD] ==================================================
UVM_INFO UVM/env/tpu_scoreboard.sv(103) @ 1329150: uvm_test_top.env.sb [SCOREBOARD]  [PASS] ALL 256 OUTPUTS MATCH THE GOLDEN MODEL! 
UVM_INFO UVM/env/tpu_scoreboard.sv(104) @ 1329150: uvm_test_top.env.sb [SCOREBOARD] ==================================================
UVM_INFO UVM/env/tpu_scoreboard.sv(34) @ 1329150: uvm_test_top.env.sb [SCOREBOARD] Waiting data from 3 monitors
UVM_INFO UVM/env/sequences/weight_sequence.sv(12) @ 1330610: uvm_test_top.env.w_agent.sequencer@@w_seq [WT_SEQ] Preparing to send matrices
UVM_INFO UVM/env/agents/weight_agent/weight_driver.sv(26) @ 1330610: uvm_test_top.env.w_agent.driver [WT_DRV] Starting SRAM writing phase...
UVM_INFO UVM/env/agents/weight_agent/weight_driver.sv(43) @ 1335810: uvm_test_top.env.w_agent.driver [WT_DRV] Waiting for controller to finish ...
UVM_INFO UVM/env/agents/weight_agent/weight_driver.sv(58) @ 1346110: uvm_test_top.env.w_agent.driver [WT_DRV] Matrix successfully loaded into PEs!
UVM_INFO UVM/env/sequences/weight_sequence.sv(19) @ 1346110: uvm_test_top.env.w_agent.sequencer@@w_seq [WT_SEQ] All 3 matrices sent.
UVM_INFO UVM/env/agents/weight_agent/weight_monitor.sv(36) @ 1346130: uvm_test_top.env.w_agent.monitor [WT_MON] Broadcasting matrix
UVM_INFO UVM/env/sequences/act_sequence.sv(12) @ 1346210: uvm_test_top.env.a_agent.sqr@@a_seq [ACT_SEQ] Starting
UVM_INFO UVM/env/agents/act_agent/act_driver.sv(24) @ 1346210: uvm_test_top.env.a_agent.drv [ACT_DRV] Starting SRAM writing phase...
UVM_INFO UVM/env/agents/act_agent/act_monitor.sv(33) @ 1346590: uvm_test_top.env.a_agent.mon [ACT_MON] Broadcasting activation matrix to Scoreboard
UVM_INFO UVM/env/agents/out_agent/out_monitor.sv(31) @ 1346590: uvm_test_top.env.o_agent.mon [OUT_MON] Execution started
UVM_INFO UVM/env/agents/act_agent/act_driver.sv(40) @ 1346590: uvm_test_top.env.a_agent.drv [ACT_DRV] Activations loaded and start_exec pulsed!
UVM_INFO UVM/env/tpu_scoreboard.sv(40) @ 1346590: uvm_test_top.env.sb [SCOREBOARD] Data received
UVM_INFO UVM/env/sequences/act_sequence.sv(19) @ 1346590: uvm_test_top.env.a_agent.sqr@@a_seq [ACT_SEQ] All done
UVM_INFO UVM/env/agents/out_agent/out_monitor.sv(34) @ 1347010: uvm_test_top.env.o_agent.mon [OUT_MON] Timer finish
UVM_INFO UVM/env/tpu_scoreboard.sv(90) @ 1347630: uvm_test_top.env.sb [SCOREBOARD] --- Comparing Row 0 ---
UVM_INFO UVM/env/tpu_scoreboard.sv(90) @ 1347630: uvm_test_top.env.sb [SCOREBOARD] --- Comparing Row 1 ---
UVM_INFO UVM/env/tpu_scoreboard.sv(90) @ 1347630: uvm_test_top.env.sb [SCOREBOARD] --- Comparing Row 2 ---
UVM_INFO UVM/env/tpu_scoreboard.sv(90) @ 1347630: uvm_test_top.env.sb [SCOREBOARD] --- Comparing Row 3 ---
UVM_INFO UVM/env/tpu_scoreboard.sv(90) @ 1347630: uvm_test_top.env.sb [SCOREBOARD] --- Comparing Row 4 ---
UVM_INFO UVM/env/tpu_scoreboard.sv(90) @ 1347630: uvm_test_top.env.sb [SCOREBOARD] --- Comparing Row 5 ---
UVM_INFO UVM/env/tpu_scoreboard.sv(90) @ 1347630: uvm_test_top.env.sb [SCOREBOARD] --- Comparing Row 6 ---
UVM_INFO UVM/env/tpu_scoreboard.sv(90) @ 1347630: uvm_test_top.env.sb [SCOREBOARD] --- Comparing Row 7 ---
UVM_INFO UVM/env/tpu_scoreboard.sv(90) @ 1347630: uvm_test_top.env.sb [SCOREBOARD] --- Comparing Row 8 ---
UVM_INFO UVM/env/tpu_scoreboard.sv(90) @ 1347630: uvm_test_top.env.sb [SCOREBOARD] --- Comparing Row 9 ---
UVM_INFO UVM/env/tpu_scoreboard.sv(90) @ 1347630: uvm_test_top.env.sb [SCOREBOARD] --- Comparing Row 10 ---
UVM_INFO UVM/env/tpu_scoreboard.sv(90) @ 1347630: uvm_test_top.env.sb [SCOREBOARD] --- Comparing Row 11 ---
UVM_INFO UVM/env/tpu_scoreboard.sv(90) @ 1347630: uvm_test_top.env.sb [SCOREBOARD] --- Comparing Row 12 ---
UVM_INFO UVM/env/tpu_scoreboard.sv(90) @ 1347630: uvm_test_top.env.sb [SCOREBOARD] --- Comparing Row 13 ---
UVM_INFO UVM/env/tpu_scoreboard.sv(90) @ 1347630: uvm_test_top.env.sb [SCOREBOARD] --- Comparing Row 14 ---
UVM_INFO UVM/env/tpu_scoreboard.sv(90) @ 1347630: uvm_test_top.env.sb [SCOREBOARD] --- Comparing Row 15 ---
UVM_INFO UVM/env/tpu_scoreboard.sv(102) @ 1347630: uvm_test_top.env.sb [SCOREBOARD] ==================================================
UVM_INFO UVM/env/tpu_scoreboard.sv(103) @ 1347630: uvm_test_top.env.sb [SCOREBOARD]  [PASS] ALL 256 OUTPUTS MATCH THE GOLDEN MODEL! 
UVM_INFO UVM/env/tpu_scoreboard.sv(104) @ 1347630: uvm_test_top.env.sb [SCOREBOARD] ==================================================
UVM_INFO UVM/env/tpu_scoreboard.sv(34) @ 1347630: uvm_test_top.env.sb [SCOREBOARD] Waiting data from 3 monitors
UVM_INFO UVM/env/sequences/weight_sequence.sv(12) @ 1349090: uvm_test_top.env.w_agent.sequencer@@w_seq [WT_SEQ] Preparing to send matrices
UVM_INFO UVM/env/agents/weight_agent/weight_driver.sv(26) @ 1349090: uvm_test_top.env.w_agent.driver [WT_DRV] Starting SRAM writing phase...
UVM_INFO UVM/env/agents/weight_agent/weight_driver.sv(43) @ 1354290: uvm_test_top.env.w_agent.driver [WT_DRV] Waiting for controller to finish ...
UVM_INFO UVM/env/agents/weight_agent/weight_driver.sv(58) @ 1364590: uvm_test_top.env.w_agent.driver [WT_DRV] Matrix successfully loaded into PEs!
UVM_INFO UVM/env/sequences/weight_sequence.sv(19) @ 1364590: uvm_test_top.env.w_agent.sequencer@@w_seq [WT_SEQ] All 3 matrices sent.
UVM_INFO UVM/env/agents/weight_agent/weight_monitor.sv(36) @ 1364610: uvm_test_top.env.w_agent.monitor [WT_MON] Broadcasting matrix
UVM_INFO UVM/env/sequences/act_sequence.sv(12) @ 1364690: uvm_test_top.env.a_agent.sqr@@a_seq [ACT_SEQ] Starting
UVM_INFO UVM/env/agents/act_agent/act_driver.sv(24) @ 1364690: uvm_test_top.env.a_agent.drv [ACT_DRV] Starting SRAM writing phase...
UVM_INFO UVM/env/agents/act_agent/act_monitor.sv(33) @ 1365070: uvm_test_top.env.a_agent.mon [ACT_MON] Broadcasting activation matrix to Scoreboard
UVM_INFO UVM/env/agents/out_agent/out_monitor.sv(31) @ 1365070: uvm_test_top.env.o_agent.mon [OUT_MON] Execution started
UVM_INFO UVM/env/agents/act_agent/act_driver.sv(40) @ 1365070: uvm_test_top.env.a_agent.drv [ACT_DRV] Activations loaded and start_exec pulsed!
UVM_INFO UVM/env/tpu_scoreboard.sv(40) @ 1365070: uvm_test_top.env.sb [SCOREBOARD] Data received
UVM_INFO UVM/env/sequences/act_sequence.sv(19) @ 1365070: uvm_test_top.env.a_agent.sqr@@a_seq [ACT_SEQ] All done
UVM_INFO UVM/env/agents/out_agent/out_monitor.sv(34) @ 1365490: uvm_test_top.env.o_agent.mon [OUT_MON] Timer finish
UVM_INFO UVM/env/tpu_scoreboard.sv(90) @ 1366110: uvm_test_top.env.sb [SCOREBOARD] --- Comparing Row 0 ---
UVM_INFO UVM/env/tpu_scoreboard.sv(90) @ 1366110: uvm_test_top.env.sb [SCOREBOARD] --- Comparing Row 1 ---
UVM_INFO UVM/env/tpu_scoreboard.sv(90) @ 1366110: uvm_test_top.env.sb [SCOREBOARD] --- Comparing Row 2 ---
UVM_INFO UVM/env/tpu_scoreboard.sv(90) @ 1366110: uvm_test_top.env.sb [SCOREBOARD] --- Comparing Row 3 ---
UVM_INFO UVM/env/tpu_scoreboard.sv(90) @ 1366110: uvm_test_top.env.sb [SCOREBOARD] --- Comparing Row 4 ---
UVM_INFO UVM/env/tpu_scoreboard.sv(90) @ 1366110: uvm_test_top.env.sb [SCOREBOARD] --- Comparing Row 5 ---
UVM_INFO UVM/env/tpu_scoreboard.sv(90) @ 1366110: uvm_test_top.env.sb [SCOREBOARD] --- Comparing Row 6 ---
UVM_INFO UVM/env/tpu_scoreboard.sv(90) @ 1366110: uvm_test_top.env.sb [SCOREBOARD] --- Comparing Row 7 ---
UVM_INFO UVM/env/tpu_scoreboard.sv(90) @ 1366110: uvm_test_top.env.sb [SCOREBOARD] --- Comparing Row 8 ---
UVM_INFO UVM/env/tpu_scoreboard.sv(90) @ 1366110: uvm_test_top.env.sb [SCOREBOARD] --- Comparing Row 9 ---
UVM_INFO UVM/env/tpu_scoreboard.sv(90) @ 1366110: uvm_test_top.env.sb [SCOREBOARD] --- Comparing Row 10 ---
UVM_INFO UVM/env/tpu_scoreboard.sv(90) @ 1366110: uvm_test_top.env.sb [SCOREBOARD] --- Comparing Row 11 ---
UVM_INFO UVM/env/tpu_scoreboard.sv(90) @ 1366110: uvm_test_top.env.sb [SCOREBOARD] --- Comparing Row 12 ---
UVM_INFO UVM/env/tpu_scoreboard.sv(90) @ 1366110: uvm_test_top.env.sb [SCOREBOARD] --- Comparing Row 13 ---
UVM_INFO UVM/env/tpu_scoreboard.sv(90) @ 1366110: uvm_test_top.env.sb [SCOREBOARD] --- Comparing Row 14 ---
UVM_INFO UVM/env/tpu_scoreboard.sv(90) @ 1366110: uvm_test_top.env.sb [SCOREBOARD] --- Comparing Row 15 ---
UVM_INFO UVM/env/tpu_scoreboard.sv(102) @ 1366110: uvm_test_top.env.sb [SCOREBOARD] ==================================================
UVM_INFO UVM/env/tpu_scoreboard.sv(103) @ 1366110: uvm_test_top.env.sb [SCOREBOARD]  [PASS] ALL 256 OUTPUTS MATCH THE GOLDEN MODEL! 
UVM_INFO UVM/env/tpu_scoreboard.sv(104) @ 1366110: uvm_test_top.env.sb [SCOREBOARD] ==================================================
UVM_INFO UVM/env/tpu_scoreboard.sv(34) @ 1366110: uvm_test_top.env.sb [SCOREBOARD] Waiting data from 3 monitors
UVM_INFO UVM/env/sequences/weight_sequence.sv(12) @ 1367570: uvm_test_top.env.w_agent.sequencer@@w_seq [WT_SEQ] Preparing to send matrices
UVM_INFO UVM/env/agents/weight_agent/weight_driver.sv(26) @ 1367570: uvm_test_top.env.w_agent.driver [WT_DRV] Starting SRAM writing phase...
UVM_INFO UVM/env/agents/weight_agent/weight_driver.sv(43) @ 1372770: uvm_test_top.env.w_agent.driver [WT_DRV] Waiting for controller to finish ...
UVM_INFO UVM/env/agents/weight_agent/weight_driver.sv(58) @ 1383070: uvm_test_top.env.w_agent.driver [WT_DRV] Matrix successfully loaded into PEs!
UVM_INFO UVM/env/sequences/weight_sequence.sv(19) @ 1383070: uvm_test_top.env.w_agent.sequencer@@w_seq [WT_SEQ] All 3 matrices sent.
UVM_INFO UVM/env/agents/weight_agent/weight_monitor.sv(36) @ 1383090: uvm_test_top.env.w_agent.monitor [WT_MON] Broadcasting matrix
UVM_INFO UVM/env/sequences/act_sequence.sv(12) @ 1383170: uvm_test_top.env.a_agent.sqr@@a_seq [ACT_SEQ] Starting
UVM_INFO UVM/env/agents/act_agent/act_driver.sv(24) @ 1383170: uvm_test_top.env.a_agent.drv [ACT_DRV] Starting SRAM writing phase...
UVM_INFO UVM/env/agents/act_agent/act_monitor.sv(33) @ 1383550: uvm_test_top.env.a_agent.mon [ACT_MON] Broadcasting activation matrix to Scoreboard
UVM_INFO UVM/env/agents/out_agent/out_monitor.sv(31) @ 1383550: uvm_test_top.env.o_agent.mon [OUT_MON] Execution started
UVM_INFO UVM/env/agents/act_agent/act_driver.sv(40) @ 1383550: uvm_test_top.env.a_agent.drv [ACT_DRV] Activations loaded and start_exec pulsed!
UVM_INFO UVM/env/tpu_scoreboard.sv(40) @ 1383550: uvm_test_top.env.sb [SCOREBOARD] Data received
UVM_INFO UVM/env/sequences/act_sequence.sv(19) @ 1383550: uvm_test_top.env.a_agent.sqr@@a_seq [ACT_SEQ] All done
UVM_INFO UVM/env/agents/out_agent/out_monitor.sv(34) @ 1383970: uvm_test_top.env.o_agent.mon [OUT_MON] Timer finish
UVM_INFO UVM/env/tpu_scoreboard.sv(90) @ 1384590: uvm_test_top.env.sb [SCOREBOARD] --- Comparing Row 0 ---
UVM_INFO UVM/env/tpu_scoreboard.sv(90) @ 1384590: uvm_test_top.env.sb [SCOREBOARD] --- Comparing Row 1 ---
UVM_INFO UVM/env/tpu_scoreboard.sv(90) @ 1384590: uvm_test_top.env.sb [SCOREBOARD] --- Comparing Row 2 ---
UVM_INFO UVM/env/tpu_scoreboard.sv(90) @ 1384590: uvm_test_top.env.sb [SCOREBOARD] --- Comparing Row 3 ---
UVM_INFO UVM/env/tpu_scoreboard.sv(90) @ 1384590: uvm_test_top.env.sb [SCOREBOARD] --- Comparing Row 4 ---
UVM_INFO UVM/env/tpu_scoreboard.sv(90) @ 1384590: uvm_test_top.env.sb [SCOREBOARD] --- Comparing Row 5 ---
UVM_INFO UVM/env/tpu_scoreboard.sv(90) @ 1384590: uvm_test_top.env.sb [SCOREBOARD] --- Comparing Row 6 ---
UVM_INFO UVM/env/tpu_scoreboard.sv(90) @ 1384590: uvm_test_top.env.sb [SCOREBOARD] --- Comparing Row 7 ---
UVM_INFO UVM/env/tpu_scoreboard.sv(90) @ 1384590: uvm_test_top.env.sb [SCOREBOARD] --- Comparing Row 8 ---
UVM_INFO UVM/env/tpu_scoreboard.sv(90) @ 1384590: uvm_test_top.env.sb [SCOREBOARD] --- Comparing Row 9 ---
UVM_INFO UVM/env/tpu_scoreboard.sv(90) @ 1384590: uvm_test_top.env.sb [SCOREBOARD] --- Comparing Row 10 ---
UVM_INFO UVM/env/tpu_scoreboard.sv(90) @ 1384590: uvm_test_top.env.sb [SCOREBOARD] --- Comparing Row 11 ---
UVM_INFO UVM/env/tpu_scoreboard.sv(90) @ 1384590: uvm_test_top.env.sb [SCOREBOARD] --- Comparing Row 12 ---
UVM_INFO UVM/env/tpu_scoreboard.sv(90) @ 1384590: uvm_test_top.env.sb [SCOREBOARD] --- Comparing Row 13 ---
UVM_INFO UVM/env/tpu_scoreboard.sv(90) @ 1384590: uvm_test_top.env.sb [SCOREBOARD] --- Comparing Row 14 ---
UVM_INFO UVM/env/tpu_scoreboard.sv(90) @ 1384590: uvm_test_top.env.sb [SCOREBOARD] --- Comparing Row 15 ---
UVM_INFO UVM/env/tpu_scoreboard.sv(102) @ 1384590: uvm_test_top.env.sb [SCOREBOARD] ==================================================
UVM_INFO UVM/env/tpu_scoreboard.sv(103) @ 1384590: uvm_test_top.env.sb [SCOREBOARD]  [PASS] ALL 256 OUTPUTS MATCH THE GOLDEN MODEL! 
UVM_INFO UVM/env/tpu_scoreboard.sv(104) @ 1384590: uvm_test_top.env.sb [SCOREBOARD] ==================================================
UVM_INFO UVM/env/tpu_scoreboard.sv(34) @ 1384590: uvm_test_top.env.sb [SCOREBOARD] Waiting data from 3 monitors
UVM_INFO UVM/env/sequences/weight_sequence.sv(12) @ 1386050: uvm_test_top.env.w_agent.sequencer@@w_seq [WT_SEQ] Preparing to send matrices
UVM_INFO UVM/env/agents/weight_agent/weight_driver.sv(26) @ 1386050: uvm_test_top.env.w_agent.driver [WT_DRV] Starting SRAM writing phase...
UVM_INFO UVM/env/agents/weight_agent/weight_driver.sv(43) @ 1391250: uvm_test_top.env.w_agent.driver [WT_DRV] Waiting for controller to finish ...
UVM_INFO UVM/env/agents/weight_agent/weight_driver.sv(58) @ 1401550: uvm_test_top.env.w_agent.driver [WT_DRV] Matrix successfully loaded into PEs!
UVM_INFO UVM/env/sequences/weight_sequence.sv(19) @ 1401550: uvm_test_top.env.w_agent.sequencer@@w_seq [WT_SEQ] All 3 matrices sent.
UVM_INFO UVM/env/agents/weight_agent/weight_monitor.sv(36) @ 1401570: uvm_test_top.env.w_agent.monitor [WT_MON] Broadcasting matrix
UVM_INFO UVM/env/sequences/act_sequence.sv(12) @ 1401650: uvm_test_top.env.a_agent.sqr@@a_seq [ACT_SEQ] Starting
UVM_INFO UVM/env/agents/act_agent/act_driver.sv(24) @ 1401650: uvm_test_top.env.a_agent.drv [ACT_DRV] Starting SRAM writing phase...
UVM_INFO UVM/env/agents/act_agent/act_monitor.sv(33) @ 1402030: uvm_test_top.env.a_agent.mon [ACT_MON] Broadcasting activation matrix to Scoreboard
UVM_INFO UVM/env/agents/out_agent/out_monitor.sv(31) @ 1402030: uvm_test_top.env.o_agent.mon [OUT_MON] Execution started
UVM_INFO UVM/env/agents/act_agent/act_driver.sv(40) @ 1402030: uvm_test_top.env.a_agent.drv [ACT_DRV] Activations loaded and start_exec pulsed!
UVM_INFO UVM/env/tpu_scoreboard.sv(40) @ 1402030: uvm_test_top.env.sb [SCOREBOARD] Data received
UVM_INFO UVM/env/sequences/act_sequence.sv(19) @ 1402030: uvm_test_top.env.a_agent.sqr@@a_seq [ACT_SEQ] All done
UVM_INFO UVM/env/agents/out_agent/out_monitor.sv(34) @ 1402450: uvm_test_top.env.o_agent.mon [OUT_MON] Timer finish
UVM_INFO UVM/env/tpu_scoreboard.sv(90) @ 1403070: uvm_test_top.env.sb [SCOREBOARD] --- Comparing Row 0 ---
UVM_INFO UVM/env/tpu_scoreboard.sv(90) @ 1403070: uvm_test_top.env.sb [SCOREBOARD] --- Comparing Row 1 ---
UVM_INFO UVM/env/tpu_scoreboard.sv(90) @ 1403070: uvm_test_top.env.sb [SCOREBOARD] --- Comparing Row 2 ---
UVM_INFO UVM/env/tpu_scoreboard.sv(90) @ 1403070: uvm_test_top.env.sb [SCOREBOARD] --- Comparing Row 3 ---
UVM_INFO UVM/env/tpu_scoreboard.sv(90) @ 1403070: uvm_test_top.env.sb [SCOREBOARD] --- Comparing Row 4 ---
UVM_INFO UVM/env/tpu_scoreboard.sv(90) @ 1403070: uvm_test_top.env.sb [SCOREBOARD] --- Comparing Row 5 ---
UVM_INFO UVM/env/tpu_scoreboard.sv(90) @ 1403070: uvm_test_top.env.sb [SCOREBOARD] --- Comparing Row 6 ---
UVM_INFO UVM/env/tpu_scoreboard.sv(90) @ 1403070: uvm_test_top.env.sb [SCOREBOARD] --- Comparing Row 7 ---
UVM_INFO UVM/env/tpu_scoreboard.sv(90) @ 1403070: uvm_test_top.env.sb [SCOREBOARD] --- Comparing Row 8 ---
UVM_INFO UVM/env/tpu_scoreboard.sv(90) @ 1403070: uvm_test_top.env.sb [SCOREBOARD] --- Comparing Row 9 ---
UVM_INFO UVM/env/tpu_scoreboard.sv(90) @ 1403070: uvm_test_top.env.sb [SCOREBOARD] --- Comparing Row 10 ---
UVM_INFO UVM/env/tpu_scoreboard.sv(90) @ 1403070: uvm_test_top.env.sb [SCOREBOARD] --- Comparing Row 11 ---
UVM_INFO UVM/env/tpu_scoreboard.sv(90) @ 1403070: uvm_test_top.env.sb [SCOREBOARD] --- Comparing Row 12 ---
UVM_INFO UVM/env/tpu_scoreboard.sv(90) @ 1403070: uvm_test_top.env.sb [SCOREBOARD] --- Comparing Row 13 ---
UVM_INFO UVM/env/tpu_scoreboard.sv(90) @ 1403070: uvm_test_top.env.sb [SCOREBOARD] --- Comparing Row 14 ---
UVM_INFO UVM/env/tpu_scoreboard.sv(90) @ 1403070: uvm_test_top.env.sb [SCOREBOARD] --- Comparing Row 15 ---
UVM_INFO UVM/env/tpu_scoreboard.sv(102) @ 1403070: uvm_test_top.env.sb [SCOREBOARD] ==================================================
UVM_INFO UVM/env/tpu_scoreboard.sv(103) @ 1403070: uvm_test_top.env.sb [SCOREBOARD]  [PASS] ALL 256 OUTPUTS MATCH THE GOLDEN MODEL! 
UVM_INFO UVM/env/tpu_scoreboard.sv(104) @ 1403070: uvm_test_top.env.sb [SCOREBOARD] ==================================================
UVM_INFO UVM/env/tpu_scoreboard.sv(34) @ 1403070: uvm_test_top.env.sb [SCOREBOARD] Waiting data from 3 monitors
UVM_INFO UVM/env/sequences/weight_sequence.sv(12) @ 1404530: uvm_test_top.env.w_agent.sequencer@@w_seq [WT_SEQ] Preparing to send matrices
UVM_INFO UVM/env/agents/weight_agent/weight_driver.sv(26) @ 1404530: uvm_test_top.env.w_agent.driver [WT_DRV] Starting SRAM writing phase...
UVM_INFO UVM/env/agents/weight_agent/weight_driver.sv(43) @ 1409730: uvm_test_top.env.w_agent.driver [WT_DRV] Waiting for controller to finish ...
UVM_INFO UVM/env/agents/weight_agent/weight_driver.sv(58) @ 1420030: uvm_test_top.env.w_agent.driver [WT_DRV] Matrix successfully loaded into PEs!
UVM_INFO UVM/env/sequences/weight_sequence.sv(19) @ 1420030: uvm_test_top.env.w_agent.sequencer@@w_seq [WT_SEQ] All 3 matrices sent.
UVM_INFO UVM/env/agents/weight_agent/weight_monitor.sv(36) @ 1420050: uvm_test_top.env.w_agent.monitor [WT_MON] Broadcasting matrix
UVM_INFO UVM/env/sequences/act_sequence.sv(12) @ 1420130: uvm_test_top.env.a_agent.sqr@@a_seq [ACT_SEQ] Starting
UVM_INFO UVM/env/agents/act_agent/act_driver.sv(24) @ 1420130: uvm_test_top.env.a_agent.drv [ACT_DRV] Starting SRAM writing phase...
UVM_INFO UVM/env/agents/act_agent/act_monitor.sv(33) @ 1420510: uvm_test_top.env.a_agent.mon [ACT_MON] Broadcasting activation matrix to Scoreboard
UVM_INFO UVM/env/agents/out_agent/out_monitor.sv(31) @ 1420510: uvm_test_top.env.o_agent.mon [OUT_MON] Execution started
UVM_INFO UVM/env/agents/act_agent/act_driver.sv(40) @ 1420510: uvm_test_top.env.a_agent.drv [ACT_DRV] Activations loaded and start_exec pulsed!
UVM_INFO UVM/env/tpu_scoreboard.sv(40) @ 1420510: uvm_test_top.env.sb [SCOREBOARD] Data received
UVM_INFO UVM/env/sequences/act_sequence.sv(19) @ 1420510: uvm_test_top.env.a_agent.sqr@@a_seq [ACT_SEQ] All done
UVM_INFO UVM/env/agents/out_agent/out_monitor.sv(34) @ 1420930: uvm_test_top.env.o_agent.mon [OUT_MON] Timer finish
UVM_INFO UVM/env/tpu_scoreboard.sv(90) @ 1421550: uvm_test_top.env.sb [SCOREBOARD] --- Comparing Row 0 ---
UVM_INFO UVM/env/tpu_scoreboard.sv(90) @ 1421550: uvm_test_top.env.sb [SCOREBOARD] --- Comparing Row 1 ---
UVM_INFO UVM/env/tpu_scoreboard.sv(90) @ 1421550: uvm_test_top.env.sb [SCOREBOARD] --- Comparing Row 2 ---
UVM_INFO UVM/env/tpu_scoreboard.sv(90) @ 1421550: uvm_test_top.env.sb [SCOREBOARD] --- Comparing Row 3 ---
UVM_INFO UVM/env/tpu_scoreboard.sv(90) @ 1421550: uvm_test_top.env.sb [SCOREBOARD] --- Comparing Row 4 ---
UVM_INFO UVM/env/tpu_scoreboard.sv(90) @ 1421550: uvm_test_top.env.sb [SCOREBOARD] --- Comparing Row 5 ---
UVM_INFO UVM/env/tpu_scoreboard.sv(90) @ 1421550: uvm_test_top.env.sb [SCOREBOARD] --- Comparing Row 6 ---
UVM_INFO UVM/env/tpu_scoreboard.sv(90) @ 1421550: uvm_test_top.env.sb [SCOREBOARD] --- Comparing Row 7 ---
UVM_INFO UVM/env/tpu_scoreboard.sv(90) @ 1421550: uvm_test_top.env.sb [SCOREBOARD] --- Comparing Row 8 ---
UVM_INFO UVM/env/tpu_scoreboard.sv(90) @ 1421550: uvm_test_top.env.sb [SCOREBOARD] --- Comparing Row 9 ---
UVM_INFO UVM/env/tpu_scoreboard.sv(90) @ 1421550: uvm_test_top.env.sb [SCOREBOARD] --- Comparing Row 10 ---
UVM_INFO UVM/env/tpu_scoreboard.sv(90) @ 1421550: uvm_test_top.env.sb [SCOREBOARD] --- Comparing Row 11 ---
UVM_INFO UVM/env/tpu_scoreboard.sv(90) @ 1421550: uvm_test_top.env.sb [SCOREBOARD] --- Comparing Row 12 ---
UVM_INFO UVM/env/tpu_scoreboard.sv(90) @ 1421550: uvm_test_top.env.sb [SCOREBOARD] --- Comparing Row 13 ---
UVM_INFO UVM/env/tpu_scoreboard.sv(90) @ 1421550: uvm_test_top.env.sb [SCOREBOARD] --- Comparing Row 14 ---
UVM_INFO UVM/env/tpu_scoreboard.sv(90) @ 1421550: uvm_test_top.env.sb [SCOREBOARD] --- Comparing Row 15 ---
UVM_INFO UVM/env/tpu_scoreboard.sv(102) @ 1421550: uvm_test_top.env.sb [SCOREBOARD] ==================================================
UVM_INFO UVM/env/tpu_scoreboard.sv(103) @ 1421550: uvm_test_top.env.sb [SCOREBOARD]  [PASS] ALL 256 OUTPUTS MATCH THE GOLDEN MODEL! 
UVM_INFO UVM/env/tpu_scoreboard.sv(104) @ 1421550: uvm_test_top.env.sb [SCOREBOARD] ==================================================
UVM_INFO UVM/env/tpu_scoreboard.sv(34) @ 1421550: uvm_test_top.env.sb [SCOREBOARD] Waiting data from 3 monitors
UVM_INFO UVM/env/sequences/weight_sequence.sv(12) @ 1423010: uvm_test_top.env.w_agent.sequencer@@w_seq [WT_SEQ] Preparing to send matrices
UVM_INFO UVM/env/agents/weight_agent/weight_driver.sv(26) @ 1423010: uvm_test_top.env.w_agent.driver [WT_DRV] Starting SRAM writing phase...
UVM_INFO UVM/env/agents/weight_agent/weight_driver.sv(43) @ 1428210: uvm_test_top.env.w_agent.driver [WT_DRV] Waiting for controller to finish ...
UVM_INFO UVM/env/agents/weight_agent/weight_driver.sv(58) @ 1438510: uvm_test_top.env.w_agent.driver [WT_DRV] Matrix successfully loaded into PEs!
UVM_INFO UVM/env/sequences/weight_sequence.sv(19) @ 1438510: uvm_test_top.env.w_agent.sequencer@@w_seq [WT_SEQ] All 3 matrices sent.
UVM_INFO UVM/env/agents/weight_agent/weight_monitor.sv(36) @ 1438530: uvm_test_top.env.w_agent.monitor [WT_MON] Broadcasting matrix
UVM_INFO UVM/env/sequences/act_sequence.sv(12) @ 1438610: uvm_test_top.env.a_agent.sqr@@a_seq [ACT_SEQ] Starting
UVM_INFO UVM/env/agents/act_agent/act_driver.sv(24) @ 1438610: uvm_test_top.env.a_agent.drv [ACT_DRV] Starting SRAM writing phase...
UVM_INFO UVM/env/agents/act_agent/act_monitor.sv(33) @ 1438990: uvm_test_top.env.a_agent.mon [ACT_MON] Broadcasting activation matrix to Scoreboard
UVM_INFO UVM/env/agents/out_agent/out_monitor.sv(31) @ 1438990: uvm_test_top.env.o_agent.mon [OUT_MON] Execution started
UVM_INFO UVM/env/agents/act_agent/act_driver.sv(40) @ 1438990: uvm_test_top.env.a_agent.drv [ACT_DRV] Activations loaded and start_exec pulsed!
UVM_INFO UVM/env/tpu_scoreboard.sv(40) @ 1438990: uvm_test_top.env.sb [SCOREBOARD] Data received
UVM_INFO UVM/env/sequences/act_sequence.sv(19) @ 1438990: uvm_test_top.env.a_agent.sqr@@a_seq [ACT_SEQ] All done
UVM_INFO UVM/env/agents/out_agent/out_monitor.sv(34) @ 1439410: uvm_test_top.env.o_agent.mon [OUT_MON] Timer finish
UVM_INFO UVM/env/tpu_scoreboard.sv(90) @ 1440030: uvm_test_top.env.sb [SCOREBOARD] --- Comparing Row 0 ---
UVM_INFO UVM/env/tpu_scoreboard.sv(90) @ 1440030: uvm_test_top.env.sb [SCOREBOARD] --- Comparing Row 1 ---
UVM_INFO UVM/env/tpu_scoreboard.sv(90) @ 1440030: uvm_test_top.env.sb [SCOREBOARD] --- Comparing Row 2 ---
UVM_INFO UVM/env/tpu_scoreboard.sv(90) @ 1440030: uvm_test_top.env.sb [SCOREBOARD] --- Comparing Row 3 ---
UVM_INFO UVM/env/tpu_scoreboard.sv(90) @ 1440030: uvm_test_top.env.sb [SCOREBOARD] --- Comparing Row 4 ---
UVM_INFO UVM/env/tpu_scoreboard.sv(90) @ 1440030: uvm_test_top.env.sb [SCOREBOARD] --- Comparing Row 5 ---
UVM_INFO UVM/env/tpu_scoreboard.sv(90) @ 1440030: uvm_test_top.env.sb [SCOREBOARD] --- Comparing Row 6 ---
UVM_INFO UVM/env/tpu_scoreboard.sv(90) @ 1440030: uvm_test_top.env.sb [SCOREBOARD] --- Comparing Row 7 ---
UVM_INFO UVM/env/tpu_scoreboard.sv(90) @ 1440030: uvm_test_top.env.sb [SCOREBOARD] --- Comparing Row 8 ---
UVM_INFO UVM/env/tpu_scoreboard.sv(90) @ 1440030: uvm_test_top.env.sb [SCOREBOARD] --- Comparing Row 9 ---
UVM_INFO UVM/env/tpu_scoreboard.sv(90) @ 1440030: uvm_test_top.env.sb [SCOREBOARD] --- Comparing Row 10 ---
UVM_INFO UVM/env/tpu_scoreboard.sv(90) @ 1440030: uvm_test_top.env.sb [SCOREBOARD] --- Comparing Row 11 ---
UVM_INFO UVM/env/tpu_scoreboard.sv(90) @ 1440030: uvm_test_top.env.sb [SCOREBOARD] --- Comparing Row 12 ---
UVM_INFO UVM/env/tpu_scoreboard.sv(90) @ 1440030: uvm_test_top.env.sb [SCOREBOARD] --- Comparing Row 13 ---
UVM_INFO UVM/env/tpu_scoreboard.sv(90) @ 1440030: uvm_test_top.env.sb [SCOREBOARD] --- Comparing Row 14 ---
UVM_INFO UVM/env/tpu_scoreboard.sv(90) @ 1440030: uvm_test_top.env.sb [SCOREBOARD] --- Comparing Row 15 ---
UVM_INFO UVM/env/tpu_scoreboard.sv(102) @ 1440030: uvm_test_top.env.sb [SCOREBOARD] ==================================================
UVM_INFO UVM/env/tpu_scoreboard.sv(103) @ 1440030: uvm_test_top.env.sb [SCOREBOARD]  [PASS] ALL 256 OUTPUTS MATCH THE GOLDEN MODEL! 
UVM_INFO UVM/env/tpu_scoreboard.sv(104) @ 1440030: uvm_test_top.env.sb [SCOREBOARD] ==================================================
UVM_INFO UVM/env/tpu_scoreboard.sv(34) @ 1440030: uvm_test_top.env.sb [SCOREBOARD] Waiting data from 3 monitors
UVM_INFO UVM/env/sequences/weight_sequence.sv(12) @ 1441490: uvm_test_top.env.w_agent.sequencer@@w_seq [WT_SEQ] Preparing to send matrices
UVM_INFO UVM/env/agents/weight_agent/weight_driver.sv(26) @ 1441490: uvm_test_top.env.w_agent.driver [WT_DRV] Starting SRAM writing phase...
UVM_INFO UVM/env/agents/weight_agent/weight_driver.sv(43) @ 1446690: uvm_test_top.env.w_agent.driver [WT_DRV] Waiting for controller to finish ...
UVM_INFO UVM/env/agents/weight_agent/weight_driver.sv(58) @ 1456990: uvm_test_top.env.w_agent.driver [WT_DRV] Matrix successfully loaded into PEs!
UVM_INFO UVM/env/sequences/weight_sequence.sv(19) @ 1456990: uvm_test_top.env.w_agent.sequencer@@w_seq [WT_SEQ] All 3 matrices sent.
UVM_INFO UVM/env/agents/weight_agent/weight_monitor.sv(36) @ 1457010: uvm_test_top.env.w_agent.monitor [WT_MON] Broadcasting matrix
UVM_INFO UVM/env/sequences/act_sequence.sv(12) @ 1457090: uvm_test_top.env.a_agent.sqr@@a_seq [ACT_SEQ] Starting
UVM_INFO UVM/env/agents/act_agent/act_driver.sv(24) @ 1457090: uvm_test_top.env.a_agent.drv [ACT_DRV] Starting SRAM writing phase...
UVM_INFO UVM/env/agents/act_agent/act_monitor.sv(33) @ 1457470: uvm_test_top.env.a_agent.mon [ACT_MON] Broadcasting activation matrix to Scoreboard
UVM_INFO UVM/env/agents/out_agent/out_monitor.sv(31) @ 1457470: uvm_test_top.env.o_agent.mon [OUT_MON] Execution started
UVM_INFO UVM/env/agents/act_agent/act_driver.sv(40) @ 1457470: uvm_test_top.env.a_agent.drv [ACT_DRV] Activations loaded and start_exec pulsed!
UVM_INFO UVM/env/tpu_scoreboard.sv(40) @ 1457470: uvm_test_top.env.sb [SCOREBOARD] Data received
UVM_INFO UVM/env/sequences/act_sequence.sv(19) @ 1457470: uvm_test_top.env.a_agent.sqr@@a_seq [ACT_SEQ] All done
UVM_INFO UVM/env/agents/out_agent/out_monitor.sv(34) @ 1457890: uvm_test_top.env.o_agent.mon [OUT_MON] Timer finish
UVM_INFO UVM/env/tpu_scoreboard.sv(90) @ 1458510: uvm_test_top.env.sb [SCOREBOARD] --- Comparing Row 0 ---
UVM_INFO UVM/env/tpu_scoreboard.sv(90) @ 1458510: uvm_test_top.env.sb [SCOREBOARD] --- Comparing Row 1 ---
UVM_INFO UVM/env/tpu_scoreboard.sv(90) @ 1458510: uvm_test_top.env.sb [SCOREBOARD] --- Comparing Row 2 ---
UVM_INFO UVM/env/tpu_scoreboard.sv(90) @ 1458510: uvm_test_top.env.sb [SCOREBOARD] --- Comparing Row 3 ---
UVM_INFO UVM/env/tpu_scoreboard.sv(90) @ 1458510: uvm_test_top.env.sb [SCOREBOARD] --- Comparing Row 4 ---
UVM_INFO UVM/env/tpu_scoreboard.sv(90) @ 1458510: uvm_test_top.env.sb [SCOREBOARD] --- Comparing Row 5 ---
UVM_INFO UVM/env/tpu_scoreboard.sv(90) @ 1458510: uvm_test_top.env.sb [SCOREBOARD] --- Comparing Row 6 ---
UVM_INFO UVM/env/tpu_scoreboard.sv(90) @ 1458510: uvm_test_top.env.sb [SCOREBOARD] --- Comparing Row 7 ---
UVM_INFO UVM/env/tpu_scoreboard.sv(90) @ 1458510: uvm_test_top.env.sb [SCOREBOARD] --- Comparing Row 8 ---
UVM_INFO UVM/env/tpu_scoreboard.sv(90) @ 1458510: uvm_test_top.env.sb [SCOREBOARD] --- Comparing Row 9 ---
UVM_INFO UVM/env/tpu_scoreboard.sv(90) @ 1458510: uvm_test_top.env.sb [SCOREBOARD] --- Comparing Row 10 ---
UVM_INFO UVM/env/tpu_scoreboard.sv(90) @ 1458510: uvm_test_top.env.sb [SCOREBOARD] --- Comparing Row 11 ---
UVM_INFO UVM/env/tpu_scoreboard.sv(90) @ 1458510: uvm_test_top.env.sb [SCOREBOARD] --- Comparing Row 12 ---
UVM_INFO UVM/env/tpu_scoreboard.sv(90) @ 1458510: uvm_test_top.env.sb [SCOREBOARD] --- Comparing Row 13 ---
UVM_INFO UVM/env/tpu_scoreboard.sv(90) @ 1458510: uvm_test_top.env.sb [SCOREBOARD] --- Comparing Row 14 ---
UVM_INFO UVM/env/tpu_scoreboard.sv(90) @ 1458510: uvm_test_top.env.sb [SCOREBOARD] --- Comparing Row 15 ---
UVM_INFO UVM/env/tpu_scoreboard.sv(102) @ 1458510: uvm_test_top.env.sb [SCOREBOARD] ==================================================
UVM_INFO UVM/env/tpu_scoreboard.sv(103) @ 1458510: uvm_test_top.env.sb [SCOREBOARD]  [PASS] ALL 256 OUTPUTS MATCH THE GOLDEN MODEL! 
UVM_INFO UVM/env/tpu_scoreboard.sv(104) @ 1458510: uvm_test_top.env.sb [SCOREBOARD] ==================================================
UVM_INFO UVM/env/tpu_scoreboard.sv(34) @ 1458510: uvm_test_top.env.sb [SCOREBOARD] Waiting data from 3 monitors
UVM_INFO UVM/env/sequences/weight_sequence.sv(12) @ 1459970: uvm_test_top.env.w_agent.sequencer@@w_seq [WT_SEQ] Preparing to send matrices
UVM_INFO UVM/env/agents/weight_agent/weight_driver.sv(26) @ 1459970: uvm_test_top.env.w_agent.driver [WT_DRV] Starting SRAM writing phase...
UVM_INFO UVM/env/agents/weight_agent/weight_driver.sv(43) @ 1465170: uvm_test_top.env.w_agent.driver [WT_DRV] Waiting for controller to finish ...
UVM_INFO UVM/env/agents/weight_agent/weight_driver.sv(58) @ 1475470: uvm_test_top.env.w_agent.driver [WT_DRV] Matrix successfully loaded into PEs!
UVM_INFO UVM/env/sequences/weight_sequence.sv(19) @ 1475470: uvm_test_top.env.w_agent.sequencer@@w_seq [WT_SEQ] All 3 matrices sent.
UVM_INFO UVM/env/agents/weight_agent/weight_monitor.sv(36) @ 1475490: uvm_test_top.env.w_agent.monitor [WT_MON] Broadcasting matrix
UVM_INFO UVM/env/sequences/act_sequence.sv(12) @ 1475570: uvm_test_top.env.a_agent.sqr@@a_seq [ACT_SEQ] Starting
UVM_INFO UVM/env/agents/act_agent/act_driver.sv(24) @ 1475570: uvm_test_top.env.a_agent.drv [ACT_DRV] Starting SRAM writing phase...
UVM_INFO UVM/env/agents/act_agent/act_monitor.sv(33) @ 1475950: uvm_test_top.env.a_agent.mon [ACT_MON] Broadcasting activation matrix to Scoreboard
UVM_INFO UVM/env/agents/out_agent/out_monitor.sv(31) @ 1475950: uvm_test_top.env.o_agent.mon [OUT_MON] Execution started
UVM_INFO UVM/env/agents/act_agent/act_driver.sv(40) @ 1475950: uvm_test_top.env.a_agent.drv [ACT_DRV] Activations loaded and start_exec pulsed!
UVM_INFO UVM/env/tpu_scoreboard.sv(40) @ 1475950: uvm_test_top.env.sb [SCOREBOARD] Data received
UVM_INFO UVM/env/sequences/act_sequence.sv(19) @ 1475950: uvm_test_top.env.a_agent.sqr@@a_seq [ACT_SEQ] All done
UVM_INFO UVM/env/agents/out_agent/out_monitor.sv(34) @ 1476370: uvm_test_top.env.o_agent.mon [OUT_MON] Timer finish
UVM_INFO UVM/env/tpu_scoreboard.sv(90) @ 1476990: uvm_test_top.env.sb [SCOREBOARD] --- Comparing Row 0 ---
UVM_INFO UVM/env/tpu_scoreboard.sv(90) @ 1476990: uvm_test_top.env.sb [SCOREBOARD] --- Comparing Row 1 ---
UVM_INFO UVM/env/tpu_scoreboard.sv(90) @ 1476990: uvm_test_top.env.sb [SCOREBOARD] --- Comparing Row 2 ---
UVM_INFO UVM/env/tpu_scoreboard.sv(90) @ 1476990: uvm_test_top.env.sb [SCOREBOARD] --- Comparing Row 3 ---
UVM_INFO UVM/env/tpu_scoreboard.sv(90) @ 1476990: uvm_test_top.env.sb [SCOREBOARD] --- Comparing Row 4 ---
UVM_INFO UVM/env/tpu_scoreboard.sv(90) @ 1476990: uvm_test_top.env.sb [SCOREBOARD] --- Comparing Row 5 ---
UVM_INFO UVM/env/tpu_scoreboard.sv(90) @ 1476990: uvm_test_top.env.sb [SCOREBOARD] --- Comparing Row 6 ---
UVM_INFO UVM/env/tpu_scoreboard.sv(90) @ 1476990: uvm_test_top.env.sb [SCOREBOARD] --- Comparing Row 7 ---
UVM_INFO UVM/env/tpu_scoreboard.sv(90) @ 1476990: uvm_test_top.env.sb [SCOREBOARD] --- Comparing Row 8 ---
UVM_INFO UVM/env/tpu_scoreboard.sv(90) @ 1476990: uvm_test_top.env.sb [SCOREBOARD] --- Comparing Row 9 ---
UVM_INFO UVM/env/tpu_scoreboard.sv(90) @ 1476990: uvm_test_top.env.sb [SCOREBOARD] --- Comparing Row 10 ---
UVM_INFO UVM/env/tpu_scoreboard.sv(90) @ 1476990: uvm_test_top.env.sb [SCOREBOARD] --- Comparing Row 11 ---
UVM_INFO UVM/env/tpu_scoreboard.sv(90) @ 1476990: uvm_test_top.env.sb [SCOREBOARD] --- Comparing Row 12 ---
UVM_INFO UVM/env/tpu_scoreboard.sv(90) @ 1476990: uvm_test_top.env.sb [SCOREBOARD] --- Comparing Row 13 ---
UVM_INFO UVM/env/tpu_scoreboard.sv(90) @ 1476990: uvm_test_top.env.sb [SCOREBOARD] --- Comparing Row 14 ---
UVM_INFO UVM/env/tpu_scoreboard.sv(90) @ 1476990: uvm_test_top.env.sb [SCOREBOARD] --- Comparing Row 15 ---
UVM_INFO UVM/env/tpu_scoreboard.sv(102) @ 1476990: uvm_test_top.env.sb [SCOREBOARD] ==================================================
UVM_INFO UVM/env/tpu_scoreboard.sv(103) @ 1476990: uvm_test_top.env.sb [SCOREBOARD]  [PASS] ALL 256 OUTPUTS MATCH THE GOLDEN MODEL! 
UVM_INFO UVM/env/tpu_scoreboard.sv(104) @ 1476990: uvm_test_top.env.sb [SCOREBOARD] ==================================================
UVM_INFO UVM/env/tpu_scoreboard.sv(34) @ 1476990: uvm_test_top.env.sb [SCOREBOARD] Waiting data from 3 monitors
UVM_INFO UVM/env/sequences/weight_sequence.sv(12) @ 1478450: uvm_test_top.env.w_agent.sequencer@@w_seq [WT_SEQ] Preparing to send matrices
UVM_INFO UVM/env/agents/weight_agent/weight_driver.sv(26) @ 1478450: uvm_test_top.env.w_agent.driver [WT_DRV] Starting SRAM writing phase...
UVM_INFO UVM/env/agents/weight_agent/weight_driver.sv(43) @ 1483650: uvm_test_top.env.w_agent.driver [WT_DRV] Waiting for controller to finish ...
UVM_INFO UVM/env/agents/weight_agent/weight_driver.sv(58) @ 1493950: uvm_test_top.env.w_agent.driver [WT_DRV] Matrix successfully loaded into PEs!
UVM_INFO UVM/env/sequences/weight_sequence.sv(19) @ 1493950: uvm_test_top.env.w_agent.sequencer@@w_seq [WT_SEQ] All 3 matrices sent.
UVM_INFO UVM/env/agents/weight_agent/weight_monitor.sv(36) @ 1493970: uvm_test_top.env.w_agent.monitor [WT_MON] Broadcasting matrix
UVM_INFO UVM/env/sequences/act_sequence.sv(12) @ 1494050: uvm_test_top.env.a_agent.sqr@@a_seq [ACT_SEQ] Starting
UVM_INFO UVM/env/agents/act_agent/act_driver.sv(24) @ 1494050: uvm_test_top.env.a_agent.drv [ACT_DRV] Starting SRAM writing phase...
UVM_INFO UVM/env/agents/act_agent/act_monitor.sv(33) @ 1494430: uvm_test_top.env.a_agent.mon [ACT_MON] Broadcasting activation matrix to Scoreboard
UVM_INFO UVM/env/agents/out_agent/out_monitor.sv(31) @ 1494430: uvm_test_top.env.o_agent.mon [OUT_MON] Execution started
UVM_INFO UVM/env/agents/act_agent/act_driver.sv(40) @ 1494430: uvm_test_top.env.a_agent.drv [ACT_DRV] Activations loaded and start_exec pulsed!
UVM_INFO UVM/env/tpu_scoreboard.sv(40) @ 1494430: uvm_test_top.env.sb [SCOREBOARD] Data received
UVM_INFO UVM/env/sequences/act_sequence.sv(19) @ 1494430: uvm_test_top.env.a_agent.sqr@@a_seq [ACT_SEQ] All done
UVM_INFO UVM/env/agents/out_agent/out_monitor.sv(34) @ 1494850: uvm_test_top.env.o_agent.mon [OUT_MON] Timer finish
UVM_INFO UVM/env/tpu_scoreboard.sv(90) @ 1495470: uvm_test_top.env.sb [SCOREBOARD] --- Comparing Row 0 ---
UVM_INFO UVM/env/tpu_scoreboard.sv(90) @ 1495470: uvm_test_top.env.sb [SCOREBOARD] --- Comparing Row 1 ---
UVM_INFO UVM/env/tpu_scoreboard.sv(90) @ 1495470: uvm_test_top.env.sb [SCOREBOARD] --- Comparing Row 2 ---
UVM_INFO UVM/env/tpu_scoreboard.sv(90) @ 1495470: uvm_test_top.env.sb [SCOREBOARD] --- Comparing Row 3 ---
UVM_INFO UVM/env/tpu_scoreboard.sv(90) @ 1495470: uvm_test_top.env.sb [SCOREBOARD] --- Comparing Row 4 ---
UVM_INFO UVM/env/tpu_scoreboard.sv(90) @ 1495470: uvm_test_top.env.sb [SCOREBOARD] --- Comparing Row 5 ---
UVM_INFO UVM/env/tpu_scoreboard.sv(90) @ 1495470: uvm_test_top.env.sb [SCOREBOARD] --- Comparing Row 6 ---
UVM_INFO UVM/env/tpu_scoreboard.sv(90) @ 1495470: uvm_test_top.env.sb [SCOREBOARD] --- Comparing Row 7 ---
UVM_INFO UVM/env/tpu_scoreboard.sv(90) @ 1495470: uvm_test_top.env.sb [SCOREBOARD] --- Comparing Row 8 ---
UVM_INFO UVM/env/tpu_scoreboard.sv(90) @ 1495470: uvm_test_top.env.sb [SCOREBOARD] --- Comparing Row 9 ---
UVM_INFO UVM/env/tpu_scoreboard.sv(90) @ 1495470: uvm_test_top.env.sb [SCOREBOARD] --- Comparing Row 10 ---
UVM_INFO UVM/env/tpu_scoreboard.sv(90) @ 1495470: uvm_test_top.env.sb [SCOREBOARD] --- Comparing Row 11 ---
UVM_INFO UVM/env/tpu_scoreboard.sv(90) @ 1495470: uvm_test_top.env.sb [SCOREBOARD] --- Comparing Row 12 ---
UVM_INFO UVM/env/tpu_scoreboard.sv(90) @ 1495470: uvm_test_top.env.sb [SCOREBOARD] --- Comparing Row 13 ---
UVM_INFO UVM/env/tpu_scoreboard.sv(90) @ 1495470: uvm_test_top.env.sb [SCOREBOARD] --- Comparing Row 14 ---
UVM_INFO UVM/env/tpu_scoreboard.sv(90) @ 1495470: uvm_test_top.env.sb [SCOREBOARD] --- Comparing Row 15 ---
UVM_INFO UVM/env/tpu_scoreboard.sv(102) @ 1495470: uvm_test_top.env.sb [SCOREBOARD] ==================================================
UVM_INFO UVM/env/tpu_scoreboard.sv(103) @ 1495470: uvm_test_top.env.sb [SCOREBOARD]  [PASS] ALL 256 OUTPUTS MATCH THE GOLDEN MODEL! 
UVM_INFO UVM/env/tpu_scoreboard.sv(104) @ 1495470: uvm_test_top.env.sb [SCOREBOARD] ==================================================
UVM_INFO UVM/env/tpu_scoreboard.sv(34) @ 1495470: uvm_test_top.env.sb [SCOREBOARD] Waiting data from 3 monitors
UVM_INFO UVM/env/sequences/weight_sequence.sv(12) @ 1496930: uvm_test_top.env.w_agent.sequencer@@w_seq [WT_SEQ] Preparing to send matrices
UVM_INFO UVM/env/agents/weight_agent/weight_driver.sv(26) @ 1496930: uvm_test_top.env.w_agent.driver [WT_DRV] Starting SRAM writing phase...
UVM_INFO UVM/env/agents/weight_agent/weight_driver.sv(43) @ 1502130: uvm_test_top.env.w_agent.driver [WT_DRV] Waiting for controller to finish ...
UVM_INFO UVM/env/agents/weight_agent/weight_driver.sv(58) @ 1512430: uvm_test_top.env.w_agent.driver [WT_DRV] Matrix successfully loaded into PEs!
UVM_INFO UVM/env/sequences/weight_sequence.sv(19) @ 1512430: uvm_test_top.env.w_agent.sequencer@@w_seq [WT_SEQ] All 3 matrices sent.
UVM_INFO UVM/env/agents/weight_agent/weight_monitor.sv(36) @ 1512450: uvm_test_top.env.w_agent.monitor [WT_MON] Broadcasting matrix
UVM_INFO UVM/env/sequences/act_sequence.sv(12) @ 1512530: uvm_test_top.env.a_agent.sqr@@a_seq [ACT_SEQ] Starting
UVM_INFO UVM/env/agents/act_agent/act_driver.sv(24) @ 1512530: uvm_test_top.env.a_agent.drv [ACT_DRV] Starting SRAM writing phase...
UVM_INFO UVM/env/agents/act_agent/act_monitor.sv(33) @ 1512910: uvm_test_top.env.a_agent.mon [ACT_MON] Broadcasting activation matrix to Scoreboard
UVM_INFO UVM/env/agents/out_agent/out_monitor.sv(31) @ 1512910: uvm_test_top.env.o_agent.mon [OUT_MON] Execution started
UVM_INFO UVM/env/agents/act_agent/act_driver.sv(40) @ 1512910: uvm_test_top.env.a_agent.drv [ACT_DRV] Activations loaded and start_exec pulsed!
UVM_INFO UVM/env/tpu_scoreboard.sv(40) @ 1512910: uvm_test_top.env.sb [SCOREBOARD] Data received
UVM_INFO UVM/env/sequences/act_sequence.sv(19) @ 1512910: uvm_test_top.env.a_agent.sqr@@a_seq [ACT_SEQ] All done
UVM_INFO UVM/env/agents/out_agent/out_monitor.sv(34) @ 1513330: uvm_test_top.env.o_agent.mon [OUT_MON] Timer finish
UVM_INFO UVM/env/tpu_scoreboard.sv(90) @ 1513950: uvm_test_top.env.sb [SCOREBOARD] --- Comparing Row 0 ---
UVM_INFO UVM/env/tpu_scoreboard.sv(90) @ 1513950: uvm_test_top.env.sb [SCOREBOARD] --- Comparing Row 1 ---
UVM_INFO UVM/env/tpu_scoreboard.sv(90) @ 1513950: uvm_test_top.env.sb [SCOREBOARD] --- Comparing Row 2 ---
UVM_INFO UVM/env/tpu_scoreboard.sv(90) @ 1513950: uvm_test_top.env.sb [SCOREBOARD] --- Comparing Row 3 ---
UVM_INFO UVM/env/tpu_scoreboard.sv(90) @ 1513950: uvm_test_top.env.sb [SCOREBOARD] --- Comparing Row 4 ---
UVM_INFO UVM/env/tpu_scoreboard.sv(90) @ 1513950: uvm_test_top.env.sb [SCOREBOARD] --- Comparing Row 5 ---
UVM_INFO UVM/env/tpu_scoreboard.sv(90) @ 1513950: uvm_test_top.env.sb [SCOREBOARD] --- Comparing Row 6 ---
UVM_INFO UVM/env/tpu_scoreboard.sv(90) @ 1513950: uvm_test_top.env.sb [SCOREBOARD] --- Comparing Row 7 ---
UVM_INFO UVM/env/tpu_scoreboard.sv(90) @ 1513950: uvm_test_top.env.sb [SCOREBOARD] --- Comparing Row 8 ---
UVM_INFO UVM/env/tpu_scoreboard.sv(90) @ 1513950: uvm_test_top.env.sb [SCOREBOARD] --- Comparing Row 9 ---
UVM_INFO UVM/env/tpu_scoreboard.sv(90) @ 1513950: uvm_test_top.env.sb [SCOREBOARD] --- Comparing Row 10 ---
UVM_INFO UVM/env/tpu_scoreboard.sv(90) @ 1513950: uvm_test_top.env.sb [SCOREBOARD] --- Comparing Row 11 ---
UVM_INFO UVM/env/tpu_scoreboard.sv(90) @ 1513950: uvm_test_top.env.sb [SCOREBOARD] --- Comparing Row 12 ---
UVM_INFO UVM/env/tpu_scoreboard.sv(90) @ 1513950: uvm_test_top.env.sb [SCOREBOARD] --- Comparing Row 13 ---
UVM_INFO UVM/env/tpu_scoreboard.sv(90) @ 1513950: uvm_test_top.env.sb [SCOREBOARD] --- Comparing Row 14 ---
UVM_INFO UVM/env/tpu_scoreboard.sv(90) @ 1513950: uvm_test_top.env.sb [SCOREBOARD] --- Comparing Row 15 ---
UVM_INFO UVM/env/tpu_scoreboard.sv(102) @ 1513950: uvm_test_top.env.sb [SCOREBOARD] ==================================================
UVM_INFO UVM/env/tpu_scoreboard.sv(103) @ 1513950: uvm_test_top.env.sb [SCOREBOARD]  [PASS] ALL 256 OUTPUTS MATCH THE GOLDEN MODEL! 
UVM_INFO UVM/env/tpu_scoreboard.sv(104) @ 1513950: uvm_test_top.env.sb [SCOREBOARD] ==================================================
UVM_INFO UVM/env/tpu_scoreboard.sv(34) @ 1513950: uvm_test_top.env.sb [SCOREBOARD] Waiting data from 3 monitors
UVM_INFO UVM/env/sequences/weight_sequence.sv(12) @ 1515410: uvm_test_top.env.w_agent.sequencer@@w_seq [WT_SEQ] Preparing to send matrices
UVM_INFO UVM/env/agents/weight_agent/weight_driver.sv(26) @ 1515410: uvm_test_top.env.w_agent.driver [WT_DRV] Starting SRAM writing phase...
UVM_INFO UVM/env/agents/weight_agent/weight_driver.sv(43) @ 1520610: uvm_test_top.env.w_agent.driver [WT_DRV] Waiting for controller to finish ...
UVM_INFO UVM/env/agents/weight_agent/weight_driver.sv(58) @ 1530910: uvm_test_top.env.w_agent.driver [WT_DRV] Matrix successfully loaded into PEs!
UVM_INFO UVM/env/sequences/weight_sequence.sv(19) @ 1530910: uvm_test_top.env.w_agent.sequencer@@w_seq [WT_SEQ] All 3 matrices sent.
UVM_INFO UVM/env/agents/weight_agent/weight_monitor.sv(36) @ 1530930: uvm_test_top.env.w_agent.monitor [WT_MON] Broadcasting matrix
UVM_INFO UVM/env/sequences/act_sequence.sv(12) @ 1531010: uvm_test_top.env.a_agent.sqr@@a_seq [ACT_SEQ] Starting
UVM_INFO UVM/env/agents/act_agent/act_driver.sv(24) @ 1531010: uvm_test_top.env.a_agent.drv [ACT_DRV] Starting SRAM writing phase...
UVM_INFO UVM/env/agents/act_agent/act_monitor.sv(33) @ 1531390: uvm_test_top.env.a_agent.mon [ACT_MON] Broadcasting activation matrix to Scoreboard
UVM_INFO UVM/env/agents/out_agent/out_monitor.sv(31) @ 1531390: uvm_test_top.env.o_agent.mon [OUT_MON] Execution started
UVM_INFO UVM/env/agents/act_agent/act_driver.sv(40) @ 1531390: uvm_test_top.env.a_agent.drv [ACT_DRV] Activations loaded and start_exec pulsed!
UVM_INFO UVM/env/tpu_scoreboard.sv(40) @ 1531390: uvm_test_top.env.sb [SCOREBOARD] Data received
UVM_INFO UVM/env/sequences/act_sequence.sv(19) @ 1531390: uvm_test_top.env.a_agent.sqr@@a_seq [ACT_SEQ] All done
UVM_INFO UVM/env/agents/out_agent/out_monitor.sv(34) @ 1531810: uvm_test_top.env.o_agent.mon [OUT_MON] Timer finish
UVM_INFO UVM/env/tpu_scoreboard.sv(90) @ 1532430: uvm_test_top.env.sb [SCOREBOARD] --- Comparing Row 0 ---
UVM_INFO UVM/env/tpu_scoreboard.sv(90) @ 1532430: uvm_test_top.env.sb [SCOREBOARD] --- Comparing Row 1 ---
UVM_INFO UVM/env/tpu_scoreboard.sv(90) @ 1532430: uvm_test_top.env.sb [SCOREBOARD] --- Comparing Row 2 ---
UVM_INFO UVM/env/tpu_scoreboard.sv(90) @ 1532430: uvm_test_top.env.sb [SCOREBOARD] --- Comparing Row 3 ---
UVM_INFO UVM/env/tpu_scoreboard.sv(90) @ 1532430: uvm_test_top.env.sb [SCOREBOARD] --- Comparing Row 4 ---
UVM_INFO UVM/env/tpu_scoreboard.sv(90) @ 1532430: uvm_test_top.env.sb [SCOREBOARD] --- Comparing Row 5 ---
UVM_INFO UVM/env/tpu_scoreboard.sv(90) @ 1532430: uvm_test_top.env.sb [SCOREBOARD] --- Comparing Row 6 ---
UVM_INFO UVM/env/tpu_scoreboard.sv(90) @ 1532430: uvm_test_top.env.sb [SCOREBOARD] --- Comparing Row 7 ---
UVM_INFO UVM/env/tpu_scoreboard.sv(90) @ 1532430: uvm_test_top.env.sb [SCOREBOARD] --- Comparing Row 8 ---
UVM_INFO UVM/env/tpu_scoreboard.sv(90) @ 1532430: uvm_test_top.env.sb [SCOREBOARD] --- Comparing Row 9 ---
UVM_INFO UVM/env/tpu_scoreboard.sv(90) @ 1532430: uvm_test_top.env.sb [SCOREBOARD] --- Comparing Row 10 ---
UVM_INFO UVM/env/tpu_scoreboard.sv(90) @ 1532430: uvm_test_top.env.sb [SCOREBOARD] --- Comparing Row 11 ---
UVM_INFO UVM/env/tpu_scoreboard.sv(90) @ 1532430: uvm_test_top.env.sb [SCOREBOARD] --- Comparing Row 12 ---
UVM_INFO UVM/env/tpu_scoreboard.sv(90) @ 1532430: uvm_test_top.env.sb [SCOREBOARD] --- Comparing Row 13 ---
UVM_INFO UVM/env/tpu_scoreboard.sv(90) @ 1532430: uvm_test_top.env.sb [SCOREBOARD] --- Comparing Row 14 ---
UVM_INFO UVM/env/tpu_scoreboard.sv(90) @ 1532430: uvm_test_top.env.sb [SCOREBOARD] --- Comparing Row 15 ---
UVM_INFO UVM/env/tpu_scoreboard.sv(102) @ 1532430: uvm_test_top.env.sb [SCOREBOARD] ==================================================
UVM_INFO UVM/env/tpu_scoreboard.sv(103) @ 1532430: uvm_test_top.env.sb [SCOREBOARD]  [PASS] ALL 256 OUTPUTS MATCH THE GOLDEN MODEL! 
UVM_INFO UVM/env/tpu_scoreboard.sv(104) @ 1532430: uvm_test_top.env.sb [SCOREBOARD] ==================================================
UVM_INFO UVM/env/tpu_scoreboard.sv(34) @ 1532430: uvm_test_top.env.sb [SCOREBOARD] Waiting data from 3 monitors
UVM_INFO UVM/env/sequences/weight_sequence.sv(12) @ 1533890: uvm_test_top.env.w_agent.sequencer@@w_seq [WT_SEQ] Preparing to send matrices
UVM_INFO UVM/env/agents/weight_agent/weight_driver.sv(26) @ 1533890: uvm_test_top.env.w_agent.driver [WT_DRV] Starting SRAM writing phase...
UVM_INFO UVM/env/agents/weight_agent/weight_driver.sv(43) @ 1539090: uvm_test_top.env.w_agent.driver [WT_DRV] Waiting for controller to finish ...
UVM_INFO UVM/env/agents/weight_agent/weight_driver.sv(58) @ 1549390: uvm_test_top.env.w_agent.driver [WT_DRV] Matrix successfully loaded into PEs!
UVM_INFO UVM/env/sequences/weight_sequence.sv(19) @ 1549390: uvm_test_top.env.w_agent.sequencer@@w_seq [WT_SEQ] All 3 matrices sent.
UVM_INFO UVM/env/agents/weight_agent/weight_monitor.sv(36) @ 1549410: uvm_test_top.env.w_agent.monitor [WT_MON] Broadcasting matrix
UVM_INFO UVM/env/sequences/act_sequence.sv(12) @ 1549490: uvm_test_top.env.a_agent.sqr@@a_seq [ACT_SEQ] Starting
UVM_INFO UVM/env/agents/act_agent/act_driver.sv(24) @ 1549490: uvm_test_top.env.a_agent.drv [ACT_DRV] Starting SRAM writing phase...
UVM_INFO UVM/env/agents/act_agent/act_monitor.sv(33) @ 1549870: uvm_test_top.env.a_agent.mon [ACT_MON] Broadcasting activation matrix to Scoreboard
UVM_INFO UVM/env/agents/out_agent/out_monitor.sv(31) @ 1549870: uvm_test_top.env.o_agent.mon [OUT_MON] Execution started
UVM_INFO UVM/env/agents/act_agent/act_driver.sv(40) @ 1549870: uvm_test_top.env.a_agent.drv [ACT_DRV] Activations loaded and start_exec pulsed!
UVM_INFO UVM/env/tpu_scoreboard.sv(40) @ 1549870: uvm_test_top.env.sb [SCOREBOARD] Data received
UVM_INFO UVM/env/sequences/act_sequence.sv(19) @ 1549870: uvm_test_top.env.a_agent.sqr@@a_seq [ACT_SEQ] All done
UVM_INFO UVM/env/agents/out_agent/out_monitor.sv(34) @ 1550290: uvm_test_top.env.o_agent.mon [OUT_MON] Timer finish
UVM_INFO UVM/env/tpu_scoreboard.sv(90) @ 1550910: uvm_test_top.env.sb [SCOREBOARD] --- Comparing Row 0 ---
UVM_INFO UVM/env/tpu_scoreboard.sv(90) @ 1550910: uvm_test_top.env.sb [SCOREBOARD] --- Comparing Row 1 ---
UVM_INFO UVM/env/tpu_scoreboard.sv(90) @ 1550910: uvm_test_top.env.sb [SCOREBOARD] --- Comparing Row 2 ---
UVM_INFO UVM/env/tpu_scoreboard.sv(90) @ 1550910: uvm_test_top.env.sb [SCOREBOARD] --- Comparing Row 3 ---
UVM_INFO UVM/env/tpu_scoreboard.sv(90) @ 1550910: uvm_test_top.env.sb [SCOREBOARD] --- Comparing Row 4 ---
UVM_INFO UVM/env/tpu_scoreboard.sv(90) @ 1550910: uvm_test_top.env.sb [SCOREBOARD] --- Comparing Row 5 ---
UVM_INFO UVM/env/tpu_scoreboard.sv(90) @ 1550910: uvm_test_top.env.sb [SCOREBOARD] --- Comparing Row 6 ---
UVM_INFO UVM/env/tpu_scoreboard.sv(90) @ 1550910: uvm_test_top.env.sb [SCOREBOARD] --- Comparing Row 7 ---
UVM_INFO UVM/env/tpu_scoreboard.sv(90) @ 1550910: uvm_test_top.env.sb [SCOREBOARD] --- Comparing Row 8 ---
UVM_INFO UVM/env/tpu_scoreboard.sv(90) @ 1550910: uvm_test_top.env.sb [SCOREBOARD] --- Comparing Row 9 ---
UVM_INFO UVM/env/tpu_scoreboard.sv(90) @ 1550910: uvm_test_top.env.sb [SCOREBOARD] --- Comparing Row 10 ---
UVM_INFO UVM/env/tpu_scoreboard.sv(90) @ 1550910: uvm_test_top.env.sb [SCOREBOARD] --- Comparing Row 11 ---
UVM_INFO UVM/env/tpu_scoreboard.sv(90) @ 1550910: uvm_test_top.env.sb [SCOREBOARD] --- Comparing Row 12 ---
UVM_INFO UVM/env/tpu_scoreboard.sv(90) @ 1550910: uvm_test_top.env.sb [SCOREBOARD] --- Comparing Row 13 ---
UVM_INFO UVM/env/tpu_scoreboard.sv(90) @ 1550910: uvm_test_top.env.sb [SCOREBOARD] --- Comparing Row 14 ---
UVM_INFO UVM/env/tpu_scoreboard.sv(90) @ 1550910: uvm_test_top.env.sb [SCOREBOARD] --- Comparing Row 15 ---
UVM_INFO UVM/env/tpu_scoreboard.sv(102) @ 1550910: uvm_test_top.env.sb [SCOREBOARD] ==================================================
UVM_INFO UVM/env/tpu_scoreboard.sv(103) @ 1550910: uvm_test_top.env.sb [SCOREBOARD]  [PASS] ALL 256 OUTPUTS MATCH THE GOLDEN MODEL! 
UVM_INFO UVM/env/tpu_scoreboard.sv(104) @ 1550910: uvm_test_top.env.sb [SCOREBOARD] ==================================================
UVM_INFO UVM/env/tpu_scoreboard.sv(34) @ 1550910: uvm_test_top.env.sb [SCOREBOARD] Waiting data from 3 monitors
UVM_INFO UVM/env/sequences/weight_sequence.sv(12) @ 1552370: uvm_test_top.env.w_agent.sequencer@@w_seq [WT_SEQ] Preparing to send matrices
UVM_INFO UVM/env/agents/weight_agent/weight_driver.sv(26) @ 1552370: uvm_test_top.env.w_agent.driver [WT_DRV] Starting SRAM writing phase...
UVM_INFO UVM/env/agents/weight_agent/weight_driver.sv(43) @ 1557570: uvm_test_top.env.w_agent.driver [WT_DRV] Waiting for controller to finish ...
UVM_INFO UVM/env/agents/weight_agent/weight_driver.sv(58) @ 1567870: uvm_test_top.env.w_agent.driver [WT_DRV] Matrix successfully loaded into PEs!
UVM_INFO UVM/env/sequences/weight_sequence.sv(19) @ 1567870: uvm_test_top.env.w_agent.sequencer@@w_seq [WT_SEQ] All 3 matrices sent.
UVM_INFO UVM/env/agents/weight_agent/weight_monitor.sv(36) @ 1567890: uvm_test_top.env.w_agent.monitor [WT_MON] Broadcasting matrix
UVM_INFO UVM/env/sequences/act_sequence.sv(12) @ 1567970: uvm_test_top.env.a_agent.sqr@@a_seq [ACT_SEQ] Starting
UVM_INFO UVM/env/agents/act_agent/act_driver.sv(24) @ 1567970: uvm_test_top.env.a_agent.drv [ACT_DRV] Starting SRAM writing phase...
UVM_INFO UVM/env/agents/act_agent/act_monitor.sv(33) @ 1568350: uvm_test_top.env.a_agent.mon [ACT_MON] Broadcasting activation matrix to Scoreboard
UVM_INFO UVM/env/agents/out_agent/out_monitor.sv(31) @ 1568350: uvm_test_top.env.o_agent.mon [OUT_MON] Execution started
UVM_INFO UVM/env/agents/act_agent/act_driver.sv(40) @ 1568350: uvm_test_top.env.a_agent.drv [ACT_DRV] Activations loaded and start_exec pulsed!
UVM_INFO UVM/env/tpu_scoreboard.sv(40) @ 1568350: uvm_test_top.env.sb [SCOREBOARD] Data received
UVM_INFO UVM/env/sequences/act_sequence.sv(19) @ 1568350: uvm_test_top.env.a_agent.sqr@@a_seq [ACT_SEQ] All done
UVM_INFO UVM/env/agents/out_agent/out_monitor.sv(34) @ 1568770: uvm_test_top.env.o_agent.mon [OUT_MON] Timer finish
UVM_INFO UVM/env/tpu_scoreboard.sv(90) @ 1569390: uvm_test_top.env.sb [SCOREBOARD] --- Comparing Row 0 ---
UVM_INFO UVM/env/tpu_scoreboard.sv(90) @ 1569390: uvm_test_top.env.sb [SCOREBOARD] --- Comparing Row 1 ---
UVM_INFO UVM/env/tpu_scoreboard.sv(90) @ 1569390: uvm_test_top.env.sb [SCOREBOARD] --- Comparing Row 2 ---
UVM_INFO UVM/env/tpu_scoreboard.sv(90) @ 1569390: uvm_test_top.env.sb [SCOREBOARD] --- Comparing Row 3 ---
UVM_INFO UVM/env/tpu_scoreboard.sv(90) @ 1569390: uvm_test_top.env.sb [SCOREBOARD] --- Comparing Row 4 ---
UVM_INFO UVM/env/tpu_scoreboard.sv(90) @ 1569390: uvm_test_top.env.sb [SCOREBOARD] --- Comparing Row 5 ---
UVM_INFO UVM/env/tpu_scoreboard.sv(90) @ 1569390: uvm_test_top.env.sb [SCOREBOARD] --- Comparing Row 6 ---
UVM_INFO UVM/env/tpu_scoreboard.sv(90) @ 1569390: uvm_test_top.env.sb [SCOREBOARD] --- Comparing Row 7 ---
UVM_INFO UVM/env/tpu_scoreboard.sv(90) @ 1569390: uvm_test_top.env.sb [SCOREBOARD] --- Comparing Row 8 ---
UVM_INFO UVM/env/tpu_scoreboard.sv(90) @ 1569390: uvm_test_top.env.sb [SCOREBOARD] --- Comparing Row 9 ---
UVM_INFO UVM/env/tpu_scoreboard.sv(90) @ 1569390: uvm_test_top.env.sb [SCOREBOARD] --- Comparing Row 10 ---
UVM_INFO UVM/env/tpu_scoreboard.sv(90) @ 1569390: uvm_test_top.env.sb [SCOREBOARD] --- Comparing Row 11 ---
UVM_INFO UVM/env/tpu_scoreboard.sv(90) @ 1569390: uvm_test_top.env.sb [SCOREBOARD] --- Comparing Row 12 ---
UVM_INFO UVM/env/tpu_scoreboard.sv(90) @ 1569390: uvm_test_top.env.sb [SCOREBOARD] --- Comparing Row 13 ---
UVM_INFO UVM/env/tpu_scoreboard.sv(90) @ 1569390: uvm_test_top.env.sb [SCOREBOARD] --- Comparing Row 14 ---
UVM_INFO UVM/env/tpu_scoreboard.sv(90) @ 1569390: uvm_test_top.env.sb [SCOREBOARD] --- Comparing Row 15 ---
UVM_INFO UVM/env/tpu_scoreboard.sv(102) @ 1569390: uvm_test_top.env.sb [SCOREBOARD] ==================================================
UVM_INFO UVM/env/tpu_scoreboard.sv(103) @ 1569390: uvm_test_top.env.sb [SCOREBOARD]  [PASS] ALL 256 OUTPUTS MATCH THE GOLDEN MODEL! 
UVM_INFO UVM/env/tpu_scoreboard.sv(104) @ 1569390: uvm_test_top.env.sb [SCOREBOARD] ==================================================
UVM_INFO UVM/env/tpu_scoreboard.sv(34) @ 1569390: uvm_test_top.env.sb [SCOREBOARD] Waiting data from 3 monitors
UVM_INFO UVM/env/sequences/weight_sequence.sv(12) @ 1570850: uvm_test_top.env.w_agent.sequencer@@w_seq [WT_SEQ] Preparing to send matrices
UVM_INFO UVM/env/agents/weight_agent/weight_driver.sv(26) @ 1570850: uvm_test_top.env.w_agent.driver [WT_DRV] Starting SRAM writing phase...
UVM_INFO UVM/env/agents/weight_agent/weight_driver.sv(43) @ 1576050: uvm_test_top.env.w_agent.driver [WT_DRV] Waiting for controller to finish ...
UVM_INFO UVM/env/agents/weight_agent/weight_driver.sv(58) @ 1586350: uvm_test_top.env.w_agent.driver [WT_DRV] Matrix successfully loaded into PEs!
UVM_INFO UVM/env/sequences/weight_sequence.sv(19) @ 1586350: uvm_test_top.env.w_agent.sequencer@@w_seq [WT_SEQ] All 3 matrices sent.
UVM_INFO UVM/env/agents/weight_agent/weight_monitor.sv(36) @ 1586370: uvm_test_top.env.w_agent.monitor [WT_MON] Broadcasting matrix
UVM_INFO UVM/env/sequences/act_sequence.sv(12) @ 1586450: uvm_test_top.env.a_agent.sqr@@a_seq [ACT_SEQ] Starting
UVM_INFO UVM/env/agents/act_agent/act_driver.sv(24) @ 1586450: uvm_test_top.env.a_agent.drv [ACT_DRV] Starting SRAM writing phase...
UVM_INFO UVM/env/agents/act_agent/act_monitor.sv(33) @ 1586830: uvm_test_top.env.a_agent.mon [ACT_MON] Broadcasting activation matrix to Scoreboard
UVM_INFO UVM/env/agents/out_agent/out_monitor.sv(31) @ 1586830: uvm_test_top.env.o_agent.mon [OUT_MON] Execution started
UVM_INFO UVM/env/agents/act_agent/act_driver.sv(40) @ 1586830: uvm_test_top.env.a_agent.drv [ACT_DRV] Activations loaded and start_exec pulsed!
UVM_INFO UVM/env/tpu_scoreboard.sv(40) @ 1586830: uvm_test_top.env.sb [SCOREBOARD] Data received
UVM_INFO UVM/env/sequences/act_sequence.sv(19) @ 1586830: uvm_test_top.env.a_agent.sqr@@a_seq [ACT_SEQ] All done
UVM_INFO UVM/env/agents/out_agent/out_monitor.sv(34) @ 1587250: uvm_test_top.env.o_agent.mon [OUT_MON] Timer finish
UVM_INFO UVM/env/tpu_scoreboard.sv(90) @ 1587870: uvm_test_top.env.sb [SCOREBOARD] --- Comparing Row 0 ---
UVM_INFO UVM/env/tpu_scoreboard.sv(90) @ 1587870: uvm_test_top.env.sb [SCOREBOARD] --- Comparing Row 1 ---
UVM_INFO UVM/env/tpu_scoreboard.sv(90) @ 1587870: uvm_test_top.env.sb [SCOREBOARD] --- Comparing Row 2 ---
UVM_INFO UVM/env/tpu_scoreboard.sv(90) @ 1587870: uvm_test_top.env.sb [SCOREBOARD] --- Comparing Row 3 ---
UVM_INFO UVM/env/tpu_scoreboard.sv(90) @ 1587870: uvm_test_top.env.sb [SCOREBOARD] --- Comparing Row 4 ---
UVM_INFO UVM/env/tpu_scoreboard.sv(90) @ 1587870: uvm_test_top.env.sb [SCOREBOARD] --- Comparing Row 5 ---
UVM_INFO UVM/env/tpu_scoreboard.sv(90) @ 1587870: uvm_test_top.env.sb [SCOREBOARD] --- Comparing Row 6 ---
UVM_INFO UVM/env/tpu_scoreboard.sv(90) @ 1587870: uvm_test_top.env.sb [SCOREBOARD] --- Comparing Row 7 ---
UVM_INFO UVM/env/tpu_scoreboard.sv(90) @ 1587870: uvm_test_top.env.sb [SCOREBOARD] --- Comparing Row 8 ---
UVM_INFO UVM/env/tpu_scoreboard.sv(90) @ 1587870: uvm_test_top.env.sb [SCOREBOARD] --- Comparing Row 9 ---
UVM_INFO UVM/env/tpu_scoreboard.sv(90) @ 1587870: uvm_test_top.env.sb [SCOREBOARD] --- Comparing Row 10 ---
UVM_INFO UVM/env/tpu_scoreboard.sv(90) @ 1587870: uvm_test_top.env.sb [SCOREBOARD] --- Comparing Row 11 ---
UVM_INFO UVM/env/tpu_scoreboard.sv(90) @ 1587870: uvm_test_top.env.sb [SCOREBOARD] --- Comparing Row 12 ---
UVM_INFO UVM/env/tpu_scoreboard.sv(90) @ 1587870: uvm_test_top.env.sb [SCOREBOARD] --- Comparing Row 13 ---
UVM_INFO UVM/env/tpu_scoreboard.sv(90) @ 1587870: uvm_test_top.env.sb [SCOREBOARD] --- Comparing Row 14 ---
UVM_INFO UVM/env/tpu_scoreboard.sv(90) @ 1587870: uvm_test_top.env.sb [SCOREBOARD] --- Comparing Row 15 ---
UVM_INFO UVM/env/tpu_scoreboard.sv(102) @ 1587870: uvm_test_top.env.sb [SCOREBOARD] ==================================================
UVM_INFO UVM/env/tpu_scoreboard.sv(103) @ 1587870: uvm_test_top.env.sb [SCOREBOARD]  [PASS] ALL 256 OUTPUTS MATCH THE GOLDEN MODEL! 
UVM_INFO UVM/env/tpu_scoreboard.sv(104) @ 1587870: uvm_test_top.env.sb [SCOREBOARD] ==================================================
UVM_INFO UVM/env/tpu_scoreboard.sv(34) @ 1587870: uvm_test_top.env.sb [SCOREBOARD] Waiting data from 3 monitors
UVM_INFO UVM/env/sequences/weight_sequence.sv(12) @ 1589330: uvm_test_top.env.w_agent.sequencer@@w_seq [WT_SEQ] Preparing to send matrices
UVM_INFO UVM/env/agents/weight_agent/weight_driver.sv(26) @ 1589330: uvm_test_top.env.w_agent.driver [WT_DRV] Starting SRAM writing phase...
UVM_INFO UVM/env/agents/weight_agent/weight_driver.sv(43) @ 1594530: uvm_test_top.env.w_agent.driver [WT_DRV] Waiting for controller to finish ...
UVM_INFO UVM/env/agents/weight_agent/weight_driver.sv(58) @ 1604830: uvm_test_top.env.w_agent.driver [WT_DRV] Matrix successfully loaded into PEs!
UVM_INFO UVM/env/sequences/weight_sequence.sv(19) @ 1604830: uvm_test_top.env.w_agent.sequencer@@w_seq [WT_SEQ] All 3 matrices sent.
UVM_INFO UVM/env/agents/weight_agent/weight_monitor.sv(36) @ 1604850: uvm_test_top.env.w_agent.monitor [WT_MON] Broadcasting matrix
UVM_INFO UVM/env/sequences/act_sequence.sv(12) @ 1604930: uvm_test_top.env.a_agent.sqr@@a_seq [ACT_SEQ] Starting
UVM_INFO UVM/env/agents/act_agent/act_driver.sv(24) @ 1604930: uvm_test_top.env.a_agent.drv [ACT_DRV] Starting SRAM writing phase...
UVM_INFO UVM/env/agents/act_agent/act_monitor.sv(33) @ 1605310: uvm_test_top.env.a_agent.mon [ACT_MON] Broadcasting activation matrix to Scoreboard
UVM_INFO UVM/env/agents/out_agent/out_monitor.sv(31) @ 1605310: uvm_test_top.env.o_agent.mon [OUT_MON] Execution started
UVM_INFO UVM/env/agents/act_agent/act_driver.sv(40) @ 1605310: uvm_test_top.env.a_agent.drv [ACT_DRV] Activations loaded and start_exec pulsed!
UVM_INFO UVM/env/tpu_scoreboard.sv(40) @ 1605310: uvm_test_top.env.sb [SCOREBOARD] Data received
UVM_INFO UVM/env/sequences/act_sequence.sv(19) @ 1605310: uvm_test_top.env.a_agent.sqr@@a_seq [ACT_SEQ] All done
UVM_INFO UVM/env/agents/out_agent/out_monitor.sv(34) @ 1605730: uvm_test_top.env.o_agent.mon [OUT_MON] Timer finish
UVM_INFO UVM/env/tpu_scoreboard.sv(90) @ 1606350: uvm_test_top.env.sb [SCOREBOARD] --- Comparing Row 0 ---
UVM_INFO UVM/env/tpu_scoreboard.sv(90) @ 1606350: uvm_test_top.env.sb [SCOREBOARD] --- Comparing Row 1 ---
UVM_INFO UVM/env/tpu_scoreboard.sv(90) @ 1606350: uvm_test_top.env.sb [SCOREBOARD] --- Comparing Row 2 ---
UVM_INFO UVM/env/tpu_scoreboard.sv(90) @ 1606350: uvm_test_top.env.sb [SCOREBOARD] --- Comparing Row 3 ---
UVM_INFO UVM/env/tpu_scoreboard.sv(90) @ 1606350: uvm_test_top.env.sb [SCOREBOARD] --- Comparing Row 4 ---
UVM_INFO UVM/env/tpu_scoreboard.sv(90) @ 1606350: uvm_test_top.env.sb [SCOREBOARD] --- Comparing Row 5 ---
UVM_INFO UVM/env/tpu_scoreboard.sv(90) @ 1606350: uvm_test_top.env.sb [SCOREBOARD] --- Comparing Row 6 ---
UVM_INFO UVM/env/tpu_scoreboard.sv(90) @ 1606350: uvm_test_top.env.sb [SCOREBOARD] --- Comparing Row 7 ---
UVM_INFO UVM/env/tpu_scoreboard.sv(90) @ 1606350: uvm_test_top.env.sb [SCOREBOARD] --- Comparing Row 8 ---
UVM_INFO UVM/env/tpu_scoreboard.sv(90) @ 1606350: uvm_test_top.env.sb [SCOREBOARD] --- Comparing Row 9 ---
UVM_INFO UVM/env/tpu_scoreboard.sv(90) @ 1606350: uvm_test_top.env.sb [SCOREBOARD] --- Comparing Row 10 ---
UVM_INFO UVM/env/tpu_scoreboard.sv(90) @ 1606350: uvm_test_top.env.sb [SCOREBOARD] --- Comparing Row 11 ---
UVM_INFO UVM/env/tpu_scoreboard.sv(90) @ 1606350: uvm_test_top.env.sb [SCOREBOARD] --- Comparing Row 12 ---
UVM_INFO UVM/env/tpu_scoreboard.sv(90) @ 1606350: uvm_test_top.env.sb [SCOREBOARD] --- Comparing Row 13 ---
UVM_INFO UVM/env/tpu_scoreboard.sv(90) @ 1606350: uvm_test_top.env.sb [SCOREBOARD] --- Comparing Row 14 ---
UVM_INFO UVM/env/tpu_scoreboard.sv(90) @ 1606350: uvm_test_top.env.sb [SCOREBOARD] --- Comparing Row 15 ---
UVM_INFO UVM/env/tpu_scoreboard.sv(102) @ 1606350: uvm_test_top.env.sb [SCOREBOARD] ==================================================
UVM_INFO UVM/env/tpu_scoreboard.sv(103) @ 1606350: uvm_test_top.env.sb [SCOREBOARD]  [PASS] ALL 256 OUTPUTS MATCH THE GOLDEN MODEL! 
UVM_INFO UVM/env/tpu_scoreboard.sv(104) @ 1606350: uvm_test_top.env.sb [SCOREBOARD] ==================================================
UVM_INFO UVM/env/tpu_scoreboard.sv(34) @ 1606350: uvm_test_top.env.sb [SCOREBOARD] Waiting data from 3 monitors
UVM_INFO UVM/env/sequences/weight_sequence.sv(12) @ 1607810: uvm_test_top.env.w_agent.sequencer@@w_seq [WT_SEQ] Preparing to send matrices
UVM_INFO UVM/env/agents/weight_agent/weight_driver.sv(26) @ 1607810: uvm_test_top.env.w_agent.driver [WT_DRV] Starting SRAM writing phase...
UVM_INFO UVM/env/agents/weight_agent/weight_driver.sv(43) @ 1613010: uvm_test_top.env.w_agent.driver [WT_DRV] Waiting for controller to finish ...
UVM_INFO UVM/env/agents/weight_agent/weight_driver.sv(58) @ 1623310: uvm_test_top.env.w_agent.driver [WT_DRV] Matrix successfully loaded into PEs!
UVM_INFO UVM/env/sequences/weight_sequence.sv(19) @ 1623310: uvm_test_top.env.w_agent.sequencer@@w_seq [WT_SEQ] All 3 matrices sent.
UVM_INFO UVM/env/agents/weight_agent/weight_monitor.sv(36) @ 1623330: uvm_test_top.env.w_agent.monitor [WT_MON] Broadcasting matrix
UVM_INFO UVM/env/sequences/act_sequence.sv(12) @ 1623410: uvm_test_top.env.a_agent.sqr@@a_seq [ACT_SEQ] Starting
UVM_INFO UVM/env/agents/act_agent/act_driver.sv(24) @ 1623410: uvm_test_top.env.a_agent.drv [ACT_DRV] Starting SRAM writing phase...
UVM_INFO UVM/env/agents/act_agent/act_monitor.sv(33) @ 1623790: uvm_test_top.env.a_agent.mon [ACT_MON] Broadcasting activation matrix to Scoreboard
UVM_INFO UVM/env/agents/out_agent/out_monitor.sv(31) @ 1623790: uvm_test_top.env.o_agent.mon [OUT_MON] Execution started
UVM_INFO UVM/env/agents/act_agent/act_driver.sv(40) @ 1623790: uvm_test_top.env.a_agent.drv [ACT_DRV] Activations loaded and start_exec pulsed!
UVM_INFO UVM/env/tpu_scoreboard.sv(40) @ 1623790: uvm_test_top.env.sb [SCOREBOARD] Data received
UVM_INFO UVM/env/sequences/act_sequence.sv(19) @ 1623790: uvm_test_top.env.a_agent.sqr@@a_seq [ACT_SEQ] All done
UVM_INFO UVM/env/agents/out_agent/out_monitor.sv(34) @ 1624210: uvm_test_top.env.o_agent.mon [OUT_MON] Timer finish
UVM_INFO UVM/env/tpu_scoreboard.sv(90) @ 1624830: uvm_test_top.env.sb [SCOREBOARD] --- Comparing Row 0 ---
UVM_INFO UVM/env/tpu_scoreboard.sv(90) @ 1624830: uvm_test_top.env.sb [SCOREBOARD] --- Comparing Row 1 ---
UVM_INFO UVM/env/tpu_scoreboard.sv(90) @ 1624830: uvm_test_top.env.sb [SCOREBOARD] --- Comparing Row 2 ---
UVM_INFO UVM/env/tpu_scoreboard.sv(90) @ 1624830: uvm_test_top.env.sb [SCOREBOARD] --- Comparing Row 3 ---
UVM_INFO UVM/env/tpu_scoreboard.sv(90) @ 1624830: uvm_test_top.env.sb [SCOREBOARD] --- Comparing Row 4 ---
UVM_INFO UVM/env/tpu_scoreboard.sv(90) @ 1624830: uvm_test_top.env.sb [SCOREBOARD] --- Comparing Row 5 ---
UVM_INFO UVM/env/tpu_scoreboard.sv(90) @ 1624830: uvm_test_top.env.sb [SCOREBOARD] --- Comparing Row 6 ---
UVM_INFO UVM/env/tpu_scoreboard.sv(90) @ 1624830: uvm_test_top.env.sb [SCOREBOARD] --- Comparing Row 7 ---
UVM_INFO UVM/env/tpu_scoreboard.sv(90) @ 1624830: uvm_test_top.env.sb [SCOREBOARD] --- Comparing Row 8 ---
UVM_INFO UVM/env/tpu_scoreboard.sv(90) @ 1624830: uvm_test_top.env.sb [SCOREBOARD] --- Comparing Row 9 ---
UVM_INFO UVM/env/tpu_scoreboard.sv(90) @ 1624830: uvm_test_top.env.sb [SCOREBOARD] --- Comparing Row 10 ---
UVM_INFO UVM/env/tpu_scoreboard.sv(90) @ 1624830: uvm_test_top.env.sb [SCOREBOARD] --- Comparing Row 11 ---
UVM_INFO UVM/env/tpu_scoreboard.sv(90) @ 1624830: uvm_test_top.env.sb [SCOREBOARD] --- Comparing Row 12 ---
UVM_INFO UVM/env/tpu_scoreboard.sv(90) @ 1624830: uvm_test_top.env.sb [SCOREBOARD] --- Comparing Row 13 ---
UVM_INFO UVM/env/tpu_scoreboard.sv(90) @ 1624830: uvm_test_top.env.sb [SCOREBOARD] --- Comparing Row 14 ---
UVM_INFO UVM/env/tpu_scoreboard.sv(90) @ 1624830: uvm_test_top.env.sb [SCOREBOARD] --- Comparing Row 15 ---
UVM_INFO UVM/env/tpu_scoreboard.sv(102) @ 1624830: uvm_test_top.env.sb [SCOREBOARD] ==================================================
UVM_INFO UVM/env/tpu_scoreboard.sv(103) @ 1624830: uvm_test_top.env.sb [SCOREBOARD]  [PASS] ALL 256 OUTPUTS MATCH THE GOLDEN MODEL! 
UVM_INFO UVM/env/tpu_scoreboard.sv(104) @ 1624830: uvm_test_top.env.sb [SCOREBOARD] ==================================================
UVM_INFO UVM/env/tpu_scoreboard.sv(34) @ 1624830: uvm_test_top.env.sb [SCOREBOARD] Waiting data from 3 monitors
UVM_INFO UVM/env/sequences/weight_sequence.sv(12) @ 1626290: uvm_test_top.env.w_agent.sequencer@@w_seq [WT_SEQ] Preparing to send matrices
UVM_INFO UVM/env/agents/weight_agent/weight_driver.sv(26) @ 1626290: uvm_test_top.env.w_agent.driver [WT_DRV] Starting SRAM writing phase...
UVM_INFO UVM/env/agents/weight_agent/weight_driver.sv(43) @ 1631490: uvm_test_top.env.w_agent.driver [WT_DRV] Waiting for controller to finish ...
UVM_INFO UVM/env/agents/weight_agent/weight_driver.sv(58) @ 1641790: uvm_test_top.env.w_agent.driver [WT_DRV] Matrix successfully loaded into PEs!
UVM_INFO UVM/env/sequences/weight_sequence.sv(19) @ 1641790: uvm_test_top.env.w_agent.sequencer@@w_seq [WT_SEQ] All 3 matrices sent.
UVM_INFO UVM/env/agents/weight_agent/weight_monitor.sv(36) @ 1641810: uvm_test_top.env.w_agent.monitor [WT_MON] Broadcasting matrix
UVM_INFO UVM/env/sequences/act_sequence.sv(12) @ 1641890: uvm_test_top.env.a_agent.sqr@@a_seq [ACT_SEQ] Starting
UVM_INFO UVM/env/agents/act_agent/act_driver.sv(24) @ 1641890: uvm_test_top.env.a_agent.drv [ACT_DRV] Starting SRAM writing phase...
UVM_INFO UVM/env/agents/act_agent/act_monitor.sv(33) @ 1642270: uvm_test_top.env.a_agent.mon [ACT_MON] Broadcasting activation matrix to Scoreboard
UVM_INFO UVM/env/agents/out_agent/out_monitor.sv(31) @ 1642270: uvm_test_top.env.o_agent.mon [OUT_MON] Execution started
UVM_INFO UVM/env/agents/act_agent/act_driver.sv(40) @ 1642270: uvm_test_top.env.a_agent.drv [ACT_DRV] Activations loaded and start_exec pulsed!
UVM_INFO UVM/env/tpu_scoreboard.sv(40) @ 1642270: uvm_test_top.env.sb [SCOREBOARD] Data received
UVM_INFO UVM/env/sequences/act_sequence.sv(19) @ 1642270: uvm_test_top.env.a_agent.sqr@@a_seq [ACT_SEQ] All done
UVM_INFO UVM/env/agents/out_agent/out_monitor.sv(34) @ 1642690: uvm_test_top.env.o_agent.mon [OUT_MON] Timer finish
UVM_INFO UVM/env/tpu_scoreboard.sv(90) @ 1643310: uvm_test_top.env.sb [SCOREBOARD] --- Comparing Row 0 ---
UVM_INFO UVM/env/tpu_scoreboard.sv(90) @ 1643310: uvm_test_top.env.sb [SCOREBOARD] --- Comparing Row 1 ---
UVM_INFO UVM/env/tpu_scoreboard.sv(90) @ 1643310: uvm_test_top.env.sb [SCOREBOARD] --- Comparing Row 2 ---
UVM_INFO UVM/env/tpu_scoreboard.sv(90) @ 1643310: uvm_test_top.env.sb [SCOREBOARD] --- Comparing Row 3 ---
UVM_INFO UVM/env/tpu_scoreboard.sv(90) @ 1643310: uvm_test_top.env.sb [SCOREBOARD] --- Comparing Row 4 ---
UVM_INFO UVM/env/tpu_scoreboard.sv(90) @ 1643310: uvm_test_top.env.sb [SCOREBOARD] --- Comparing Row 5 ---
UVM_INFO UVM/env/tpu_scoreboard.sv(90) @ 1643310: uvm_test_top.env.sb [SCOREBOARD] --- Comparing Row 6 ---
UVM_INFO UVM/env/tpu_scoreboard.sv(90) @ 1643310: uvm_test_top.env.sb [SCOREBOARD] --- Comparing Row 7 ---
UVM_INFO UVM/env/tpu_scoreboard.sv(90) @ 1643310: uvm_test_top.env.sb [SCOREBOARD] --- Comparing Row 8 ---
UVM_INFO UVM/env/tpu_scoreboard.sv(90) @ 1643310: uvm_test_top.env.sb [SCOREBOARD] --- Comparing Row 9 ---
UVM_INFO UVM/env/tpu_scoreboard.sv(90) @ 1643310: uvm_test_top.env.sb [SCOREBOARD] --- Comparing Row 10 ---
UVM_INFO UVM/env/tpu_scoreboard.sv(90) @ 1643310: uvm_test_top.env.sb [SCOREBOARD] --- Comparing Row 11 ---
UVM_INFO UVM/env/tpu_scoreboard.sv(90) @ 1643310: uvm_test_top.env.sb [SCOREBOARD] --- Comparing Row 12 ---
UVM_INFO UVM/env/tpu_scoreboard.sv(90) @ 1643310: uvm_test_top.env.sb [SCOREBOARD] --- Comparing Row 13 ---
UVM_INFO UVM/env/tpu_scoreboard.sv(90) @ 1643310: uvm_test_top.env.sb [SCOREBOARD] --- Comparing Row 14 ---
UVM_INFO UVM/env/tpu_scoreboard.sv(90) @ 1643310: uvm_test_top.env.sb [SCOREBOARD] --- Comparing Row 15 ---
UVM_INFO UVM/env/tpu_scoreboard.sv(102) @ 1643310: uvm_test_top.env.sb [SCOREBOARD] ==================================================
UVM_INFO UVM/env/tpu_scoreboard.sv(103) @ 1643310: uvm_test_top.env.sb [SCOREBOARD]  [PASS] ALL 256 OUTPUTS MATCH THE GOLDEN MODEL! 
UVM_INFO UVM/env/tpu_scoreboard.sv(104) @ 1643310: uvm_test_top.env.sb [SCOREBOARD] ==================================================
UVM_INFO UVM/env/tpu_scoreboard.sv(34) @ 1643310: uvm_test_top.env.sb [SCOREBOARD] Waiting data from 3 monitors
UVM_INFO UVM/env/sequences/weight_sequence.sv(12) @ 1644770: uvm_test_top.env.w_agent.sequencer@@w_seq [WT_SEQ] Preparing to send matrices
UVM_INFO UVM/env/agents/weight_agent/weight_driver.sv(26) @ 1644770: uvm_test_top.env.w_agent.driver [WT_DRV] Starting SRAM writing phase...
UVM_INFO UVM/env/agents/weight_agent/weight_driver.sv(43) @ 1649970: uvm_test_top.env.w_agent.driver [WT_DRV] Waiting for controller to finish ...
UVM_INFO UVM/env/agents/weight_agent/weight_driver.sv(58) @ 1660270: uvm_test_top.env.w_agent.driver [WT_DRV] Matrix successfully loaded into PEs!
UVM_INFO UVM/env/sequences/weight_sequence.sv(19) @ 1660270: uvm_test_top.env.w_agent.sequencer@@w_seq [WT_SEQ] All 3 matrices sent.
UVM_INFO UVM/env/agents/weight_agent/weight_monitor.sv(36) @ 1660290: uvm_test_top.env.w_agent.monitor [WT_MON] Broadcasting matrix
UVM_INFO UVM/env/sequences/act_sequence.sv(12) @ 1660370: uvm_test_top.env.a_agent.sqr@@a_seq [ACT_SEQ] Starting
UVM_INFO UVM/env/agents/act_agent/act_driver.sv(24) @ 1660370: uvm_test_top.env.a_agent.drv [ACT_DRV] Starting SRAM writing phase...
UVM_INFO UVM/env/agents/act_agent/act_monitor.sv(33) @ 1660750: uvm_test_top.env.a_agent.mon [ACT_MON] Broadcasting activation matrix to Scoreboard
UVM_INFO UVM/env/agents/out_agent/out_monitor.sv(31) @ 1660750: uvm_test_top.env.o_agent.mon [OUT_MON] Execution started
UVM_INFO UVM/env/agents/act_agent/act_driver.sv(40) @ 1660750: uvm_test_top.env.a_agent.drv [ACT_DRV] Activations loaded and start_exec pulsed!
UVM_INFO UVM/env/tpu_scoreboard.sv(40) @ 1660750: uvm_test_top.env.sb [SCOREBOARD] Data received
UVM_INFO UVM/env/sequences/act_sequence.sv(19) @ 1660750: uvm_test_top.env.a_agent.sqr@@a_seq [ACT_SEQ] All done
UVM_INFO UVM/env/agents/out_agent/out_monitor.sv(34) @ 1661170: uvm_test_top.env.o_agent.mon [OUT_MON] Timer finish
UVM_INFO UVM/env/tpu_scoreboard.sv(90) @ 1661790: uvm_test_top.env.sb [SCOREBOARD] --- Comparing Row 0 ---
UVM_INFO UVM/env/tpu_scoreboard.sv(90) @ 1661790: uvm_test_top.env.sb [SCOREBOARD] --- Comparing Row 1 ---
UVM_INFO UVM/env/tpu_scoreboard.sv(90) @ 1661790: uvm_test_top.env.sb [SCOREBOARD] --- Comparing Row 2 ---
UVM_INFO UVM/env/tpu_scoreboard.sv(90) @ 1661790: uvm_test_top.env.sb [SCOREBOARD] --- Comparing Row 3 ---
UVM_INFO UVM/env/tpu_scoreboard.sv(90) @ 1661790: uvm_test_top.env.sb [SCOREBOARD] --- Comparing Row 4 ---
UVM_INFO UVM/env/tpu_scoreboard.sv(90) @ 1661790: uvm_test_top.env.sb [SCOREBOARD] --- Comparing Row 5 ---
UVM_INFO UVM/env/tpu_scoreboard.sv(90) @ 1661790: uvm_test_top.env.sb [SCOREBOARD] --- Comparing Row 6 ---
UVM_INFO UVM/env/tpu_scoreboard.sv(90) @ 1661790: uvm_test_top.env.sb [SCOREBOARD] --- Comparing Row 7 ---
UVM_INFO UVM/env/tpu_scoreboard.sv(90) @ 1661790: uvm_test_top.env.sb [SCOREBOARD] --- Comparing Row 8 ---
UVM_INFO UVM/env/tpu_scoreboard.sv(90) @ 1661790: uvm_test_top.env.sb [SCOREBOARD] --- Comparing Row 9 ---
UVM_INFO UVM/env/tpu_scoreboard.sv(90) @ 1661790: uvm_test_top.env.sb [SCOREBOARD] --- Comparing Row 10 ---
UVM_INFO UVM/env/tpu_scoreboard.sv(90) @ 1661790: uvm_test_top.env.sb [SCOREBOARD] --- Comparing Row 11 ---
UVM_INFO UVM/env/tpu_scoreboard.sv(90) @ 1661790: uvm_test_top.env.sb [SCOREBOARD] --- Comparing Row 12 ---
UVM_INFO UVM/env/tpu_scoreboard.sv(90) @ 1661790: uvm_test_top.env.sb [SCOREBOARD] --- Comparing Row 13 ---
UVM_INFO UVM/env/tpu_scoreboard.sv(90) @ 1661790: uvm_test_top.env.sb [SCOREBOARD] --- Comparing Row 14 ---
UVM_INFO UVM/env/tpu_scoreboard.sv(90) @ 1661790: uvm_test_top.env.sb [SCOREBOARD] --- Comparing Row 15 ---
UVM_INFO UVM/env/tpu_scoreboard.sv(102) @ 1661790: uvm_test_top.env.sb [SCOREBOARD] ==================================================
UVM_INFO UVM/env/tpu_scoreboard.sv(103) @ 1661790: uvm_test_top.env.sb [SCOREBOARD]  [PASS] ALL 256 OUTPUTS MATCH THE GOLDEN MODEL! 
UVM_INFO UVM/env/tpu_scoreboard.sv(104) @ 1661790: uvm_test_top.env.sb [SCOREBOARD] ==================================================
UVM_INFO UVM/env/tpu_scoreboard.sv(34) @ 1661790: uvm_test_top.env.sb [SCOREBOARD] Waiting data from 3 monitors
UVM_INFO UVM/env/sequences/weight_sequence.sv(12) @ 1663250: uvm_test_top.env.w_agent.sequencer@@w_seq [WT_SEQ] Preparing to send matrices
UVM_INFO UVM/env/agents/weight_agent/weight_driver.sv(26) @ 1663250: uvm_test_top.env.w_agent.driver [WT_DRV] Starting SRAM writing phase...
UVM_INFO UVM/env/agents/weight_agent/weight_driver.sv(43) @ 1668450: uvm_test_top.env.w_agent.driver [WT_DRV] Waiting for controller to finish ...
UVM_INFO UVM/env/agents/weight_agent/weight_driver.sv(58) @ 1678750: uvm_test_top.env.w_agent.driver [WT_DRV] Matrix successfully loaded into PEs!
UVM_INFO UVM/env/sequences/weight_sequence.sv(19) @ 1678750: uvm_test_top.env.w_agent.sequencer@@w_seq [WT_SEQ] All 3 matrices sent.
UVM_INFO UVM/env/agents/weight_agent/weight_monitor.sv(36) @ 1678770: uvm_test_top.env.w_agent.monitor [WT_MON] Broadcasting matrix
UVM_INFO UVM/env/sequences/act_sequence.sv(12) @ 1678850: uvm_test_top.env.a_agent.sqr@@a_seq [ACT_SEQ] Starting
UVM_INFO UVM/env/agents/act_agent/act_driver.sv(24) @ 1678850: uvm_test_top.env.a_agent.drv [ACT_DRV] Starting SRAM writing phase...
UVM_INFO UVM/env/agents/act_agent/act_monitor.sv(33) @ 1679230: uvm_test_top.env.a_agent.mon [ACT_MON] Broadcasting activation matrix to Scoreboard
UVM_INFO UVM/env/agents/out_agent/out_monitor.sv(31) @ 1679230: uvm_test_top.env.o_agent.mon [OUT_MON] Execution started
UVM_INFO UVM/env/agents/act_agent/act_driver.sv(40) @ 1679230: uvm_test_top.env.a_agent.drv [ACT_DRV] Activations loaded and start_exec pulsed!
UVM_INFO UVM/env/tpu_scoreboard.sv(40) @ 1679230: uvm_test_top.env.sb [SCOREBOARD] Data received
UVM_INFO UVM/env/sequences/act_sequence.sv(19) @ 1679230: uvm_test_top.env.a_agent.sqr@@a_seq [ACT_SEQ] All done
UVM_INFO UVM/env/agents/out_agent/out_monitor.sv(34) @ 1679650: uvm_test_top.env.o_agent.mon [OUT_MON] Timer finish
UVM_INFO UVM/env/tpu_scoreboard.sv(90) @ 1680270: uvm_test_top.env.sb [SCOREBOARD] --- Comparing Row 0 ---
UVM_INFO UVM/env/tpu_scoreboard.sv(90) @ 1680270: uvm_test_top.env.sb [SCOREBOARD] --- Comparing Row 1 ---
UVM_INFO UVM/env/tpu_scoreboard.sv(90) @ 1680270: uvm_test_top.env.sb [SCOREBOARD] --- Comparing Row 2 ---
UVM_INFO UVM/env/tpu_scoreboard.sv(90) @ 1680270: uvm_test_top.env.sb [SCOREBOARD] --- Comparing Row 3 ---
UVM_INFO UVM/env/tpu_scoreboard.sv(90) @ 1680270: uvm_test_top.env.sb [SCOREBOARD] --- Comparing Row 4 ---
UVM_INFO UVM/env/tpu_scoreboard.sv(90) @ 1680270: uvm_test_top.env.sb [SCOREBOARD] --- Comparing Row 5 ---
UVM_INFO UVM/env/tpu_scoreboard.sv(90) @ 1680270: uvm_test_top.env.sb [SCOREBOARD] --- Comparing Row 6 ---
UVM_INFO UVM/env/tpu_scoreboard.sv(90) @ 1680270: uvm_test_top.env.sb [SCOREBOARD] --- Comparing Row 7 ---
UVM_INFO UVM/env/tpu_scoreboard.sv(90) @ 1680270: uvm_test_top.env.sb [SCOREBOARD] --- Comparing Row 8 ---
UVM_INFO UVM/env/tpu_scoreboard.sv(90) @ 1680270: uvm_test_top.env.sb [SCOREBOARD] --- Comparing Row 9 ---
UVM_INFO UVM/env/tpu_scoreboard.sv(90) @ 1680270: uvm_test_top.env.sb [SCOREBOARD] --- Comparing Row 10 ---
UVM_INFO UVM/env/tpu_scoreboard.sv(90) @ 1680270: uvm_test_top.env.sb [SCOREBOARD] --- Comparing Row 11 ---
UVM_INFO UVM/env/tpu_scoreboard.sv(90) @ 1680270: uvm_test_top.env.sb [SCOREBOARD] --- Comparing Row 12 ---
UVM_INFO UVM/env/tpu_scoreboard.sv(90) @ 1680270: uvm_test_top.env.sb [SCOREBOARD] --- Comparing Row 13 ---
UVM_INFO UVM/env/tpu_scoreboard.sv(90) @ 1680270: uvm_test_top.env.sb [SCOREBOARD] --- Comparing Row 14 ---
UVM_INFO UVM/env/tpu_scoreboard.sv(90) @ 1680270: uvm_test_top.env.sb [SCOREBOARD] --- Comparing Row 15 ---
UVM_INFO UVM/env/tpu_scoreboard.sv(102) @ 1680270: uvm_test_top.env.sb [SCOREBOARD] ==================================================
UVM_INFO UVM/env/tpu_scoreboard.sv(103) @ 1680270: uvm_test_top.env.sb [SCOREBOARD]  [PASS] ALL 256 OUTPUTS MATCH THE GOLDEN MODEL! 
UVM_INFO UVM/env/tpu_scoreboard.sv(104) @ 1680270: uvm_test_top.env.sb [SCOREBOARD] ==================================================
UVM_INFO UVM/env/tpu_scoreboard.sv(34) @ 1680270: uvm_test_top.env.sb [SCOREBOARD] Waiting data from 3 monitors
UVM_INFO UVM/env/sequences/weight_sequence.sv(12) @ 1681730: uvm_test_top.env.w_agent.sequencer@@w_seq [WT_SEQ] Preparing to send matrices
UVM_INFO UVM/env/agents/weight_agent/weight_driver.sv(26) @ 1681730: uvm_test_top.env.w_agent.driver [WT_DRV] Starting SRAM writing phase...
UVM_INFO UVM/env/agents/weight_agent/weight_driver.sv(43) @ 1686930: uvm_test_top.env.w_agent.driver [WT_DRV] Waiting for controller to finish ...
UVM_INFO UVM/env/agents/weight_agent/weight_driver.sv(58) @ 1697230: uvm_test_top.env.w_agent.driver [WT_DRV] Matrix successfully loaded into PEs!
UVM_INFO UVM/env/sequences/weight_sequence.sv(19) @ 1697230: uvm_test_top.env.w_agent.sequencer@@w_seq [WT_SEQ] All 3 matrices sent.
UVM_INFO UVM/env/agents/weight_agent/weight_monitor.sv(36) @ 1697250: uvm_test_top.env.w_agent.monitor [WT_MON] Broadcasting matrix
UVM_INFO UVM/env/sequences/act_sequence.sv(12) @ 1697330: uvm_test_top.env.a_agent.sqr@@a_seq [ACT_SEQ] Starting
UVM_INFO UVM/env/agents/act_agent/act_driver.sv(24) @ 1697330: uvm_test_top.env.a_agent.drv [ACT_DRV] Starting SRAM writing phase...
UVM_INFO UVM/env/agents/act_agent/act_monitor.sv(33) @ 1697710: uvm_test_top.env.a_agent.mon [ACT_MON] Broadcasting activation matrix to Scoreboard
UVM_INFO UVM/env/agents/out_agent/out_monitor.sv(31) @ 1697710: uvm_test_top.env.o_agent.mon [OUT_MON] Execution started
UVM_INFO UVM/env/agents/act_agent/act_driver.sv(40) @ 1697710: uvm_test_top.env.a_agent.drv [ACT_DRV] Activations loaded and start_exec pulsed!
UVM_INFO UVM/env/tpu_scoreboard.sv(40) @ 1697710: uvm_test_top.env.sb [SCOREBOARD] Data received
UVM_INFO UVM/env/sequences/act_sequence.sv(19) @ 1697710: uvm_test_top.env.a_agent.sqr@@a_seq [ACT_SEQ] All done
UVM_INFO UVM/env/agents/out_agent/out_monitor.sv(34) @ 1698130: uvm_test_top.env.o_agent.mon [OUT_MON] Timer finish
UVM_INFO UVM/env/tpu_scoreboard.sv(90) @ 1698750: uvm_test_top.env.sb [SCOREBOARD] --- Comparing Row 0 ---
UVM_INFO UVM/env/tpu_scoreboard.sv(90) @ 1698750: uvm_test_top.env.sb [SCOREBOARD] --- Comparing Row 1 ---
UVM_INFO UVM/env/tpu_scoreboard.sv(90) @ 1698750: uvm_test_top.env.sb [SCOREBOARD] --- Comparing Row 2 ---
UVM_INFO UVM/env/tpu_scoreboard.sv(90) @ 1698750: uvm_test_top.env.sb [SCOREBOARD] --- Comparing Row 3 ---
UVM_INFO UVM/env/tpu_scoreboard.sv(90) @ 1698750: uvm_test_top.env.sb [SCOREBOARD] --- Comparing Row 4 ---
UVM_INFO UVM/env/tpu_scoreboard.sv(90) @ 1698750: uvm_test_top.env.sb [SCOREBOARD] --- Comparing Row 5 ---
UVM_INFO UVM/env/tpu_scoreboard.sv(90) @ 1698750: uvm_test_top.env.sb [SCOREBOARD] --- Comparing Row 6 ---
UVM_INFO UVM/env/tpu_scoreboard.sv(90) @ 1698750: uvm_test_top.env.sb [SCOREBOARD] --- Comparing Row 7 ---
UVM_INFO UVM/env/tpu_scoreboard.sv(90) @ 1698750: uvm_test_top.env.sb [SCOREBOARD] --- Comparing Row 8 ---
UVM_INFO UVM/env/tpu_scoreboard.sv(90) @ 1698750: uvm_test_top.env.sb [SCOREBOARD] --- Comparing Row 9 ---
UVM_INFO UVM/env/tpu_scoreboard.sv(90) @ 1698750: uvm_test_top.env.sb [SCOREBOARD] --- Comparing Row 10 ---
UVM_INFO UVM/env/tpu_scoreboard.sv(90) @ 1698750: uvm_test_top.env.sb [SCOREBOARD] --- Comparing Row 11 ---
UVM_INFO UVM/env/tpu_scoreboard.sv(90) @ 1698750: uvm_test_top.env.sb [SCOREBOARD] --- Comparing Row 12 ---
UVM_INFO UVM/env/tpu_scoreboard.sv(90) @ 1698750: uvm_test_top.env.sb [SCOREBOARD] --- Comparing Row 13 ---
UVM_INFO UVM/env/tpu_scoreboard.sv(90) @ 1698750: uvm_test_top.env.sb [SCOREBOARD] --- Comparing Row 14 ---
UVM_INFO UVM/env/tpu_scoreboard.sv(90) @ 1698750: uvm_test_top.env.sb [SCOREBOARD] --- Comparing Row 15 ---
UVM_INFO UVM/env/tpu_scoreboard.sv(102) @ 1698750: uvm_test_top.env.sb [SCOREBOARD] ==================================================
UVM_INFO UVM/env/tpu_scoreboard.sv(103) @ 1698750: uvm_test_top.env.sb [SCOREBOARD]  [PASS] ALL 256 OUTPUTS MATCH THE GOLDEN MODEL! 
UVM_INFO UVM/env/tpu_scoreboard.sv(104) @ 1698750: uvm_test_top.env.sb [SCOREBOARD] ==================================================
UVM_INFO UVM/env/tpu_scoreboard.sv(34) @ 1698750: uvm_test_top.env.sb [SCOREBOARD] Waiting data from 3 monitors
UVM_INFO UVM/env/sequences/weight_sequence.sv(12) @ 1700210: uvm_test_top.env.w_agent.sequencer@@w_seq [WT_SEQ] Preparing to send matrices
UVM_INFO UVM/env/agents/weight_agent/weight_driver.sv(26) @ 1700210: uvm_test_top.env.w_agent.driver [WT_DRV] Starting SRAM writing phase...
UVM_INFO UVM/env/agents/weight_agent/weight_driver.sv(43) @ 1705410: uvm_test_top.env.w_agent.driver [WT_DRV] Waiting for controller to finish ...
UVM_INFO UVM/env/agents/weight_agent/weight_driver.sv(58) @ 1715710: uvm_test_top.env.w_agent.driver [WT_DRV] Matrix successfully loaded into PEs!
UVM_INFO UVM/env/sequences/weight_sequence.sv(19) @ 1715710: uvm_test_top.env.w_agent.sequencer@@w_seq [WT_SEQ] All 3 matrices sent.
UVM_INFO UVM/env/agents/weight_agent/weight_monitor.sv(36) @ 1715730: uvm_test_top.env.w_agent.monitor [WT_MON] Broadcasting matrix
UVM_INFO UVM/env/sequences/act_sequence.sv(12) @ 1715810: uvm_test_top.env.a_agent.sqr@@a_seq [ACT_SEQ] Starting
UVM_INFO UVM/env/agents/act_agent/act_driver.sv(24) @ 1715810: uvm_test_top.env.a_agent.drv [ACT_DRV] Starting SRAM writing phase...
UVM_INFO UVM/env/agents/act_agent/act_monitor.sv(33) @ 1716190: uvm_test_top.env.a_agent.mon [ACT_MON] Broadcasting activation matrix to Scoreboard
UVM_INFO UVM/env/agents/out_agent/out_monitor.sv(31) @ 1716190: uvm_test_top.env.o_agent.mon [OUT_MON] Execution started
UVM_INFO UVM/env/agents/act_agent/act_driver.sv(40) @ 1716190: uvm_test_top.env.a_agent.drv [ACT_DRV] Activations loaded and start_exec pulsed!
UVM_INFO UVM/env/tpu_scoreboard.sv(40) @ 1716190: uvm_test_top.env.sb [SCOREBOARD] Data received
UVM_INFO UVM/env/sequences/act_sequence.sv(19) @ 1716190: uvm_test_top.env.a_agent.sqr@@a_seq [ACT_SEQ] All done
UVM_INFO UVM/env/agents/out_agent/out_monitor.sv(34) @ 1716610: uvm_test_top.env.o_agent.mon [OUT_MON] Timer finish
UVM_INFO UVM/env/tpu_scoreboard.sv(90) @ 1717230: uvm_test_top.env.sb [SCOREBOARD] --- Comparing Row 0 ---
UVM_INFO UVM/env/tpu_scoreboard.sv(90) @ 1717230: uvm_test_top.env.sb [SCOREBOARD] --- Comparing Row 1 ---
UVM_INFO UVM/env/tpu_scoreboard.sv(90) @ 1717230: uvm_test_top.env.sb [SCOREBOARD] --- Comparing Row 2 ---
UVM_INFO UVM/env/tpu_scoreboard.sv(90) @ 1717230: uvm_test_top.env.sb [SCOREBOARD] --- Comparing Row 3 ---
UVM_INFO UVM/env/tpu_scoreboard.sv(90) @ 1717230: uvm_test_top.env.sb [SCOREBOARD] --- Comparing Row 4 ---
UVM_INFO UVM/env/tpu_scoreboard.sv(90) @ 1717230: uvm_test_top.env.sb [SCOREBOARD] --- Comparing Row 5 ---
UVM_INFO UVM/env/tpu_scoreboard.sv(90) @ 1717230: uvm_test_top.env.sb [SCOREBOARD] --- Comparing Row 6 ---
UVM_INFO UVM/env/tpu_scoreboard.sv(90) @ 1717230: uvm_test_top.env.sb [SCOREBOARD] --- Comparing Row 7 ---
UVM_INFO UVM/env/tpu_scoreboard.sv(90) @ 1717230: uvm_test_top.env.sb [SCOREBOARD] --- Comparing Row 8 ---
UVM_INFO UVM/env/tpu_scoreboard.sv(90) @ 1717230: uvm_test_top.env.sb [SCOREBOARD] --- Comparing Row 9 ---
UVM_INFO UVM/env/tpu_scoreboard.sv(90) @ 1717230: uvm_test_top.env.sb [SCOREBOARD] --- Comparing Row 10 ---
UVM_INFO UVM/env/tpu_scoreboard.sv(90) @ 1717230: uvm_test_top.env.sb [SCOREBOARD] --- Comparing Row 11 ---
UVM_INFO UVM/env/tpu_scoreboard.sv(90) @ 1717230: uvm_test_top.env.sb [SCOREBOARD] --- Comparing Row 12 ---
UVM_INFO UVM/env/tpu_scoreboard.sv(90) @ 1717230: uvm_test_top.env.sb [SCOREBOARD] --- Comparing Row 13 ---
UVM_INFO UVM/env/tpu_scoreboard.sv(90) @ 1717230: uvm_test_top.env.sb [SCOREBOARD] --- Comparing Row 14 ---
UVM_INFO UVM/env/tpu_scoreboard.sv(90) @ 1717230: uvm_test_top.env.sb [SCOREBOARD] --- Comparing Row 15 ---
UVM_INFO UVM/env/tpu_scoreboard.sv(102) @ 1717230: uvm_test_top.env.sb [SCOREBOARD] ==================================================
UVM_INFO UVM/env/tpu_scoreboard.sv(103) @ 1717230: uvm_test_top.env.sb [SCOREBOARD]  [PASS] ALL 256 OUTPUTS MATCH THE GOLDEN MODEL! 
UVM_INFO UVM/env/tpu_scoreboard.sv(104) @ 1717230: uvm_test_top.env.sb [SCOREBOARD] ==================================================
UVM_INFO UVM/env/tpu_scoreboard.sv(34) @ 1717230: uvm_test_top.env.sb [SCOREBOARD] Waiting data from 3 monitors
UVM_INFO UVM/env/sequences/weight_sequence.sv(12) @ 1718690: uvm_test_top.env.w_agent.sequencer@@w_seq [WT_SEQ] Preparing to send matrices
UVM_INFO UVM/env/agents/weight_agent/weight_driver.sv(26) @ 1718690: uvm_test_top.env.w_agent.driver [WT_DRV] Starting SRAM writing phase...
UVM_INFO UVM/env/agents/weight_agent/weight_driver.sv(43) @ 1723890: uvm_test_top.env.w_agent.driver [WT_DRV] Waiting for controller to finish ...
UVM_INFO UVM/env/agents/weight_agent/weight_driver.sv(58) @ 1734190: uvm_test_top.env.w_agent.driver [WT_DRV] Matrix successfully loaded into PEs!
UVM_INFO UVM/env/sequences/weight_sequence.sv(19) @ 1734190: uvm_test_top.env.w_agent.sequencer@@w_seq [WT_SEQ] All 3 matrices sent.
UVM_INFO UVM/env/agents/weight_agent/weight_monitor.sv(36) @ 1734210: uvm_test_top.env.w_agent.monitor [WT_MON] Broadcasting matrix
UVM_INFO UVM/env/sequences/act_sequence.sv(12) @ 1734290: uvm_test_top.env.a_agent.sqr@@a_seq [ACT_SEQ] Starting
UVM_INFO UVM/env/agents/act_agent/act_driver.sv(24) @ 1734290: uvm_test_top.env.a_agent.drv [ACT_DRV] Starting SRAM writing phase...
UVM_INFO UVM/env/agents/act_agent/act_monitor.sv(33) @ 1734670: uvm_test_top.env.a_agent.mon [ACT_MON] Broadcasting activation matrix to Scoreboard
UVM_INFO UVM/env/agents/out_agent/out_monitor.sv(31) @ 1734670: uvm_test_top.env.o_agent.mon [OUT_MON] Execution started
UVM_INFO UVM/env/agents/act_agent/act_driver.sv(40) @ 1734670: uvm_test_top.env.a_agent.drv [ACT_DRV] Activations loaded and start_exec pulsed!
UVM_INFO UVM/env/tpu_scoreboard.sv(40) @ 1734670: uvm_test_top.env.sb [SCOREBOARD] Data received
UVM_INFO UVM/env/sequences/act_sequence.sv(19) @ 1734670: uvm_test_top.env.a_agent.sqr@@a_seq [ACT_SEQ] All done
UVM_INFO UVM/env/agents/out_agent/out_monitor.sv(34) @ 1735090: uvm_test_top.env.o_agent.mon [OUT_MON] Timer finish
UVM_INFO UVM/env/tpu_scoreboard.sv(90) @ 1735710: uvm_test_top.env.sb [SCOREBOARD] --- Comparing Row 0 ---
UVM_INFO UVM/env/tpu_scoreboard.sv(90) @ 1735710: uvm_test_top.env.sb [SCOREBOARD] --- Comparing Row 1 ---
UVM_INFO UVM/env/tpu_scoreboard.sv(90) @ 1735710: uvm_test_top.env.sb [SCOREBOARD] --- Comparing Row 2 ---
UVM_INFO UVM/env/tpu_scoreboard.sv(90) @ 1735710: uvm_test_top.env.sb [SCOREBOARD] --- Comparing Row 3 ---
UVM_INFO UVM/env/tpu_scoreboard.sv(90) @ 1735710: uvm_test_top.env.sb [SCOREBOARD] --- Comparing Row 4 ---
UVM_INFO UVM/env/tpu_scoreboard.sv(90) @ 1735710: uvm_test_top.env.sb [SCOREBOARD] --- Comparing Row 5 ---
UVM_INFO UVM/env/tpu_scoreboard.sv(90) @ 1735710: uvm_test_top.env.sb [SCOREBOARD] --- Comparing Row 6 ---
UVM_INFO UVM/env/tpu_scoreboard.sv(90) @ 1735710: uvm_test_top.env.sb [SCOREBOARD] --- Comparing Row 7 ---
UVM_INFO UVM/env/tpu_scoreboard.sv(90) @ 1735710: uvm_test_top.env.sb [SCOREBOARD] --- Comparing Row 8 ---
UVM_INFO UVM/env/tpu_scoreboard.sv(90) @ 1735710: uvm_test_top.env.sb [SCOREBOARD] --- Comparing Row 9 ---
UVM_INFO UVM/env/tpu_scoreboard.sv(90) @ 1735710: uvm_test_top.env.sb [SCOREBOARD] --- Comparing Row 10 ---
UVM_INFO UVM/env/tpu_scoreboard.sv(90) @ 1735710: uvm_test_top.env.sb [SCOREBOARD] --- Comparing Row 11 ---
UVM_INFO UVM/env/tpu_scoreboard.sv(90) @ 1735710: uvm_test_top.env.sb [SCOREBOARD] --- Comparing Row 12 ---
UVM_INFO UVM/env/tpu_scoreboard.sv(90) @ 1735710: uvm_test_top.env.sb [SCOREBOARD] --- Comparing Row 13 ---
UVM_INFO UVM/env/tpu_scoreboard.sv(90) @ 1735710: uvm_test_top.env.sb [SCOREBOARD] --- Comparing Row 14 ---
UVM_INFO UVM/env/tpu_scoreboard.sv(90) @ 1735710: uvm_test_top.env.sb [SCOREBOARD] --- Comparing Row 15 ---
UVM_INFO UVM/env/tpu_scoreboard.sv(102) @ 1735710: uvm_test_top.env.sb [SCOREBOARD] ==================================================
UVM_INFO UVM/env/tpu_scoreboard.sv(103) @ 1735710: uvm_test_top.env.sb [SCOREBOARD]  [PASS] ALL 256 OUTPUTS MATCH THE GOLDEN MODEL! 
UVM_INFO UVM/env/tpu_scoreboard.sv(104) @ 1735710: uvm_test_top.env.sb [SCOREBOARD] ==================================================
UVM_INFO UVM/env/tpu_scoreboard.sv(34) @ 1735710: uvm_test_top.env.sb [SCOREBOARD] Waiting data from 3 monitors
UVM_INFO UVM/env/sequences/weight_sequence.sv(12) @ 1737170: uvm_test_top.env.w_agent.sequencer@@w_seq [WT_SEQ] Preparing to send matrices
UVM_INFO UVM/env/agents/weight_agent/weight_driver.sv(26) @ 1737170: uvm_test_top.env.w_agent.driver [WT_DRV] Starting SRAM writing phase...
UVM_INFO UVM/env/agents/weight_agent/weight_driver.sv(43) @ 1742370: uvm_test_top.env.w_agent.driver [WT_DRV] Waiting for controller to finish ...
UVM_INFO UVM/env/agents/weight_agent/weight_driver.sv(58) @ 1752670: uvm_test_top.env.w_agent.driver [WT_DRV] Matrix successfully loaded into PEs!
UVM_INFO UVM/env/sequences/weight_sequence.sv(19) @ 1752670: uvm_test_top.env.w_agent.sequencer@@w_seq [WT_SEQ] All 3 matrices sent.
UVM_INFO UVM/env/agents/weight_agent/weight_monitor.sv(36) @ 1752690: uvm_test_top.env.w_agent.monitor [WT_MON] Broadcasting matrix
UVM_INFO UVM/env/sequences/act_sequence.sv(12) @ 1752770: uvm_test_top.env.a_agent.sqr@@a_seq [ACT_SEQ] Starting
UVM_INFO UVM/env/agents/act_agent/act_driver.sv(24) @ 1752770: uvm_test_top.env.a_agent.drv [ACT_DRV] Starting SRAM writing phase...
UVM_INFO UVM/env/agents/act_agent/act_monitor.sv(33) @ 1753150: uvm_test_top.env.a_agent.mon [ACT_MON] Broadcasting activation matrix to Scoreboard
UVM_INFO UVM/env/agents/out_agent/out_monitor.sv(31) @ 1753150: uvm_test_top.env.o_agent.mon [OUT_MON] Execution started
UVM_INFO UVM/env/agents/act_agent/act_driver.sv(40) @ 1753150: uvm_test_top.env.a_agent.drv [ACT_DRV] Activations loaded and start_exec pulsed!
UVM_INFO UVM/env/tpu_scoreboard.sv(40) @ 1753150: uvm_test_top.env.sb [SCOREBOARD] Data received
UVM_INFO UVM/env/sequences/act_sequence.sv(19) @ 1753150: uvm_test_top.env.a_agent.sqr@@a_seq [ACT_SEQ] All done
UVM_INFO UVM/env/agents/out_agent/out_monitor.sv(34) @ 1753570: uvm_test_top.env.o_agent.mon [OUT_MON] Timer finish
UVM_INFO UVM/env/tpu_scoreboard.sv(90) @ 1754190: uvm_test_top.env.sb [SCOREBOARD] --- Comparing Row 0 ---
UVM_INFO UVM/env/tpu_scoreboard.sv(90) @ 1754190: uvm_test_top.env.sb [SCOREBOARD] --- Comparing Row 1 ---
UVM_INFO UVM/env/tpu_scoreboard.sv(90) @ 1754190: uvm_test_top.env.sb [SCOREBOARD] --- Comparing Row 2 ---
UVM_INFO UVM/env/tpu_scoreboard.sv(90) @ 1754190: uvm_test_top.env.sb [SCOREBOARD] --- Comparing Row 3 ---
UVM_INFO UVM/env/tpu_scoreboard.sv(90) @ 1754190: uvm_test_top.env.sb [SCOREBOARD] --- Comparing Row 4 ---
UVM_INFO UVM/env/tpu_scoreboard.sv(90) @ 1754190: uvm_test_top.env.sb [SCOREBOARD] --- Comparing Row 5 ---
UVM_INFO UVM/env/tpu_scoreboard.sv(90) @ 1754190: uvm_test_top.env.sb [SCOREBOARD] --- Comparing Row 6 ---
UVM_INFO UVM/env/tpu_scoreboard.sv(90) @ 1754190: uvm_test_top.env.sb [SCOREBOARD] --- Comparing Row 7 ---
UVM_INFO UVM/env/tpu_scoreboard.sv(90) @ 1754190: uvm_test_top.env.sb [SCOREBOARD] --- Comparing Row 8 ---
UVM_INFO UVM/env/tpu_scoreboard.sv(90) @ 1754190: uvm_test_top.env.sb [SCOREBOARD] --- Comparing Row 9 ---
UVM_INFO UVM/env/tpu_scoreboard.sv(90) @ 1754190: uvm_test_top.env.sb [SCOREBOARD] --- Comparing Row 10 ---
UVM_INFO UVM/env/tpu_scoreboard.sv(90) @ 1754190: uvm_test_top.env.sb [SCOREBOARD] --- Comparing Row 11 ---
UVM_INFO UVM/env/tpu_scoreboard.sv(90) @ 1754190: uvm_test_top.env.sb [SCOREBOARD] --- Comparing Row 12 ---
UVM_INFO UVM/env/tpu_scoreboard.sv(90) @ 1754190: uvm_test_top.env.sb [SCOREBOARD] --- Comparing Row 13 ---
UVM_INFO UVM/env/tpu_scoreboard.sv(90) @ 1754190: uvm_test_top.env.sb [SCOREBOARD] --- Comparing Row 14 ---
UVM_INFO UVM/env/tpu_scoreboard.sv(90) @ 1754190: uvm_test_top.env.sb [SCOREBOARD] --- Comparing Row 15 ---
UVM_INFO UVM/env/tpu_scoreboard.sv(102) @ 1754190: uvm_test_top.env.sb [SCOREBOARD] ==================================================
UVM_INFO UVM/env/tpu_scoreboard.sv(103) @ 1754190: uvm_test_top.env.sb [SCOREBOARD]  [PASS] ALL 256 OUTPUTS MATCH THE GOLDEN MODEL! 
UVM_INFO UVM/env/tpu_scoreboard.sv(104) @ 1754190: uvm_test_top.env.sb [SCOREBOARD] ==================================================
UVM_INFO UVM/env/tpu_scoreboard.sv(34) @ 1754190: uvm_test_top.env.sb [SCOREBOARD] Waiting data from 3 monitors
UVM_INFO UVM/env/sequences/weight_sequence.sv(12) @ 1755650: uvm_test_top.env.w_agent.sequencer@@w_seq [WT_SEQ] Preparing to send matrices
UVM_INFO UVM/env/agents/weight_agent/weight_driver.sv(26) @ 1755650: uvm_test_top.env.w_agent.driver [WT_DRV] Starting SRAM writing phase...
UVM_INFO UVM/env/agents/weight_agent/weight_driver.sv(43) @ 1760850: uvm_test_top.env.w_agent.driver [WT_DRV] Waiting for controller to finish ...
UVM_INFO UVM/env/agents/weight_agent/weight_driver.sv(58) @ 1771150: uvm_test_top.env.w_agent.driver [WT_DRV] Matrix successfully loaded into PEs!
UVM_INFO UVM/env/sequences/weight_sequence.sv(19) @ 1771150: uvm_test_top.env.w_agent.sequencer@@w_seq [WT_SEQ] All 3 matrices sent.
UVM_INFO UVM/env/agents/weight_agent/weight_monitor.sv(36) @ 1771170: uvm_test_top.env.w_agent.monitor [WT_MON] Broadcasting matrix
UVM_INFO UVM/env/sequences/act_sequence.sv(12) @ 1771250: uvm_test_top.env.a_agent.sqr@@a_seq [ACT_SEQ] Starting
UVM_INFO UVM/env/agents/act_agent/act_driver.sv(24) @ 1771250: uvm_test_top.env.a_agent.drv [ACT_DRV] Starting SRAM writing phase...
UVM_INFO UVM/env/agents/act_agent/act_monitor.sv(33) @ 1771630: uvm_test_top.env.a_agent.mon [ACT_MON] Broadcasting activation matrix to Scoreboard
UVM_INFO UVM/env/agents/out_agent/out_monitor.sv(31) @ 1771630: uvm_test_top.env.o_agent.mon [OUT_MON] Execution started
UVM_INFO UVM/env/agents/act_agent/act_driver.sv(40) @ 1771630: uvm_test_top.env.a_agent.drv [ACT_DRV] Activations loaded and start_exec pulsed!
UVM_INFO UVM/env/tpu_scoreboard.sv(40) @ 1771630: uvm_test_top.env.sb [SCOREBOARD] Data received
UVM_INFO UVM/env/sequences/act_sequence.sv(19) @ 1771630: uvm_test_top.env.a_agent.sqr@@a_seq [ACT_SEQ] All done
UVM_INFO UVM/env/agents/out_agent/out_monitor.sv(34) @ 1772050: uvm_test_top.env.o_agent.mon [OUT_MON] Timer finish
UVM_INFO UVM/env/tpu_scoreboard.sv(90) @ 1772670: uvm_test_top.env.sb [SCOREBOARD] --- Comparing Row 0 ---
UVM_INFO UVM/env/tpu_scoreboard.sv(90) @ 1772670: uvm_test_top.env.sb [SCOREBOARD] --- Comparing Row 1 ---
UVM_INFO UVM/env/tpu_scoreboard.sv(90) @ 1772670: uvm_test_top.env.sb [SCOREBOARD] --- Comparing Row 2 ---
UVM_INFO UVM/env/tpu_scoreboard.sv(90) @ 1772670: uvm_test_top.env.sb [SCOREBOARD] --- Comparing Row 3 ---
UVM_INFO UVM/env/tpu_scoreboard.sv(90) @ 1772670: uvm_test_top.env.sb [SCOREBOARD] --- Comparing Row 4 ---
UVM_INFO UVM/env/tpu_scoreboard.sv(90) @ 1772670: uvm_test_top.env.sb [SCOREBOARD] --- Comparing Row 5 ---
UVM_INFO UVM/env/tpu_scoreboard.sv(90) @ 1772670: uvm_test_top.env.sb [SCOREBOARD] --- Comparing Row 6 ---
UVM_INFO UVM/env/tpu_scoreboard.sv(90) @ 1772670: uvm_test_top.env.sb [SCOREBOARD] --- Comparing Row 7 ---
UVM_INFO UVM/env/tpu_scoreboard.sv(90) @ 1772670: uvm_test_top.env.sb [SCOREBOARD] --- Comparing Row 8 ---
UVM_INFO UVM/env/tpu_scoreboard.sv(90) @ 1772670: uvm_test_top.env.sb [SCOREBOARD] --- Comparing Row 9 ---
UVM_INFO UVM/env/tpu_scoreboard.sv(90) @ 1772670: uvm_test_top.env.sb [SCOREBOARD] --- Comparing Row 10 ---
UVM_INFO UVM/env/tpu_scoreboard.sv(90) @ 1772670: uvm_test_top.env.sb [SCOREBOARD] --- Comparing Row 11 ---
UVM_INFO UVM/env/tpu_scoreboard.sv(90) @ 1772670: uvm_test_top.env.sb [SCOREBOARD] --- Comparing Row 12 ---
UVM_INFO UVM/env/tpu_scoreboard.sv(90) @ 1772670: uvm_test_top.env.sb [SCOREBOARD] --- Comparing Row 13 ---
UVM_INFO UVM/env/tpu_scoreboard.sv(90) @ 1772670: uvm_test_top.env.sb [SCOREBOARD] --- Comparing Row 14 ---
UVM_INFO UVM/env/tpu_scoreboard.sv(90) @ 1772670: uvm_test_top.env.sb [SCOREBOARD] --- Comparing Row 15 ---
UVM_INFO UVM/env/tpu_scoreboard.sv(102) @ 1772670: uvm_test_top.env.sb [SCOREBOARD] ==================================================
UVM_INFO UVM/env/tpu_scoreboard.sv(103) @ 1772670: uvm_test_top.env.sb [SCOREBOARD]  [PASS] ALL 256 OUTPUTS MATCH THE GOLDEN MODEL! 
UVM_INFO UVM/env/tpu_scoreboard.sv(104) @ 1772670: uvm_test_top.env.sb [SCOREBOARD] ==================================================
UVM_INFO UVM/env/tpu_scoreboard.sv(34) @ 1772670: uvm_test_top.env.sb [SCOREBOARD] Waiting data from 3 monitors
UVM_INFO UVM/env/sequences/weight_sequence.sv(12) @ 1774130: uvm_test_top.env.w_agent.sequencer@@w_seq [WT_SEQ] Preparing to send matrices
UVM_INFO UVM/env/agents/weight_agent/weight_driver.sv(26) @ 1774130: uvm_test_top.env.w_agent.driver [WT_DRV] Starting SRAM writing phase...
UVM_INFO UVM/env/agents/weight_agent/weight_driver.sv(43) @ 1779330: uvm_test_top.env.w_agent.driver [WT_DRV] Waiting for controller to finish ...
UVM_INFO UVM/env/agents/weight_agent/weight_driver.sv(58) @ 1789630: uvm_test_top.env.w_agent.driver [WT_DRV] Matrix successfully loaded into PEs!
UVM_INFO UVM/env/sequences/weight_sequence.sv(19) @ 1789630: uvm_test_top.env.w_agent.sequencer@@w_seq [WT_SEQ] All 3 matrices sent.
UVM_INFO UVM/env/agents/weight_agent/weight_monitor.sv(36) @ 1789650: uvm_test_top.env.w_agent.monitor [WT_MON] Broadcasting matrix
UVM_INFO UVM/env/sequences/act_sequence.sv(12) @ 1789730: uvm_test_top.env.a_agent.sqr@@a_seq [ACT_SEQ] Starting
UVM_INFO UVM/env/agents/act_agent/act_driver.sv(24) @ 1789730: uvm_test_top.env.a_agent.drv [ACT_DRV] Starting SRAM writing phase...
UVM_INFO UVM/env/agents/act_agent/act_monitor.sv(33) @ 1790110: uvm_test_top.env.a_agent.mon [ACT_MON] Broadcasting activation matrix to Scoreboard
UVM_INFO UVM/env/agents/out_agent/out_monitor.sv(31) @ 1790110: uvm_test_top.env.o_agent.mon [OUT_MON] Execution started
UVM_INFO UVM/env/agents/act_agent/act_driver.sv(40) @ 1790110: uvm_test_top.env.a_agent.drv [ACT_DRV] Activations loaded and start_exec pulsed!
UVM_INFO UVM/env/tpu_scoreboard.sv(40) @ 1790110: uvm_test_top.env.sb [SCOREBOARD] Data received
UVM_INFO UVM/env/sequences/act_sequence.sv(19) @ 1790110: uvm_test_top.env.a_agent.sqr@@a_seq [ACT_SEQ] All done
UVM_INFO UVM/env/agents/out_agent/out_monitor.sv(34) @ 1790530: uvm_test_top.env.o_agent.mon [OUT_MON] Timer finish
UVM_INFO UVM/env/tpu_scoreboard.sv(90) @ 1791150: uvm_test_top.env.sb [SCOREBOARD] --- Comparing Row 0 ---
UVM_INFO UVM/env/tpu_scoreboard.sv(90) @ 1791150: uvm_test_top.env.sb [SCOREBOARD] --- Comparing Row 1 ---
UVM_INFO UVM/env/tpu_scoreboard.sv(90) @ 1791150: uvm_test_top.env.sb [SCOREBOARD] --- Comparing Row 2 ---
UVM_INFO UVM/env/tpu_scoreboard.sv(90) @ 1791150: uvm_test_top.env.sb [SCOREBOARD] --- Comparing Row 3 ---
UVM_INFO UVM/env/tpu_scoreboard.sv(90) @ 1791150: uvm_test_top.env.sb [SCOREBOARD] --- Comparing Row 4 ---
UVM_INFO UVM/env/tpu_scoreboard.sv(90) @ 1791150: uvm_test_top.env.sb [SCOREBOARD] --- Comparing Row 5 ---
UVM_INFO UVM/env/tpu_scoreboard.sv(90) @ 1791150: uvm_test_top.env.sb [SCOREBOARD] --- Comparing Row 6 ---
UVM_INFO UVM/env/tpu_scoreboard.sv(90) @ 1791150: uvm_test_top.env.sb [SCOREBOARD] --- Comparing Row 7 ---
UVM_INFO UVM/env/tpu_scoreboard.sv(90) @ 1791150: uvm_test_top.env.sb [SCOREBOARD] --- Comparing Row 8 ---
UVM_INFO UVM/env/tpu_scoreboard.sv(90) @ 1791150: uvm_test_top.env.sb [SCOREBOARD] --- Comparing Row 9 ---
UVM_INFO UVM/env/tpu_scoreboard.sv(90) @ 1791150: uvm_test_top.env.sb [SCOREBOARD] --- Comparing Row 10 ---
UVM_INFO UVM/env/tpu_scoreboard.sv(90) @ 1791150: uvm_test_top.env.sb [SCOREBOARD] --- Comparing Row 11 ---
UVM_INFO UVM/env/tpu_scoreboard.sv(90) @ 1791150: uvm_test_top.env.sb [SCOREBOARD] --- Comparing Row 12 ---
UVM_INFO UVM/env/tpu_scoreboard.sv(90) @ 1791150: uvm_test_top.env.sb [SCOREBOARD] --- Comparing Row 13 ---
UVM_INFO UVM/env/tpu_scoreboard.sv(90) @ 1791150: uvm_test_top.env.sb [SCOREBOARD] --- Comparing Row 14 ---
UVM_INFO UVM/env/tpu_scoreboard.sv(90) @ 1791150: uvm_test_top.env.sb [SCOREBOARD] --- Comparing Row 15 ---
UVM_INFO UVM/env/tpu_scoreboard.sv(102) @ 1791150: uvm_test_top.env.sb [SCOREBOARD] ==================================================
UVM_INFO UVM/env/tpu_scoreboard.sv(103) @ 1791150: uvm_test_top.env.sb [SCOREBOARD]  [PASS] ALL 256 OUTPUTS MATCH THE GOLDEN MODEL! 
UVM_INFO UVM/env/tpu_scoreboard.sv(104) @ 1791150: uvm_test_top.env.sb [SCOREBOARD] ==================================================
UVM_INFO UVM/env/tpu_scoreboard.sv(34) @ 1791150: uvm_test_top.env.sb [SCOREBOARD] Waiting data from 3 monitors
UVM_INFO UVM/env/sequences/weight_sequence.sv(12) @ 1792610: uvm_test_top.env.w_agent.sequencer@@w_seq [WT_SEQ] Preparing to send matrices
UVM_INFO UVM/env/agents/weight_agent/weight_driver.sv(26) @ 1792610: uvm_test_top.env.w_agent.driver [WT_DRV] Starting SRAM writing phase...
UVM_INFO UVM/env/agents/weight_agent/weight_driver.sv(43) @ 1797810: uvm_test_top.env.w_agent.driver [WT_DRV] Waiting for controller to finish ...
UVM_INFO UVM/env/agents/weight_agent/weight_driver.sv(58) @ 1808110: uvm_test_top.env.w_agent.driver [WT_DRV] Matrix successfully loaded into PEs!
UVM_INFO UVM/env/sequences/weight_sequence.sv(19) @ 1808110: uvm_test_top.env.w_agent.sequencer@@w_seq [WT_SEQ] All 3 matrices sent.
UVM_INFO UVM/env/agents/weight_agent/weight_monitor.sv(36) @ 1808130: uvm_test_top.env.w_agent.monitor [WT_MON] Broadcasting matrix
UVM_INFO UVM/env/sequences/act_sequence.sv(12) @ 1808210: uvm_test_top.env.a_agent.sqr@@a_seq [ACT_SEQ] Starting
UVM_INFO UVM/env/agents/act_agent/act_driver.sv(24) @ 1808210: uvm_test_top.env.a_agent.drv [ACT_DRV] Starting SRAM writing phase...
UVM_INFO UVM/env/agents/act_agent/act_monitor.sv(33) @ 1808590: uvm_test_top.env.a_agent.mon [ACT_MON] Broadcasting activation matrix to Scoreboard
UVM_INFO UVM/env/agents/out_agent/out_monitor.sv(31) @ 1808590: uvm_test_top.env.o_agent.mon [OUT_MON] Execution started
UVM_INFO UVM/env/agents/act_agent/act_driver.sv(40) @ 1808590: uvm_test_top.env.a_agent.drv [ACT_DRV] Activations loaded and start_exec pulsed!
UVM_INFO UVM/env/tpu_scoreboard.sv(40) @ 1808590: uvm_test_top.env.sb [SCOREBOARD] Data received
UVM_INFO UVM/env/sequences/act_sequence.sv(19) @ 1808590: uvm_test_top.env.a_agent.sqr@@a_seq [ACT_SEQ] All done
UVM_INFO UVM/env/agents/out_agent/out_monitor.sv(34) @ 1809010: uvm_test_top.env.o_agent.mon [OUT_MON] Timer finish
UVM_INFO UVM/env/tpu_scoreboard.sv(90) @ 1809630: uvm_test_top.env.sb [SCOREBOARD] --- Comparing Row 0 ---
UVM_INFO UVM/env/tpu_scoreboard.sv(90) @ 1809630: uvm_test_top.env.sb [SCOREBOARD] --- Comparing Row 1 ---
UVM_INFO UVM/env/tpu_scoreboard.sv(90) @ 1809630: uvm_test_top.env.sb [SCOREBOARD] --- Comparing Row 2 ---
UVM_INFO UVM/env/tpu_scoreboard.sv(90) @ 1809630: uvm_test_top.env.sb [SCOREBOARD] --- Comparing Row 3 ---
UVM_INFO UVM/env/tpu_scoreboard.sv(90) @ 1809630: uvm_test_top.env.sb [SCOREBOARD] --- Comparing Row 4 ---
UVM_INFO UVM/env/tpu_scoreboard.sv(90) @ 1809630: uvm_test_top.env.sb [SCOREBOARD] --- Comparing Row 5 ---
UVM_INFO UVM/env/tpu_scoreboard.sv(90) @ 1809630: uvm_test_top.env.sb [SCOREBOARD] --- Comparing Row 6 ---
UVM_INFO UVM/env/tpu_scoreboard.sv(90) @ 1809630: uvm_test_top.env.sb [SCOREBOARD] --- Comparing Row 7 ---
UVM_INFO UVM/env/tpu_scoreboard.sv(90) @ 1809630: uvm_test_top.env.sb [SCOREBOARD] --- Comparing Row 8 ---
UVM_INFO UVM/env/tpu_scoreboard.sv(90) @ 1809630: uvm_test_top.env.sb [SCOREBOARD] --- Comparing Row 9 ---
UVM_INFO UVM/env/tpu_scoreboard.sv(90) @ 1809630: uvm_test_top.env.sb [SCOREBOARD] --- Comparing Row 10 ---
UVM_INFO UVM/env/tpu_scoreboard.sv(90) @ 1809630: uvm_test_top.env.sb [SCOREBOARD] --- Comparing Row 11 ---
UVM_INFO UVM/env/tpu_scoreboard.sv(90) @ 1809630: uvm_test_top.env.sb [SCOREBOARD] --- Comparing Row 12 ---
UVM_INFO UVM/env/tpu_scoreboard.sv(90) @ 1809630: uvm_test_top.env.sb [SCOREBOARD] --- Comparing Row 13 ---
UVM_INFO UVM/env/tpu_scoreboard.sv(90) @ 1809630: uvm_test_top.env.sb [SCOREBOARD] --- Comparing Row 14 ---
UVM_INFO UVM/env/tpu_scoreboard.sv(90) @ 1809630: uvm_test_top.env.sb [SCOREBOARD] --- Comparing Row 15 ---
UVM_INFO UVM/env/tpu_scoreboard.sv(102) @ 1809630: uvm_test_top.env.sb [SCOREBOARD] ==================================================
UVM_INFO UVM/env/tpu_scoreboard.sv(103) @ 1809630: uvm_test_top.env.sb [SCOREBOARD]  [PASS] ALL 256 OUTPUTS MATCH THE GOLDEN MODEL! 
UVM_INFO UVM/env/tpu_scoreboard.sv(104) @ 1809630: uvm_test_top.env.sb [SCOREBOARD] ==================================================
UVM_INFO UVM/env/tpu_scoreboard.sv(34) @ 1809630: uvm_test_top.env.sb [SCOREBOARD] Waiting data from 3 monitors
UVM_INFO UVM/env/sequences/weight_sequence.sv(12) @ 1811090: uvm_test_top.env.w_agent.sequencer@@w_seq [WT_SEQ] Preparing to send matrices
UVM_INFO UVM/env/agents/weight_agent/weight_driver.sv(26) @ 1811090: uvm_test_top.env.w_agent.driver [WT_DRV] Starting SRAM writing phase...
UVM_INFO UVM/env/agents/weight_agent/weight_driver.sv(43) @ 1816290: uvm_test_top.env.w_agent.driver [WT_DRV] Waiting for controller to finish ...
UVM_INFO UVM/env/agents/weight_agent/weight_driver.sv(58) @ 1826590: uvm_test_top.env.w_agent.driver [WT_DRV] Matrix successfully loaded into PEs!
UVM_INFO UVM/env/sequences/weight_sequence.sv(19) @ 1826590: uvm_test_top.env.w_agent.sequencer@@w_seq [WT_SEQ] All 3 matrices sent.
UVM_INFO UVM/env/agents/weight_agent/weight_monitor.sv(36) @ 1826610: uvm_test_top.env.w_agent.monitor [WT_MON] Broadcasting matrix
UVM_INFO UVM/env/sequences/act_sequence.sv(12) @ 1826690: uvm_test_top.env.a_agent.sqr@@a_seq [ACT_SEQ] Starting
UVM_INFO UVM/env/agents/act_agent/act_driver.sv(24) @ 1826690: uvm_test_top.env.a_agent.drv [ACT_DRV] Starting SRAM writing phase...
UVM_INFO UVM/env/agents/act_agent/act_monitor.sv(33) @ 1827070: uvm_test_top.env.a_agent.mon [ACT_MON] Broadcasting activation matrix to Scoreboard
UVM_INFO UVM/env/agents/out_agent/out_monitor.sv(31) @ 1827070: uvm_test_top.env.o_agent.mon [OUT_MON] Execution started
UVM_INFO UVM/env/agents/act_agent/act_driver.sv(40) @ 1827070: uvm_test_top.env.a_agent.drv [ACT_DRV] Activations loaded and start_exec pulsed!
UVM_INFO UVM/env/tpu_scoreboard.sv(40) @ 1827070: uvm_test_top.env.sb [SCOREBOARD] Data received
UVM_INFO UVM/env/sequences/act_sequence.sv(19) @ 1827070: uvm_test_top.env.a_agent.sqr@@a_seq [ACT_SEQ] All done
UVM_INFO UVM/env/agents/out_agent/out_monitor.sv(34) @ 1827490: uvm_test_top.env.o_agent.mon [OUT_MON] Timer finish
UVM_INFO UVM/env/tpu_scoreboard.sv(90) @ 1828110: uvm_test_top.env.sb [SCOREBOARD] --- Comparing Row 0 ---
UVM_INFO UVM/env/tpu_scoreboard.sv(90) @ 1828110: uvm_test_top.env.sb [SCOREBOARD] --- Comparing Row 1 ---
UVM_INFO UVM/env/tpu_scoreboard.sv(90) @ 1828110: uvm_test_top.env.sb [SCOREBOARD] --- Comparing Row 2 ---
UVM_INFO UVM/env/tpu_scoreboard.sv(90) @ 1828110: uvm_test_top.env.sb [SCOREBOARD] --- Comparing Row 3 ---
UVM_INFO UVM/env/tpu_scoreboard.sv(90) @ 1828110: uvm_test_top.env.sb [SCOREBOARD] --- Comparing Row 4 ---
UVM_INFO UVM/env/tpu_scoreboard.sv(90) @ 1828110: uvm_test_top.env.sb [SCOREBOARD] --- Comparing Row 5 ---
UVM_INFO UVM/env/tpu_scoreboard.sv(90) @ 1828110: uvm_test_top.env.sb [SCOREBOARD] --- Comparing Row 6 ---
UVM_INFO UVM/env/tpu_scoreboard.sv(90) @ 1828110: uvm_test_top.env.sb [SCOREBOARD] --- Comparing Row 7 ---
UVM_INFO UVM/env/tpu_scoreboard.sv(90) @ 1828110: uvm_test_top.env.sb [SCOREBOARD] --- Comparing Row 8 ---
UVM_INFO UVM/env/tpu_scoreboard.sv(90) @ 1828110: uvm_test_top.env.sb [SCOREBOARD] --- Comparing Row 9 ---
UVM_INFO UVM/env/tpu_scoreboard.sv(90) @ 1828110: uvm_test_top.env.sb [SCOREBOARD] --- Comparing Row 10 ---
UVM_INFO UVM/env/tpu_scoreboard.sv(90) @ 1828110: uvm_test_top.env.sb [SCOREBOARD] --- Comparing Row 11 ---
UVM_INFO UVM/env/tpu_scoreboard.sv(90) @ 1828110: uvm_test_top.env.sb [SCOREBOARD] --- Comparing Row 12 ---
UVM_INFO UVM/env/tpu_scoreboard.sv(90) @ 1828110: uvm_test_top.env.sb [SCOREBOARD] --- Comparing Row 13 ---
UVM_INFO UVM/env/tpu_scoreboard.sv(90) @ 1828110: uvm_test_top.env.sb [SCOREBOARD] --- Comparing Row 14 ---
UVM_INFO UVM/env/tpu_scoreboard.sv(90) @ 1828110: uvm_test_top.env.sb [SCOREBOARD] --- Comparing Row 15 ---
UVM_INFO UVM/env/tpu_scoreboard.sv(102) @ 1828110: uvm_test_top.env.sb [SCOREBOARD] ==================================================
UVM_INFO UVM/env/tpu_scoreboard.sv(103) @ 1828110: uvm_test_top.env.sb [SCOREBOARD]  [PASS] ALL 256 OUTPUTS MATCH THE GOLDEN MODEL! 
UVM_INFO UVM/env/tpu_scoreboard.sv(104) @ 1828110: uvm_test_top.env.sb [SCOREBOARD] ==================================================
UVM_INFO UVM/env/tpu_scoreboard.sv(34) @ 1828110: uvm_test_top.env.sb [SCOREBOARD] Waiting data from 3 monitors
UVM_INFO UVM/env/sequences/weight_sequence.sv(12) @ 1829570: uvm_test_top.env.w_agent.sequencer@@w_seq [WT_SEQ] Preparing to send matrices
UVM_INFO UVM/env/agents/weight_agent/weight_driver.sv(26) @ 1829570: uvm_test_top.env.w_agent.driver [WT_DRV] Starting SRAM writing phase...
UVM_INFO UVM/env/agents/weight_agent/weight_driver.sv(43) @ 1834770: uvm_test_top.env.w_agent.driver [WT_DRV] Waiting for controller to finish ...
UVM_INFO UVM/env/agents/weight_agent/weight_driver.sv(58) @ 1845070: uvm_test_top.env.w_agent.driver [WT_DRV] Matrix successfully loaded into PEs!
UVM_INFO UVM/env/sequences/weight_sequence.sv(19) @ 1845070: uvm_test_top.env.w_agent.sequencer@@w_seq [WT_SEQ] All 3 matrices sent.
UVM_INFO UVM/env/agents/weight_agent/weight_monitor.sv(36) @ 1845090: uvm_test_top.env.w_agent.monitor [WT_MON] Broadcasting matrix
UVM_INFO UVM/env/sequences/act_sequence.sv(12) @ 1845170: uvm_test_top.env.a_agent.sqr@@a_seq [ACT_SEQ] Starting
UVM_INFO UVM/env/agents/act_agent/act_driver.sv(24) @ 1845170: uvm_test_top.env.a_agent.drv [ACT_DRV] Starting SRAM writing phase...
UVM_INFO UVM/env/agents/act_agent/act_monitor.sv(33) @ 1845550: uvm_test_top.env.a_agent.mon [ACT_MON] Broadcasting activation matrix to Scoreboard
UVM_INFO UVM/env/agents/out_agent/out_monitor.sv(31) @ 1845550: uvm_test_top.env.o_agent.mon [OUT_MON] Execution started
UVM_INFO UVM/env/agents/act_agent/act_driver.sv(40) @ 1845550: uvm_test_top.env.a_agent.drv [ACT_DRV] Activations loaded and start_exec pulsed!
UVM_INFO UVM/env/tpu_scoreboard.sv(40) @ 1845550: uvm_test_top.env.sb [SCOREBOARD] Data received
UVM_INFO UVM/env/sequences/act_sequence.sv(19) @ 1845550: uvm_test_top.env.a_agent.sqr@@a_seq [ACT_SEQ] All done
UVM_INFO UVM/env/agents/out_agent/out_monitor.sv(34) @ 1845970: uvm_test_top.env.o_agent.mon [OUT_MON] Timer finish
UVM_INFO UVM/env/tpu_scoreboard.sv(90) @ 1846590: uvm_test_top.env.sb [SCOREBOARD] --- Comparing Row 0 ---
UVM_INFO UVM/env/tpu_scoreboard.sv(90) @ 1846590: uvm_test_top.env.sb [SCOREBOARD] --- Comparing Row 1 ---
UVM_INFO UVM/env/tpu_scoreboard.sv(90) @ 1846590: uvm_test_top.env.sb [SCOREBOARD] --- Comparing Row 2 ---
UVM_INFO UVM/env/tpu_scoreboard.sv(90) @ 1846590: uvm_test_top.env.sb [SCOREBOARD] --- Comparing Row 3 ---
UVM_INFO UVM/env/tpu_scoreboard.sv(90) @ 1846590: uvm_test_top.env.sb [SCOREBOARD] --- Comparing Row 4 ---
UVM_INFO UVM/env/tpu_scoreboard.sv(90) @ 1846590: uvm_test_top.env.sb [SCOREBOARD] --- Comparing Row 5 ---
UVM_INFO UVM/env/tpu_scoreboard.sv(90) @ 1846590: uvm_test_top.env.sb [SCOREBOARD] --- Comparing Row 6 ---
UVM_INFO UVM/env/tpu_scoreboard.sv(90) @ 1846590: uvm_test_top.env.sb [SCOREBOARD] --- Comparing Row 7 ---
UVM_INFO UVM/env/tpu_scoreboard.sv(90) @ 1846590: uvm_test_top.env.sb [SCOREBOARD] --- Comparing Row 8 ---
UVM_INFO UVM/env/tpu_scoreboard.sv(90) @ 1846590: uvm_test_top.env.sb [SCOREBOARD] --- Comparing Row 9 ---
UVM_INFO UVM/env/tpu_scoreboard.sv(90) @ 1846590: uvm_test_top.env.sb [SCOREBOARD] --- Comparing Row 10 ---
UVM_INFO UVM/env/tpu_scoreboard.sv(90) @ 1846590: uvm_test_top.env.sb [SCOREBOARD] --- Comparing Row 11 ---
UVM_INFO UVM/env/tpu_scoreboard.sv(90) @ 1846590: uvm_test_top.env.sb [SCOREBOARD] --- Comparing Row 12 ---
UVM_INFO UVM/env/tpu_scoreboard.sv(90) @ 1846590: uvm_test_top.env.sb [SCOREBOARD] --- Comparing Row 13 ---
UVM_INFO UVM/env/tpu_scoreboard.sv(90) @ 1846590: uvm_test_top.env.sb [SCOREBOARD] --- Comparing Row 14 ---
UVM_INFO UVM/env/tpu_scoreboard.sv(90) @ 1846590: uvm_test_top.env.sb [SCOREBOARD] --- Comparing Row 15 ---
UVM_INFO UVM/env/tpu_scoreboard.sv(102) @ 1846590: uvm_test_top.env.sb [SCOREBOARD] ==================================================
UVM_INFO UVM/env/tpu_scoreboard.sv(103) @ 1846590: uvm_test_top.env.sb [SCOREBOARD]  [PASS] ALL 256 OUTPUTS MATCH THE GOLDEN MODEL! 
UVM_INFO UVM/env/tpu_scoreboard.sv(104) @ 1846590: uvm_test_top.env.sb [SCOREBOARD] ==================================================
UVM_INFO UVM/env/tpu_scoreboard.sv(34) @ 1846590: uvm_test_top.env.sb [SCOREBOARD] Waiting data from 3 monitors
UVM_INFO UVM/tests/tpu_test.sv(33) @ 1848050: uvm_test_top [TEST] Sequence finished! Dropping objection.
UVM_INFO /opt/cadence/xcelium/install/tools/methodology/UVM/CDNS-1.1d/sv/src/base/uvm_objection.svh(1268) @ 1848050: reporter [TEST_DONE] 'run' phase is ready to proceed to the 'extract' phase

--- UVM Report catcher Summary ---


Number of demoted UVM_FATAL reports  :    0
Number of demoted UVM_ERROR reports  :    0
Number of demoted UVM_WARNING reports:    0
Number of caught UVM_FATAL reports   :    0
Number of caught UVM_ERROR reports   :    0
Number of caught UVM_WARNING reports :    0

--- UVM Report Summary ---

** Report counts by severity
UVM_INFO : 3406
UVM_WARNING :    0
UVM_ERROR :    0
UVM_FATAL :    0
** Report counts by id
[ACT_DRV]   200
[ACT_MON]   100
[ACT_SEQ]   200
[OUT_MON]   200
[RNTST]     1
[SCOREBOARD]  2101
[TEST]     2
[TEST_DONE]     1
[TPU_ENV]     1
[WT_DRV]   300
[WT_MON]   100
[WT_SEQ]   200
Simulation complete via $finish(1) at time 1848050 NS + 45
/opt/cadence/xcelium/install/tools/methodology/UVM/CDNS-1.1d/sv/src/base/uvm_root.svh:457     $finish;
xcelium> exit
TOOL:	xrun(64)	25.09-s001: Exiting on Apr 26, 2026 at 23:25:41 EDT  (total: 00:00:06)
