 
****************************************
Report : cell
Design : tpu_top
Version: T-2022.03-SP4
Date   : Sat Apr 25 01:39:09 2026
****************************************

Attributes:
    b - black box (unknown)
    h - hierarchical
   mo - map_only
    n - noncombinational
    p - parameterized
    r - removable
    u - contains unmapped logic

Cell                      Reference       Library             Area  Attributes
--------------------------------------------------------------------------------
U4405                     OAI2BB1X1       fast_vdd1v0       1.7100  
U4406                     AND2X1          fast_vdd1v0       1.3680  
U4407                     AND2X1          fast_vdd1v0       1.3680  
U4408                     AND2X1          fast_vdd1v0       1.3680  
U4409                     OAI2BB1X1       fast_vdd1v0       1.7100  
U4410                     AOI22X1         fast_vdd1v0       2.0520  
U4411                     OR3X1           fast_vdd1v0       2.0520  
U4412                     NAND2X1         fast_vdd1v0       1.0260  
U4413                     AO22X1          fast_vdd1v0       2.7360  
U4414                     AO22X1          fast_vdd1v0       2.7360  
U4415                     AO22X1          fast_vdd1v0       2.7360  
U4416                     AO22X1          fast_vdd1v0       2.7360  
U4417                     AO22X1          fast_vdd1v0       2.7360  
U4418                     AO22X1          fast_vdd1v0       2.7360  
U4419                     AO22X1          fast_vdd1v0       2.7360  
U4420                     AO22X1          fast_vdd1v0       2.7360  
U4421                     AO22X1          fast_vdd1v0       2.7360  
U4422                     OA22X1          fast_vdd1v0       2.3940  
U4423                     NOR2BX1         fast_vdd1v0       1.3680  
U4424                     AO22X1          fast_vdd1v0       2.7360  
U4425                     AO22X1          fast_vdd1v0       2.7360  
U4426                     AO22X1          fast_vdd1v0       2.7360  
U4427                     AO22X1          fast_vdd1v0       2.7360  
U4428                     AO22X1          fast_vdd1v0       2.7360  
U4429                     AO22X1          fast_vdd1v0       2.7360  
U4430                     AO22X1          fast_vdd1v0       2.7360  
U4431                     NOR3BX1         fast_vdd1v0       2.0520  
U4505                     NAND2X1         fast_vdd1v0       1.0260  
U4507                     AND2X1          fast_vdd1v0       1.3680  
U4508                     AND2X1          fast_vdd1v0       1.3680  
U4509                     AND2X1          fast_vdd1v0       1.3680  
U4510                     AND2X1          fast_vdd1v0       1.3680  
U4511                     AND2X1          fast_vdd1v0       1.3680  
U4512                     AND2X1          fast_vdd1v0       1.3680  
U4513                     AND2X1          fast_vdd1v0       1.3680  
U4514                     AND2X1          fast_vdd1v0       1.3680  
U4515                     AND2X1          fast_vdd1v0       1.3680  
U4516                     AND2X1          fast_vdd1v0       1.3680  
U4517                     AND2X1          fast_vdd1v0       1.3680  
U4518                     AND2X1          fast_vdd1v0       1.3680  
U4519                     AND2X1          fast_vdd1v0       1.3680  
U4520                     AND2X1          fast_vdd1v0       1.3680  
U4521                     AND2X1          fast_vdd1v0       1.3680  
U4522                     AND2X1          fast_vdd1v0       1.3680  
U4523                     AND2X1          fast_vdd1v0       1.3680  
U4524                     AND2X1          fast_vdd1v0       1.3680  
U4525                     AND2X1          fast_vdd1v0       1.3680  
U4526                     AND2X1          fast_vdd1v0       1.3680  
U4527                     AND2X1          fast_vdd1v0       1.3680  
U4528                     AND2X1          fast_vdd1v0       1.3680  
U4529                     AND2X1          fast_vdd1v0       1.3680  
U4530                     AND2X1          fast_vdd1v0       1.3680  
U4531                     AND2X1          fast_vdd1v0       1.3680  
U4532                     AND2X1          fast_vdd1v0       1.3680  
U4533                     AND2X1          fast_vdd1v0       1.3680  
U4534                     AND2X1          fast_vdd1v0       1.3680  
U4535                     AND2X1          fast_vdd1v0       1.3680  
U4536                     AND2X1          fast_vdd1v0       1.3680  
U4537                     AND2X1          fast_vdd1v0       1.3680  
U4538                     AND2X1          fast_vdd1v0       1.3680  
U4539                     AND2X1          fast_vdd1v0       1.3680  
U4540                     AND2X1          fast_vdd1v0       1.3680  
U4541                     AND2X1          fast_vdd1v0       1.3680  
U4542                     AND2X1          fast_vdd1v0       1.3680  
U4543                     AND2X1          fast_vdd1v0       1.3680  
U4544                     AND2X1          fast_vdd1v0       1.3680  
U4545                     AND2X1          fast_vdd1v0       1.3680  
U4546                     AND2X1          fast_vdd1v0       1.3680  
U4547                     AND2X1          fast_vdd1v0       1.3680  
U4548                     AND2X1          fast_vdd1v0       1.3680  
U4549                     AND2X1          fast_vdd1v0       1.3680  
U4550                     AND2X1          fast_vdd1v0       1.3680  
U4551                     AND2X1          fast_vdd1v0       1.3680  
U4552                     AND2X1          fast_vdd1v0       1.3680  
U4553                     AND2X1          fast_vdd1v0       1.3680  
U4554                     AND2X1          fast_vdd1v0       1.3680  
U4555                     AND2X1          fast_vdd1v0       1.3680  
U4556                     AND2X1          fast_vdd1v0       1.3680  
U4557                     AND2X1          fast_vdd1v0       1.3680  
U4558                     AND2X1          fast_vdd1v0       1.3680  
U4559                     AND2X1          fast_vdd1v0       1.3680  
U4560                     AND2X1          fast_vdd1v0       1.3680  
U4561                     AND2X1          fast_vdd1v0       1.3680  
U4562                     AND2X1          fast_vdd1v0       1.3680  
U4563                     AND2X1          fast_vdd1v0       1.3680  
U4564                     AND2X1          fast_vdd1v0       1.3680  
U4565                     AND2X1          fast_vdd1v0       1.3680  
U4566                     AND2X1          fast_vdd1v0       1.3680  
U4567                     AND2X1          fast_vdd1v0       1.3680  
U4568                     AND2X1          fast_vdd1v0       1.3680  
U4569                     AND2X1          fast_vdd1v0       1.3680  
U4570                     AND2X1          fast_vdd1v0       1.3680  
U4571                     AND2X1          fast_vdd1v0       1.3680  
U4572                     AND2X1          fast_vdd1v0       1.3680  
U4573                     AND2X1          fast_vdd1v0       1.3680  
U4574                     AND2X1          fast_vdd1v0       1.3680  
U4575                     AND2X1          fast_vdd1v0       1.3680  
U4576                     AND2X1          fast_vdd1v0       1.3680  
U4577                     AND2X1          fast_vdd1v0       1.3680  
U4578                     AND2X1          fast_vdd1v0       1.3680  
U4579                     AND2X1          fast_vdd1v0       1.3680  
U4580                     AND2X1          fast_vdd1v0       1.3680  
U4581                     AND2X1          fast_vdd1v0       1.3680  
U4582                     AND2X1          fast_vdd1v0       1.3680  
U4583                     AND2X1          fast_vdd1v0       1.3680  
U4584                     AND2X1          fast_vdd1v0       1.3680  
U4585                     AND2X1          fast_vdd1v0       1.3680  
U4586                     AND2X1          fast_vdd1v0       1.3680  
U4587                     AND2X1          fast_vdd1v0       1.3680  
U4588                     AND2X1          fast_vdd1v0       1.3680  
U4589                     AND2X1          fast_vdd1v0       1.3680  
U4590                     AND2X1          fast_vdd1v0       1.3680  
U4591                     AND2X1          fast_vdd1v0       1.3680  
U4592                     AND2X1          fast_vdd1v0       1.3680  
U4593                     AND2X1          fast_vdd1v0       1.3680  
U4594                     AND2X1          fast_vdd1v0       1.3680  
U4595                     AND2X1          fast_vdd1v0       1.3680  
U4596                     AND2X1          fast_vdd1v0       1.3680  
U4597                     AND2X1          fast_vdd1v0       1.3680  
U4598                     AND2X1          fast_vdd1v0       1.3680  
U4599                     AND2X1          fast_vdd1v0       1.3680  
U4600                     AND2X1          fast_vdd1v0       1.3680  
U4601                     AND2X1          fast_vdd1v0       1.3680  
U4602                     AND2X1          fast_vdd1v0       1.3680  
U4603                     AND2X1          fast_vdd1v0       1.3680  
U4604                     AND2X1          fast_vdd1v0       1.3680  
U4605                     AND2X1          fast_vdd1v0       1.3680  
U4606                     AND2X1          fast_vdd1v0       1.3680  
U4607                     AND2X1          fast_vdd1v0       1.3680  
U4608                     AND2X1          fast_vdd1v0       1.3680  
U4609                     AND2X1          fast_vdd1v0       1.3680  
U4610                     AND2X1          fast_vdd1v0       1.3680  
U4611                     AND2X1          fast_vdd1v0       1.3680  
U4612                     AND2X1          fast_vdd1v0       1.3680  
U4613                     AND2X1          fast_vdd1v0       1.3680  
U4614                     AND2X1          fast_vdd1v0       1.3680  
U4615                     AND2X1          fast_vdd1v0       1.3680  
U4616                     AND2X1          fast_vdd1v0       1.3680  
U4617                     AND2X1          fast_vdd1v0       1.3680  
U4618                     AND2X1          fast_vdd1v0       1.3680  
U4619                     AND2X1          fast_vdd1v0       1.3680  
U4620                     AND2X1          fast_vdd1v0       1.3680  
U4621                     AND2X1          fast_vdd1v0       1.3680  
U4622                     AND2X1          fast_vdd1v0       1.3680  
U4623                     AND2X1          fast_vdd1v0       1.3680  
U4624                     AND2X1          fast_vdd1v0       1.3680  
U4625                     AND2X1          fast_vdd1v0       1.3680  
U4626                     AND2X1          fast_vdd1v0       1.3680  
U4627                     AND2X1          fast_vdd1v0       1.3680  
U4628                     AND2X1          fast_vdd1v0       1.3680  
U4629                     AND2X1          fast_vdd1v0       1.3680  
U4630                     AND2X1          fast_vdd1v0       1.3680  
U4631                     AND2X1          fast_vdd1v0       1.3680  
U4632                     AND2X1          fast_vdd1v0       1.3680  
U4633                     AND2X1          fast_vdd1v0       1.3680  
U4634                     AND2X1          fast_vdd1v0       1.3680  
U4635                     AND2X1          fast_vdd1v0       1.3680  
U4636                     AND2X1          fast_vdd1v0       1.3680  
U4637                     AND2X1          fast_vdd1v0       1.3680  
U4638                     AND2X1          fast_vdd1v0       1.3680  
U4639                     AND2X1          fast_vdd1v0       1.3680  
U4640                     AND2X1          fast_vdd1v0       1.3680  
U4641                     AND2X1          fast_vdd1v0       1.3680  
U4642                     AND2X1          fast_vdd1v0       1.3680  
U4643                     AND2X1          fast_vdd1v0       1.3680  
U4644                     AND2X1          fast_vdd1v0       1.3680  
U4645                     AND2X1          fast_vdd1v0       1.3680  
U4646                     AND2X1          fast_vdd1v0       1.3680  
U4647                     AND2X1          fast_vdd1v0       1.3680  
U4648                     AND2X1          fast_vdd1v0       1.3680  
U4649                     AND2X1          fast_vdd1v0       1.3680  
U4650                     AND2X1          fast_vdd1v0       1.3680  
U4651                     AND2X1          fast_vdd1v0       1.3680  
U4652                     AND2X1          fast_vdd1v0       1.3680  
U4653                     AND2X1          fast_vdd1v0       1.3680  
U4654                     AND2X1          fast_vdd1v0       1.3680  
U4655                     AND2X1          fast_vdd1v0       1.3680  
U4656                     AND2X1          fast_vdd1v0       1.3680  
U4657                     AND2X1          fast_vdd1v0       1.3680  
U4658                     AND2X1          fast_vdd1v0       1.3680  
U4659                     AND2X1          fast_vdd1v0       1.3680  
U4660                     AND2X1          fast_vdd1v0       1.3680  
U4661                     AND2X1          fast_vdd1v0       1.3680  
U4662                     AND2X1          fast_vdd1v0       1.3680  
U4663                     AND2X1          fast_vdd1v0       1.3680  
U4664                     AND2X1          fast_vdd1v0       1.3680  
U4665                     AND2X1          fast_vdd1v0       1.3680  
U4666                     AND2X1          fast_vdd1v0       1.3680  
U4668                     AND2X1          fast_vdd1v0       1.3680  
U4669                     AND2X1          fast_vdd1v0       1.3680  
U4670                     AND2X1          fast_vdd1v0       1.3680  
U4671                     AND2X1          fast_vdd1v0       1.3680  
U4672                     AND2X1          fast_vdd1v0       1.3680  
U4673                     AND2X1          fast_vdd1v0       1.3680  
U4674                     AND2X1          fast_vdd1v0       1.3680  
U4675                     AND2X1          fast_vdd1v0       1.3680  
U4676                     AND2X1          fast_vdd1v0       1.3680  
U4677                     AND2X1          fast_vdd1v0       1.3680  
U4678                     AND2X1          fast_vdd1v0       1.3680  
U4679                     AND2X1          fast_vdd1v0       1.3680  
U4680                     AND2X1          fast_vdd1v0       1.3680  
U4681                     AND2X1          fast_vdd1v0       1.3680  
U4682                     AND2X1          fast_vdd1v0       1.3680  
U4683                     AND2X1          fast_vdd1v0       1.3680  
U4684                     AND2X1          fast_vdd1v0       1.3680  
U4685                     AND2X1          fast_vdd1v0       1.3680  
U4686                     AND2X1          fast_vdd1v0       1.3680  
U4687                     AND2X1          fast_vdd1v0       1.3680  
U4688                     AND2X1          fast_vdd1v0       1.3680  
U4689                     AND2X1          fast_vdd1v0       1.3680  
U4690                     AND2X1          fast_vdd1v0       1.3680  
U4691                     AND2X1          fast_vdd1v0       1.3680  
U4692                     AND2X1          fast_vdd1v0       1.3680  
U4693                     AND2X1          fast_vdd1v0       1.3680  
U4694                     AND2X1          fast_vdd1v0       1.3680  
U4695                     AND2X1          fast_vdd1v0       1.3680  
U4696                     AND2X1          fast_vdd1v0       1.3680  
U4697                     AND2X1          fast_vdd1v0       1.3680  
U4698                     AND2X1          fast_vdd1v0       1.3680  
U4699                     AND2X1          fast_vdd1v0       1.3680  
U4700                     AND2X1          fast_vdd1v0       1.3680  
U4701                     AND2X1          fast_vdd1v0       1.3680  
U4702                     AND2X1          fast_vdd1v0       1.3680  
U4703                     AND2X1          fast_vdd1v0       1.3680  
U4704                     AND2X1          fast_vdd1v0       1.3680  
U4705                     AND2X1          fast_vdd1v0       1.3680  
U4706                     AND2X1          fast_vdd1v0       1.3680  
U4707                     AND2X1          fast_vdd1v0       1.3680  
U4708                     AND2X1          fast_vdd1v0       1.3680  
U4709                     AND2X1          fast_vdd1v0       1.3680  
U4710                     AND2X1          fast_vdd1v0       1.3680  
U4711                     AND2X1          fast_vdd1v0       1.3680  
U4712                     AND2X1          fast_vdd1v0       1.3680  
U4713                     AND2X1          fast_vdd1v0       1.3680  
U4714                     AND2X1          fast_vdd1v0       1.3680  
U4715                     AND2X1          fast_vdd1v0       1.3680  
U4716                     AND2X1          fast_vdd1v0       1.3680  
U4717                     AND2X1          fast_vdd1v0       1.3680  
U4718                     AND2X1          fast_vdd1v0       1.3680  
U4719                     AND2X1          fast_vdd1v0       1.3680  
U4720                     AND2X1          fast_vdd1v0       1.3680  
U4721                     AND2X1          fast_vdd1v0       1.3680  
U4722                     AND2X1          fast_vdd1v0       1.3680  
U4723                     AND2X1          fast_vdd1v0       1.3680  
U4724                     AND2X1          fast_vdd1v0       1.3680  
U4725                     AND2X1          fast_vdd1v0       1.3680  
U4726                     AND2X1          fast_vdd1v0       1.3680  
U4727                     AND2X1          fast_vdd1v0       1.3680  
U4728                     AND2X1          fast_vdd1v0       1.3680  
U4729                     AND2X1          fast_vdd1v0       1.3680  
U4730                     AND2X1          fast_vdd1v0       1.3680  
U4731                     AND2X1          fast_vdd1v0       1.3680  
U4732                     AND2X1          fast_vdd1v0       1.3680  
U4733                     AND2X1          fast_vdd1v0       1.3680  
U4734                     AND2X1          fast_vdd1v0       1.3680  
U4735                     AND2X1          fast_vdd1v0       1.3680  
U4736                     AND2X1          fast_vdd1v0       1.3680  
U4737                     AND2X1          fast_vdd1v0       1.3680  
U4738                     AND2X1          fast_vdd1v0       1.3680  
U4739                     AND2X1          fast_vdd1v0       1.3680  
U4740                     AND2X1          fast_vdd1v0       1.3680  
U4741                     AND2X1          fast_vdd1v0       1.3680  
U4742                     AND2X1          fast_vdd1v0       1.3680  
U4743                     AND2X1          fast_vdd1v0       1.3680  
U4744                     AND2X1          fast_vdd1v0       1.3680  
U4745                     AND2X1          fast_vdd1v0       1.3680  
U4746                     AND2X1          fast_vdd1v0       1.3680  
U4747                     AND2X1          fast_vdd1v0       1.3680  
U4748                     AND2X1          fast_vdd1v0       1.3680  
U4749                     AND2X1          fast_vdd1v0       1.3680  
U4750                     AND2X1          fast_vdd1v0       1.3680  
U4751                     AND2X1          fast_vdd1v0       1.3680  
U4752                     AND2X1          fast_vdd1v0       1.3680  
U4753                     AND2X1          fast_vdd1v0       1.3680  
U4754                     AND2X1          fast_vdd1v0       1.3680  
U4755                     AND2X1          fast_vdd1v0       1.3680  
U4756                     AND2X1          fast_vdd1v0       1.3680  
U4757                     AND2X1          fast_vdd1v0       1.3680  
U4758                     AND2X1          fast_vdd1v0       1.3680  
U4759                     AND2X1          fast_vdd1v0       1.3680  
U4760                     AND2X1          fast_vdd1v0       1.3680  
U4761                     AND2X1          fast_vdd1v0       1.3680  
U4762                     AND2X1          fast_vdd1v0       1.3680  
U4763                     AND2X1          fast_vdd1v0       1.3680  
U4877                     AND2X1          fast_vdd1v0       1.3680  
U4922                     AND2X1          fast_vdd1v0       1.3680  
U4925                     AND2X1          fast_vdd1v0       1.3680  
U4926                     NOR2BX1         fast_vdd1v0       1.3680  
U4956                     AND2X1          fast_vdd1v0       1.3680  
U4970                     AND2X1          fast_vdd1v0       1.3680  
U4977                     AND2X1          fast_vdd1v0       1.3680  
U4983                     AND2X1          fast_vdd1v0       1.3680  
U4984                     AND2X1          fast_vdd1v0       1.3680  
U4986                     AND2X1          fast_vdd1v0       1.3680  
U4987                     AND2X1          fast_vdd1v0       1.3680  
U4988                     AND2X1          fast_vdd1v0       1.3680  
U4989                     AND2X1          fast_vdd1v0       1.3680  
U4990                     AND2X1          fast_vdd1v0       1.3680  
U4991                     AND2X1          fast_vdd1v0       1.3680  
U4992                     AND2X1          fast_vdd1v0       1.3680  
U4993                     AND2X1          fast_vdd1v0       1.3680  
U4994                     AND2X1          fast_vdd1v0       1.3680  
U4995                     AND2X1          fast_vdd1v0       1.3680  
U4996                     AND2X1          fast_vdd1v0       1.3680  
U4997                     AND2X1          fast_vdd1v0       1.3680  
U4998                     AND2X1          fast_vdd1v0       1.3680  
U4999                     AND2X1          fast_vdd1v0       1.3680  
U5000                     AND2X1          fast_vdd1v0       1.3680  
U5001                     AND2X1          fast_vdd1v0       1.3680  
U5002                     AND2X1          fast_vdd1v0       1.3680  
U5003                     AND2X1          fast_vdd1v0       1.3680  
U5004                     AND2X1          fast_vdd1v0       1.3680  
U5005                     AND2X1          fast_vdd1v0       1.3680  
U5006                     AND2X1          fast_vdd1v0       1.3680  
U5007                     AND2X1          fast_vdd1v0       1.3680  
U5008                     AND2X1          fast_vdd1v0       1.3680  
U5009                     AND2X1          fast_vdd1v0       1.3680  
U5010                     AND2X1          fast_vdd1v0       1.3680  
U5011                     AND2X1          fast_vdd1v0       1.3680  
U5012                     AND2X1          fast_vdd1v0       1.3680  
U5013                     AND2X1          fast_vdd1v0       1.3680  
U5014                     AND2X1          fast_vdd1v0       1.3680  
U5015                     AND2X1          fast_vdd1v0       1.3680  
U5016                     AND2X1          fast_vdd1v0       1.3680  
U5017                     AND2X1          fast_vdd1v0       1.3680  
U5018                     AND2X1          fast_vdd1v0       1.3680  
U5019                     AND2X1          fast_vdd1v0       1.3680  
U5020                     AND2X1          fast_vdd1v0       1.3680  
U5021                     INVX1           fast_vdd1v0       0.6840  
U5022                     BUFX2           fast_vdd1v0       1.7100  
U5023                     BUFX2           fast_vdd1v0       1.7100  
U5024                     BUFX2           fast_vdd1v0       1.7100  
U5025                     BUFX2           fast_vdd1v0       1.7100  
U5026                     BUFX2           fast_vdd1v0       1.7100  
U5027                     BUFX2           fast_vdd1v0       1.7100  
U5028                     BUFX2           fast_vdd1v0       1.7100  
U5029                     BUFX2           fast_vdd1v0       1.7100  
U5030                     INVX1           fast_vdd1v0       0.6840  
U5031                     INVX1           fast_vdd1v0       0.6840  
U5032                     INVX1           fast_vdd1v0       0.6840  
U5033                     INVX1           fast_vdd1v0       0.6840  
U5034                     INVX1           fast_vdd1v0       0.6840  
U5035                     INVX1           fast_vdd1v0       0.6840  
U5036                     INVX1           fast_vdd1v0       0.6840  
U5037                     INVX1           fast_vdd1v0       0.6840  
U5038                     INVX1           fast_vdd1v0       0.6840  
U5039                     INVX1           fast_vdd1v0       0.6840  
U5040                     INVX1           fast_vdd1v0       0.6840  
U5041                     INVX1           fast_vdd1v0       0.6840  
U5042                     INVX1           fast_vdd1v0       0.6840  
U5043                     INVX1           fast_vdd1v0       0.6840  
U5044                     INVX1           fast_vdd1v0       0.6840  
U5045                     INVX1           fast_vdd1v0       0.6840  
U5046                     INVX1           fast_vdd1v0       0.6840  
U5047                     INVX1           fast_vdd1v0       0.6840  
U5048                     INVX1           fast_vdd1v0       0.6840  
U5049                     INVX1           fast_vdd1v0       0.6840  
U5050                     INVX1           fast_vdd1v0       0.6840  
U5051                     INVX1           fast_vdd1v0       0.6840  
U5052                     INVX1           fast_vdd1v0       0.6840  
U5053                     INVX1           fast_vdd1v0       0.6840  
U5054                     INVX1           fast_vdd1v0       0.6840  
U5055                     INVX1           fast_vdd1v0       0.6840  
U5056                     INVX1           fast_vdd1v0       0.6840  
U5057                     INVX1           fast_vdd1v0       0.6840  
U5058                     INVX1           fast_vdd1v0       0.6840  
U5059                     INVX1           fast_vdd1v0       0.6840  
U5060                     INVX1           fast_vdd1v0       0.6840  
U5061                     INVX1           fast_vdd1v0       0.6840  
U5062                     INVX1           fast_vdd1v0       0.6840  
U5063                     INVX1           fast_vdd1v0       0.6840  
U5064                     INVX1           fast_vdd1v0       0.6840  
U5065                     INVX1           fast_vdd1v0       0.6840  
U5066                     INVX1           fast_vdd1v0       0.6840  
U5067                     INVX1           fast_vdd1v0       0.6840  
U5068                     INVX1           fast_vdd1v0       0.6840  
U5069                     INVX1           fast_vdd1v0       0.6840  
U5070                     INVX1           fast_vdd1v0       0.6840  
U5071                     INVX1           fast_vdd1v0       0.6840  
U5072                     INVX1           fast_vdd1v0       0.6840  
U5073                     INVX1           fast_vdd1v0       0.6840  
U5074                     INVX1           fast_vdd1v0       0.6840  
U5075                     INVX1           fast_vdd1v0       0.6840  
U5076                     INVX1           fast_vdd1v0       0.6840  
U5077                     INVX1           fast_vdd1v0       0.6840  
U5078                     INVX1           fast_vdd1v0       0.6840  
U5079                     INVX1           fast_vdd1v0       0.6840  
U5080                     INVX1           fast_vdd1v0       0.6840  
U5081                     INVX1           fast_vdd1v0       0.6840  
U5082                     INVX1           fast_vdd1v0       0.6840  
U5083                     INVX1           fast_vdd1v0       0.6840  
U5084                     INVX1           fast_vdd1v0       0.6840  
U5085                     INVX1           fast_vdd1v0       0.6840  
U5086                     INVX1           fast_vdd1v0       0.6840  
U5087                     INVX1           fast_vdd1v0       0.6840  
U5088                     INVX1           fast_vdd1v0       0.6840  
U5089                     INVX1           fast_vdd1v0       0.6840  
U5090                     INVX1           fast_vdd1v0       0.6840  
U5091                     INVX1           fast_vdd1v0       0.6840  
U5092                     INVX1           fast_vdd1v0       0.6840  
U5093                     INVX1           fast_vdd1v0       0.6840  
U5094                     INVX1           fast_vdd1v0       0.6840  
U5095                     INVX1           fast_vdd1v0       0.6840  
U5096                     INVX1           fast_vdd1v0       0.6840  
U5097                     INVX1           fast_vdd1v0       0.6840  
U5098                     INVX1           fast_vdd1v0       0.6840  
U5099                     INVX1           fast_vdd1v0       0.6840  
U5100                     INVX1           fast_vdd1v0       0.6840  
U5101                     INVX1           fast_vdd1v0       0.6840  
U5102                     INVX1           fast_vdd1v0       0.6840  
U5103                     INVX1           fast_vdd1v0       0.6840  
U5104                     INVX1           fast_vdd1v0       0.6840  
U5105                     INVX1           fast_vdd1v0       0.6840  
U5106                     INVX1           fast_vdd1v0       0.6840  
U5107                     INVX1           fast_vdd1v0       0.6840  
U5108                     INVX1           fast_vdd1v0       0.6840  
U5109                     INVX1           fast_vdd1v0       0.6840  
U5110                     INVX1           fast_vdd1v0       0.6840  
U5111                     INVX1           fast_vdd1v0       0.6840  
U5112                     INVX1           fast_vdd1v0       0.6840  
U5113                     INVX1           fast_vdd1v0       0.6840  
U5114                     INVX1           fast_vdd1v0       0.6840  
U5115                     INVX1           fast_vdd1v0       0.6840  
U5116                     INVX1           fast_vdd1v0       0.6840  
U5117                     INVX1           fast_vdd1v0       0.6840  
U5118                     INVX1           fast_vdd1v0       0.6840  
U5119                     INVX1           fast_vdd1v0       0.6840  
U5120                     INVX1           fast_vdd1v0       0.6840  
U5121                     INVX1           fast_vdd1v0       0.6840  
U5122                     INVX1           fast_vdd1v0       0.6840  
U5123                     INVX1           fast_vdd1v0       0.6840  
U5124                     INVX1           fast_vdd1v0       0.6840  
U5125                     INVX1           fast_vdd1v0       0.6840  
U5126                     INVX1           fast_vdd1v0       0.6840  
U5127                     INVX1           fast_vdd1v0       0.6840  
U5128                     INVX1           fast_vdd1v0       0.6840  
U5129                     INVX1           fast_vdd1v0       0.6840  
U5130                     INVX1           fast_vdd1v0       0.6840  
U5131                     INVX1           fast_vdd1v0       0.6840  
U5132                     INVX1           fast_vdd1v0       0.6840  
U5133                     INVX1           fast_vdd1v0       0.6840  
U5134                     INVX1           fast_vdd1v0       0.6840  
U5135                     INVX1           fast_vdd1v0       0.6840  
U5136                     INVX1           fast_vdd1v0       0.6840  
U5137                     INVX1           fast_vdd1v0       0.6840  
U5138                     INVX1           fast_vdd1v0       0.6840  
U5139                     INVX1           fast_vdd1v0       0.6840  
U5140                     INVX1           fast_vdd1v0       0.6840  
U5141                     INVX1           fast_vdd1v0       0.6840  
U5142                     INVX1           fast_vdd1v0       0.6840  
U5143                     INVX1           fast_vdd1v0       0.6840  
U5144                     INVX1           fast_vdd1v0       0.6840  
U5145                     INVX1           fast_vdd1v0       0.6840  
U5146                     INVX1           fast_vdd1v0       0.6840  
U5147                     INVX1           fast_vdd1v0       0.6840  
U5148                     INVX1           fast_vdd1v0       0.6840  
U5149                     INVX1           fast_vdd1v0       0.6840  
U5150                     INVX1           fast_vdd1v0       0.6840  
U5151                     INVX1           fast_vdd1v0       0.6840  
U5152                     INVX1           fast_vdd1v0       0.6840  
U5153                     INVX1           fast_vdd1v0       0.6840  
U5154                     INVX1           fast_vdd1v0       0.6840  
U5155                     INVX1           fast_vdd1v0       0.6840  
U5156                     INVX1           fast_vdd1v0       0.6840  
U5157                     INVX1           fast_vdd1v0       0.6840  
U5158                     INVX1           fast_vdd1v0       0.6840  
U5159                     INVX1           fast_vdd1v0       0.6840  
U5160                     INVX1           fast_vdd1v0       0.6840  
U5161                     INVX1           fast_vdd1v0       0.6840  
U5162                     INVX1           fast_vdd1v0       0.6840  
U5163                     INVX1           fast_vdd1v0       0.6840  
U5164                     INVX1           fast_vdd1v0       0.6840  
U5165                     INVX1           fast_vdd1v0       0.6840  
U5166                     INVX1           fast_vdd1v0       0.6840  
U5167                     INVX1           fast_vdd1v0       0.6840  
U5168                     INVX1           fast_vdd1v0       0.6840  
U5169                     INVX1           fast_vdd1v0       0.6840  
U5170                     INVX1           fast_vdd1v0       0.6840  
U5171                     BUFX2           fast_vdd1v0       1.7100  
U5172                     INVX1           fast_vdd1v0       0.6840  
U5173                     INVX1           fast_vdd1v0       0.6840  
U5174                     INVX1           fast_vdd1v0       0.6840  
U5175                     INVX1           fast_vdd1v0       0.6840  
U5176                     INVX1           fast_vdd1v0       0.6840  
U5177                     INVX1           fast_vdd1v0       0.6840  
U5178                     INVX1           fast_vdd1v0       0.6840  
U5179                     INVX1           fast_vdd1v0       0.6840  
U5180                     INVX1           fast_vdd1v0       0.6840  
U5181                     INVX1           fast_vdd1v0       0.6840  
U5182                     INVX1           fast_vdd1v0       0.6840  
U5183                     INVX1           fast_vdd1v0       0.6840  
U5184                     INVX1           fast_vdd1v0       0.6840  
U5185                     INVX1           fast_vdd1v0       0.6840  
U5186                     INVX1           fast_vdd1v0       0.6840  
U5187                     INVX1           fast_vdd1v0       0.6840  
U5188                     INVX1           fast_vdd1v0       0.6840  
U5189                     INVX1           fast_vdd1v0       0.6840  
U5190                     INVX1           fast_vdd1v0       0.6840  
U5191                     INVX1           fast_vdd1v0       0.6840  
U5192                     INVX1           fast_vdd1v0       0.6840  
U5193                     INVX1           fast_vdd1v0       0.6840  
U5194                     INVX1           fast_vdd1v0       0.6840  
U5195                     INVX1           fast_vdd1v0       0.6840  
U5196                     INVX1           fast_vdd1v0       0.6840  
U5197                     INVX1           fast_vdd1v0       0.6840  
U5198                     INVX1           fast_vdd1v0       0.6840  
U5199                     INVX1           fast_vdd1v0       0.6840  
U5200                     INVX1           fast_vdd1v0       0.6840  
U5201                     INVX1           fast_vdd1v0       0.6840  
U5202                     INVX1           fast_vdd1v0       0.6840  
U5203                     INVX1           fast_vdd1v0       0.6840  
U5204                     INVX1           fast_vdd1v0       0.6840  
U5205                     INVX1           fast_vdd1v0       0.6840  
U5206                     INVX1           fast_vdd1v0       0.6840  
U5207                     INVX1           fast_vdd1v0       0.6840  
U5208                     INVX1           fast_vdd1v0       0.6840  
U5209                     INVX1           fast_vdd1v0       0.6840  
U5210                     INVX1           fast_vdd1v0       0.6840  
U5211                     INVX1           fast_vdd1v0       0.6840  
U5212                     INVX1           fast_vdd1v0       0.6840  
U5213                     INVX1           fast_vdd1v0       0.6840  
U5214                     INVX1           fast_vdd1v0       0.6840  
U5215                     INVX1           fast_vdd1v0       0.6840  
U5216                     INVX1           fast_vdd1v0       0.6840  
U5217                     INVX1           fast_vdd1v0       0.6840  
U5218                     INVX1           fast_vdd1v0       0.6840  
U5219                     INVX1           fast_vdd1v0       0.6840  
U5220                     INVX1           fast_vdd1v0       0.6840  
U5221                     INVX1           fast_vdd1v0       0.6840  
U5222                     INVX1           fast_vdd1v0       0.6840  
U5223                     INVX1           fast_vdd1v0       0.6840  
U5224                     INVX1           fast_vdd1v0       0.6840  
U5225                     INVX1           fast_vdd1v0       0.6840  
U5226                     INVX1           fast_vdd1v0       0.6840  
U5227                     INVX1           fast_vdd1v0       0.6840  
U5228                     INVX1           fast_vdd1v0       0.6840  
U5229                     INVX1           fast_vdd1v0       0.6840  
U5230                     INVX1           fast_vdd1v0       0.6840  
U5231                     INVX1           fast_vdd1v0       0.6840  
U5232                     INVX1           fast_vdd1v0       0.6840  
U5233                     INVX1           fast_vdd1v0       0.6840  
U5234                     INVX1           fast_vdd1v0       0.6840  
U5235                     INVX1           fast_vdd1v0       0.6840  
U5236                     INVX1           fast_vdd1v0       0.6840  
U5237                     INVX1           fast_vdd1v0       0.6840  
U5238                     INVX1           fast_vdd1v0       0.6840  
U5239                     INVX1           fast_vdd1v0       0.6840  
U5240                     INVX1           fast_vdd1v0       0.6840  
U5241                     INVX1           fast_vdd1v0       0.6840  
U5242                     INVX1           fast_vdd1v0       0.6840  
U5243                     INVX1           fast_vdd1v0       0.6840  
U5244                     INVX1           fast_vdd1v0       0.6840  
U5245                     INVX1           fast_vdd1v0       0.6840  
U5246                     INVX1           fast_vdd1v0       0.6840  
U5247                     INVX1           fast_vdd1v0       0.6840  
U5248                     INVX1           fast_vdd1v0       0.6840  
U5249                     INVX1           fast_vdd1v0       0.6840  
U5250                     INVX1           fast_vdd1v0       0.6840  
U5251                     INVX1           fast_vdd1v0       0.6840  
U5252                     INVX1           fast_vdd1v0       0.6840  
U5253                     INVX1           fast_vdd1v0       0.6840  
U5254                     INVX1           fast_vdd1v0       0.6840  
U5255                     INVX1           fast_vdd1v0       0.6840  
U5256                     INVX1           fast_vdd1v0       0.6840  
U5257                     INVX1           fast_vdd1v0       0.6840  
U5258                     INVX1           fast_vdd1v0       0.6840  
U5259                     INVX1           fast_vdd1v0       0.6840  
U5260                     INVX1           fast_vdd1v0       0.6840  
U5261                     INVX1           fast_vdd1v0       0.6840  
U5262                     INVX1           fast_vdd1v0       0.6840  
U5263                     INVX1           fast_vdd1v0       0.6840  
U5264                     INVX1           fast_vdd1v0       0.6840  
U5265                     INVX1           fast_vdd1v0       0.6840  
U5266                     INVX1           fast_vdd1v0       0.6840  
U5267                     INVX1           fast_vdd1v0       0.6840  
U5268                     INVX1           fast_vdd1v0       0.6840  
U5269                     INVX1           fast_vdd1v0       0.6840  
U5270                     BUFX2           fast_vdd1v0       1.7100  
U5271                     INVX1           fast_vdd1v0       0.6840  
U5272                     INVX1           fast_vdd1v0       0.6840  
U5273                     INVX1           fast_vdd1v0       0.6840  
U5274                     INVX1           fast_vdd1v0       0.6840  
U5275                     INVX1           fast_vdd1v0       0.6840  
U5276                     INVX1           fast_vdd1v0       0.6840  
U5277                     INVX1           fast_vdd1v0       0.6840  
U5278                     INVX1           fast_vdd1v0       0.6840  
U5279                     INVX1           fast_vdd1v0       0.6840  
U5280                     INVX1           fast_vdd1v0       0.6840  
U5281                     INVX1           fast_vdd1v0       0.6840  
U5282                     INVX1           fast_vdd1v0       0.6840  
U5283                     INVX1           fast_vdd1v0       0.6840  
U5284                     INVX1           fast_vdd1v0       0.6840  
U5285                     INVX1           fast_vdd1v0       0.6840  
U5286                     INVX1           fast_vdd1v0       0.6840  
U5287                     BUFX2           fast_vdd1v0       1.7100  
U5288                     BUFX2           fast_vdd1v0       1.7100  
U5289                     BUFX2           fast_vdd1v0       1.7100  
U5290                     BUFX2           fast_vdd1v0       1.7100  
U5291                     BUFX2           fast_vdd1v0       1.7100  
U5292                     BUFX2           fast_vdd1v0       1.7100  
U5293                     BUFX2           fast_vdd1v0       1.7100  
U5294                     BUFX2           fast_vdd1v0       1.7100  
U5295                     BUFX2           fast_vdd1v0       1.7100  
U5296                     BUFX2           fast_vdd1v0       1.7100  
U5297                     BUFX2           fast_vdd1v0       1.7100  
U5298                     BUFX2           fast_vdd1v0       1.7100  
U5299                     BUFX2           fast_vdd1v0       1.7100  
U5300                     BUFX2           fast_vdd1v0       1.7100  
U5301                     BUFX2           fast_vdd1v0       1.7100  
U5302                     BUFX2           fast_vdd1v0       1.7100  
U5303                     BUFX2           fast_vdd1v0       1.7100  
U5304                     BUFX2           fast_vdd1v0       1.7100  
U5305                     BUFX2           fast_vdd1v0       1.7100  
U5306                     BUFX2           fast_vdd1v0       1.7100  
U5307                     BUFX2           fast_vdd1v0       1.7100  
U5308                     BUFX2           fast_vdd1v0       1.7100  
U5309                     BUFX2           fast_vdd1v0       1.7100  
U5310                     BUFX2           fast_vdd1v0       1.7100  
U5311                     BUFX2           fast_vdd1v0       1.7100  
U5312                     BUFX2           fast_vdd1v0       1.7100  
U5313                     BUFX2           fast_vdd1v0       1.7100  
U5314                     BUFX2           fast_vdd1v0       1.7100  
U5315                     BUFX2           fast_vdd1v0       1.7100  
U5316                     BUFX2           fast_vdd1v0       1.7100  
U5317                     BUFX2           fast_vdd1v0       1.7100  
U5318                     BUFX2           fast_vdd1v0       1.7100  
U5319                     BUFX2           fast_vdd1v0       1.7100  
U5320                     BUFX2           fast_vdd1v0       1.7100  
U5321                     BUFX2           fast_vdd1v0       1.7100  
U5322                     BUFX2           fast_vdd1v0       1.7100  
U5323                     BUFX2           fast_vdd1v0       1.7100  
U5324                     BUFX2           fast_vdd1v0       1.7100  
U5325                     BUFX2           fast_vdd1v0       1.7100  
U5326                     BUFX2           fast_vdd1v0       1.7100  
U5327                     BUFX2           fast_vdd1v0       1.7100  
U5328                     BUFX2           fast_vdd1v0       1.7100  
U5329                     BUFX2           fast_vdd1v0       1.7100  
U5330                     BUFX2           fast_vdd1v0       1.7100  
U5331                     BUFX2           fast_vdd1v0       1.7100  
U5332                     BUFX2           fast_vdd1v0       1.7100  
U5333                     BUFX2           fast_vdd1v0       1.7100  
U5334                     BUFX2           fast_vdd1v0       1.7100  
U5335                     BUFX2           fast_vdd1v0       1.7100  
U5336                     BUFX2           fast_vdd1v0       1.7100  
U5337                     BUFX2           fast_vdd1v0       1.7100  
U5338                     BUFX2           fast_vdd1v0       1.7100  
U5339                     BUFX2           fast_vdd1v0       1.7100  
U5340                     BUFX2           fast_vdd1v0       1.7100  
U5341                     BUFX2           fast_vdd1v0       1.7100  
U5342                     BUFX2           fast_vdd1v0       1.7100  
U5343                     BUFX2           fast_vdd1v0       1.7100  
U5344                     BUFX2           fast_vdd1v0       1.7100  
U5345                     BUFX2           fast_vdd1v0       1.7100  
U5346                     BUFX2           fast_vdd1v0       1.7100  
U5347                     BUFX2           fast_vdd1v0       1.7100  
U5348                     BUFX2           fast_vdd1v0       1.7100  
U5349                     BUFX2           fast_vdd1v0       1.7100  
U5350                     BUFX2           fast_vdd1v0       1.7100  
U5351                     BUFX2           fast_vdd1v0       1.7100  
U5352                     BUFX2           fast_vdd1v0       1.7100  
U5353                     BUFX2           fast_vdd1v0       1.7100  
U5354                     BUFX2           fast_vdd1v0       1.7100  
U5355                     BUFX2           fast_vdd1v0       1.7100  
U5356                     BUFX2           fast_vdd1v0       1.7100  
U5357                     BUFX2           fast_vdd1v0       1.7100  
U5358                     BUFX2           fast_vdd1v0       1.7100  
U5359                     BUFX2           fast_vdd1v0       1.7100  
U5360                     BUFX2           fast_vdd1v0       1.7100  
U5361                     BUFX2           fast_vdd1v0       1.7100  
U5362                     BUFX2           fast_vdd1v0       1.7100  
U5363                     BUFX2           fast_vdd1v0       1.7100  
U5364                     BUFX2           fast_vdd1v0       1.7100  
U5365                     BUFX2           fast_vdd1v0       1.7100  
U5366                     BUFX2           fast_vdd1v0       1.7100  
U5367                     BUFX2           fast_vdd1v0       1.7100  
U5368                     BUFX2           fast_vdd1v0       1.7100  
U5369                     BUFX2           fast_vdd1v0       1.7100  
U5370                     BUFX2           fast_vdd1v0       1.7100  
U5371                     BUFX2           fast_vdd1v0       1.7100  
U5372                     BUFX2           fast_vdd1v0       1.7100  
U5373                     BUFX2           fast_vdd1v0       1.7100  
U5374                     BUFX2           fast_vdd1v0       1.7100  
U5375                     BUFX2           fast_vdd1v0       1.7100  
U5376                     BUFX2           fast_vdd1v0       1.7100  
U5377                     BUFX2           fast_vdd1v0       1.7100  
U5378                     BUFX2           fast_vdd1v0       1.7100  
U5379                     BUFX2           fast_vdd1v0       1.7100  
U5380                     BUFX2           fast_vdd1v0       1.7100  
U5381                     BUFX2           fast_vdd1v0       1.7100  
U5382                     BUFX2           fast_vdd1v0       1.7100  
U5383                     BUFX2           fast_vdd1v0       1.7100  
U5384                     BUFX2           fast_vdd1v0       1.7100  
U5385                     BUFX2           fast_vdd1v0       1.7100  
U5386                     BUFX2           fast_vdd1v0       1.7100  
U5387                     BUFX2           fast_vdd1v0       1.7100  
U5388                     BUFX2           fast_vdd1v0       1.7100  
U5389                     BUFX2           fast_vdd1v0       1.7100  
U5390                     BUFX2           fast_vdd1v0       1.7100  
U5391                     BUFX2           fast_vdd1v0       1.7100  
U5392                     BUFX2           fast_vdd1v0       1.7100  
U5393                     BUFX2           fast_vdd1v0       1.7100  
U5394                     BUFX2           fast_vdd1v0       1.7100  
U5395                     BUFX2           fast_vdd1v0       1.7100  
U5396                     BUFX2           fast_vdd1v0       1.7100  
U5397                     BUFX2           fast_vdd1v0       1.7100  
U5398                     BUFX2           fast_vdd1v0       1.7100  
U5399                     BUFX2           fast_vdd1v0       1.7100  
U5400                     BUFX2           fast_vdd1v0       1.7100  
U5401                     BUFX2           fast_vdd1v0       1.7100  
U5402                     BUFX2           fast_vdd1v0       1.7100  
U5403                     BUFX2           fast_vdd1v0       1.7100  
U5404                     BUFX2           fast_vdd1v0       1.7100  
U5405                     BUFX2           fast_vdd1v0       1.7100  
U5406                     BUFX2           fast_vdd1v0       1.7100  
U5407                     BUFX2           fast_vdd1v0       1.7100  
U5408                     BUFX2           fast_vdd1v0       1.7100  
U5409                     BUFX2           fast_vdd1v0       1.7100  
U5410                     BUFX2           fast_vdd1v0       1.7100  
U5411                     BUFX2           fast_vdd1v0       1.7100  
U5412                     BUFX2           fast_vdd1v0       1.7100  
U5413                     BUFX2           fast_vdd1v0       1.7100  
U5414                     BUFX2           fast_vdd1v0       1.7100  
U5415                     BUFX2           fast_vdd1v0       1.7100  
U5416                     BUFX2           fast_vdd1v0       1.7100  
U5417                     BUFX2           fast_vdd1v0       1.7100  
U5418                     BUFX2           fast_vdd1v0       1.7100  
U5419                     BUFX2           fast_vdd1v0       1.7100  
U5420                     BUFX2           fast_vdd1v0       1.7100  
U5421                     BUFX2           fast_vdd1v0       1.7100  
U5422                     BUFX2           fast_vdd1v0       1.7100  
U5423                     BUFX2           fast_vdd1v0       1.7100  
U5424                     BUFX2           fast_vdd1v0       1.7100  
U5425                     BUFX2           fast_vdd1v0       1.7100  
U5426                     BUFX2           fast_vdd1v0       1.7100  
U5427                     BUFX2           fast_vdd1v0       1.7100  
U5428                     BUFX2           fast_vdd1v0       1.7100  
U5429                     BUFX2           fast_vdd1v0       1.7100  
U5430                     BUFX2           fast_vdd1v0       1.7100  
U5431                     BUFX2           fast_vdd1v0       1.7100  
U5432                     BUFX2           fast_vdd1v0       1.7100  
U5433                     BUFX2           fast_vdd1v0       1.7100  
U5434                     BUFX2           fast_vdd1v0       1.7100  
U5435                     BUFX2           fast_vdd1v0       1.7100  
U5436                     BUFX2           fast_vdd1v0       1.7100  
U5437                     BUFX2           fast_vdd1v0       1.7100  
U5438                     BUFX2           fast_vdd1v0       1.7100  
U5439                     BUFX2           fast_vdd1v0       1.7100  
U5440                     BUFX2           fast_vdd1v0       1.7100  
U5441                     BUFX2           fast_vdd1v0       1.7100  
U5442                     BUFX2           fast_vdd1v0       1.7100  
U5443                     BUFX2           fast_vdd1v0       1.7100  
U5444                     BUFX2           fast_vdd1v0       1.7100  
U5445                     BUFX2           fast_vdd1v0       1.7100  
U5446                     BUFX2           fast_vdd1v0       1.7100  
U5447                     BUFX2           fast_vdd1v0       1.7100  
U5448                     BUFX2           fast_vdd1v0       1.7100  
U5449                     BUFX2           fast_vdd1v0       1.7100  
U5450                     BUFX2           fast_vdd1v0       1.7100  
U5451                     BUFX2           fast_vdd1v0       1.7100  
U5452                     BUFX2           fast_vdd1v0       1.7100  
U5453                     BUFX2           fast_vdd1v0       1.7100  
U5454                     BUFX2           fast_vdd1v0       1.7100  
U5455                     BUFX2           fast_vdd1v0       1.7100  
U5456                     BUFX2           fast_vdd1v0       1.7100  
U5457                     BUFX2           fast_vdd1v0       1.7100  
U5458                     BUFX2           fast_vdd1v0       1.7100  
U5459                     BUFX2           fast_vdd1v0       1.7100  
U5460                     BUFX2           fast_vdd1v0       1.7100  
U5461                     BUFX2           fast_vdd1v0       1.7100  
U5462                     BUFX2           fast_vdd1v0       1.7100  
U5463                     BUFX2           fast_vdd1v0       1.7100  
U5464                     BUFX2           fast_vdd1v0       1.7100  
U5465                     BUFX2           fast_vdd1v0       1.7100  
U5466                     BUFX2           fast_vdd1v0       1.7100  
U5467                     BUFX2           fast_vdd1v0       1.7100  
U5468                     BUFX2           fast_vdd1v0       1.7100  
U5469                     BUFX2           fast_vdd1v0       1.7100  
U5470                     BUFX2           fast_vdd1v0       1.7100  
U5471                     BUFX2           fast_vdd1v0       1.7100  
U5472                     BUFX2           fast_vdd1v0       1.7100  
U5473                     BUFX2           fast_vdd1v0       1.7100  
U5474                     BUFX2           fast_vdd1v0       1.7100  
U5475                     BUFX2           fast_vdd1v0       1.7100  
U5476                     BUFX2           fast_vdd1v0       1.7100  
U5477                     BUFX2           fast_vdd1v0       1.7100  
U5478                     BUFX2           fast_vdd1v0       1.7100  
U5479                     BUFX2           fast_vdd1v0       1.7100  
U5480                     BUFX2           fast_vdd1v0       1.7100  
U5481                     BUFX2           fast_vdd1v0       1.7100  
U5482                     BUFX2           fast_vdd1v0       1.7100  
U5483                     BUFX2           fast_vdd1v0       1.7100  
U5484                     BUFX2           fast_vdd1v0       1.7100  
U5485                     BUFX2           fast_vdd1v0       1.7100  
U5486                     BUFX2           fast_vdd1v0       1.7100  
U5487                     BUFX2           fast_vdd1v0       1.7100  
U5488                     BUFX2           fast_vdd1v0       1.7100  
U5489                     BUFX2           fast_vdd1v0       1.7100  
U5490                     BUFX2           fast_vdd1v0       1.7100  
U5491                     BUFX2           fast_vdd1v0       1.7100  
U5492                     BUFX2           fast_vdd1v0       1.7100  
U5493                     BUFX2           fast_vdd1v0       1.7100  
U5494                     BUFX2           fast_vdd1v0       1.7100  
U5495                     BUFX2           fast_vdd1v0       1.7100  
U5496                     BUFX2           fast_vdd1v0       1.7100  
U5497                     BUFX2           fast_vdd1v0       1.7100  
U5498                     BUFX2           fast_vdd1v0       1.7100  
U5499                     BUFX2           fast_vdd1v0       1.7100  
U5500                     BUFX2           fast_vdd1v0       1.7100  
U5501                     BUFX2           fast_vdd1v0       1.7100  
U5502                     BUFX2           fast_vdd1v0       1.7100  
U5503                     BUFX2           fast_vdd1v0       1.7100  
U5504                     BUFX2           fast_vdd1v0       1.7100  
U5505                     BUFX2           fast_vdd1v0       1.7100  
U5506                     BUFX2           fast_vdd1v0       1.7100  
U5507                     BUFX2           fast_vdd1v0       1.7100  
U5508                     BUFX2           fast_vdd1v0       1.7100  
U5509                     BUFX2           fast_vdd1v0       1.7100  
U5510                     BUFX2           fast_vdd1v0       1.7100  
U5511                     BUFX2           fast_vdd1v0       1.7100  
U5512                     BUFX2           fast_vdd1v0       1.7100  
U5513                     BUFX2           fast_vdd1v0       1.7100  
U5514                     BUFX2           fast_vdd1v0       1.7100  
U5515                     BUFX2           fast_vdd1v0       1.7100  
U5516                     BUFX2           fast_vdd1v0       1.7100  
U5517                     BUFX2           fast_vdd1v0       1.7100  
U5518                     BUFX2           fast_vdd1v0       1.7100  
U5519                     BUFX2           fast_vdd1v0       1.7100  
U5520                     BUFX2           fast_vdd1v0       1.7100  
U5521                     BUFX2           fast_vdd1v0       1.7100  
U5522                     BUFX2           fast_vdd1v0       1.7100  
U5523                     BUFX2           fast_vdd1v0       1.7100  
U5524                     BUFX2           fast_vdd1v0       1.7100  
U5525                     BUFX2           fast_vdd1v0       1.7100  
U5526                     BUFX2           fast_vdd1v0       1.7100  
U5527                     BUFX2           fast_vdd1v0       1.7100  
U5528                     BUFX2           fast_vdd1v0       1.7100  
U5529                     BUFX2           fast_vdd1v0       1.7100  
U5530                     BUFX2           fast_vdd1v0       1.7100  
U5531                     BUFX2           fast_vdd1v0       1.7100  
U5532                     BUFX2           fast_vdd1v0       1.7100  
U5533                     BUFX2           fast_vdd1v0       1.7100  
U5534                     BUFX2           fast_vdd1v0       1.7100  
U5535                     BUFX2           fast_vdd1v0       1.7100  
U5536                     BUFX2           fast_vdd1v0       1.7100  
U5537                     BUFX2           fast_vdd1v0       1.7100  
U5538                     BUFX2           fast_vdd1v0       1.7100  
U5539                     BUFX2           fast_vdd1v0       1.7100  
U5540                     BUFX2           fast_vdd1v0       1.7100  
U5541                     BUFX2           fast_vdd1v0       1.7100  
U5542                     BUFX2           fast_vdd1v0       1.7100  
U5543                     BUFX2           fast_vdd1v0       1.7100  
U5544                     BUFX2           fast_vdd1v0       1.7100  
U5545                     BUFX2           fast_vdd1v0       1.7100  
U5546                     BUFX2           fast_vdd1v0       1.7100  
U5547                     BUFX2           fast_vdd1v0       1.7100  
U5548                     BUFX2           fast_vdd1v0       1.7100  
U5549                     BUFX2           fast_vdd1v0       1.7100  
U5550                     BUFX2           fast_vdd1v0       1.7100  
U5551                     BUFX2           fast_vdd1v0       1.7100  
U5552                     BUFX2           fast_vdd1v0       1.7100  
U5553                     BUFX2           fast_vdd1v0       1.7100  
U5554                     BUFX2           fast_vdd1v0       1.7100  
U5555                     BUFX2           fast_vdd1v0       1.7100  
U5556                     BUFX2           fast_vdd1v0       1.7100  
U5557                     BUFX2           fast_vdd1v0       1.7100  
U5558                     BUFX2           fast_vdd1v0       1.7100  
U5559                     BUFX2           fast_vdd1v0       1.7100  
U5560                     BUFX2           fast_vdd1v0       1.7100  
U5561                     BUFX2           fast_vdd1v0       1.7100  
U5562                     BUFX2           fast_vdd1v0       1.7100  
U5563                     BUFX2           fast_vdd1v0       1.7100  
U5564                     BUFX2           fast_vdd1v0       1.7100  
U5565                     BUFX2           fast_vdd1v0       1.7100  
U5566                     BUFX2           fast_vdd1v0       1.7100  
U5567                     BUFX2           fast_vdd1v0       1.7100  
U5568                     BUFX2           fast_vdd1v0       1.7100  
U5569                     BUFX2           fast_vdd1v0       1.7100  
U5570                     BUFX2           fast_vdd1v0       1.7100  
U5571                     BUFX2           fast_vdd1v0       1.7100  
U5572                     BUFX2           fast_vdd1v0       1.7100  
U5573                     BUFX2           fast_vdd1v0       1.7100  
U5574                     BUFX2           fast_vdd1v0       1.7100  
U5575                     BUFX2           fast_vdd1v0       1.7100  
U5576                     BUFX2           fast_vdd1v0       1.7100  
U5577                     BUFX2           fast_vdd1v0       1.7100  
U5578                     BUFX2           fast_vdd1v0       1.7100  
U5579                     BUFX2           fast_vdd1v0       1.7100  
U5580                     BUFX2           fast_vdd1v0       1.7100  
U5581                     BUFX2           fast_vdd1v0       1.7100  
U5582                     BUFX2           fast_vdd1v0       1.7100  
U5583                     BUFX2           fast_vdd1v0       1.7100  
U5584                     BUFX2           fast_vdd1v0       1.7100  
U5585                     BUFX2           fast_vdd1v0       1.7100  
U5586                     BUFX2           fast_vdd1v0       1.7100  
U5587                     BUFX2           fast_vdd1v0       1.7100  
U5588                     BUFX2           fast_vdd1v0       1.7100  
U5589                     BUFX2           fast_vdd1v0       1.7100  
U5590                     BUFX2           fast_vdd1v0       1.7100  
U5591                     BUFX2           fast_vdd1v0       1.7100  
U5592                     BUFX2           fast_vdd1v0       1.7100  
U5593                     BUFX2           fast_vdd1v0       1.7100  
U5594                     BUFX2           fast_vdd1v0       1.7100  
U5595                     BUFX2           fast_vdd1v0       1.7100  
U5596                     BUFX2           fast_vdd1v0       1.7100  
U5597                     BUFX2           fast_vdd1v0       1.7100  
U5598                     BUFX2           fast_vdd1v0       1.7100  
U5599                     BUFX2           fast_vdd1v0       1.7100  
U5600                     BUFX2           fast_vdd1v0       1.7100  
U5601                     BUFX2           fast_vdd1v0       1.7100  
U5602                     BUFX2           fast_vdd1v0       1.7100  
U5603                     BUFX2           fast_vdd1v0       1.7100  
U5604                     BUFX2           fast_vdd1v0       1.7100  
U5605                     BUFX2           fast_vdd1v0       1.7100  
U5606                     BUFX2           fast_vdd1v0       1.7100  
U5607                     BUFX2           fast_vdd1v0       1.7100  
U5608                     BUFX2           fast_vdd1v0       1.7100  
U5609                     BUFX2           fast_vdd1v0       1.7100  
U5610                     BUFX2           fast_vdd1v0       1.7100  
U5611                     BUFX2           fast_vdd1v0       1.7100  
U5612                     BUFX2           fast_vdd1v0       1.7100  
U5613                     NAND2X1         fast_vdd1v0       1.0260  
U5614                     BUFX2           fast_vdd1v0       1.7100  
U5615                     BUFX2           fast_vdd1v0       1.7100  
U5616                     BUFX2           fast_vdd1v0       1.7100  
U5617                     BUFX2           fast_vdd1v0       1.7100  
U5618                     BUFX2           fast_vdd1v0       1.7100  
U5619                     BUFX2           fast_vdd1v0       1.7100  
U5620                     BUFX2           fast_vdd1v0       1.7100  
U5621                     BUFX2           fast_vdd1v0       1.7100  
U5622                     NAND2X1         fast_vdd1v0       1.0260  
U5623                     NAND2X1         fast_vdd1v0       1.0260  
U5624                     NAND2X1         fast_vdd1v0       1.0260  
U5625                     NAND2X1         fast_vdd1v0       1.0260  
U5626                     NAND2X1         fast_vdd1v0       1.0260  
U5627                     NAND2X1         fast_vdd1v0       1.0260  
U5628                     NAND2X1         fast_vdd1v0       1.0260  
U5629                     NAND2X1         fast_vdd1v0       1.0260  
U5630                     NAND2X1         fast_vdd1v0       1.0260  
U5631                     NAND2X1         fast_vdd1v0       1.0260  
U5632                     NAND2X1         fast_vdd1v0       1.0260  
U5633                     NAND2X1         fast_vdd1v0       1.0260  
U5634                     NAND2X1         fast_vdd1v0       1.0260  
U5635                     NAND2X1         fast_vdd1v0       1.0260  
U5636                     NAND2X1         fast_vdd1v0       1.0260  
U5637                     NAND2X1         fast_vdd1v0       1.0260  
U5638                     NAND2X1         fast_vdd1v0       1.0260  
U5639                     NAND2X1         fast_vdd1v0       1.0260  
U5640                     NAND2X1         fast_vdd1v0       1.0260  
U5641                     NAND2X1         fast_vdd1v0       1.0260  
U5642                     NAND2X1         fast_vdd1v0       1.0260  
U5643                     NAND2X1         fast_vdd1v0       1.0260  
U5644                     NAND2X1         fast_vdd1v0       1.0260  
U5645                     NAND2X1         fast_vdd1v0       1.0260  
U5646                     NAND2X1         fast_vdd1v0       1.0260  
U5647                     NAND2X1         fast_vdd1v0       1.0260  
U5648                     NAND2X1         fast_vdd1v0       1.0260  
U5649                     NAND2X1         fast_vdd1v0       1.0260  
U5650                     NAND2X1         fast_vdd1v0       1.0260  
U5651                     NAND2X1         fast_vdd1v0       1.0260  
U5652                     NAND2X1         fast_vdd1v0       1.0260  
U5653                     NAND2X1         fast_vdd1v0       1.0260  
U5654                     NAND2X1         fast_vdd1v0       1.0260  
U5655                     NAND2X1         fast_vdd1v0       1.0260  
U5656                     NAND2X1         fast_vdd1v0       1.0260  
U5657                     NAND2X1         fast_vdd1v0       1.0260  
U5658                     NAND2X1         fast_vdd1v0       1.0260  
U5659                     NAND2X1         fast_vdd1v0       1.0260  
U5660                     NAND2X1         fast_vdd1v0       1.0260  
U5661                     NAND2X1         fast_vdd1v0       1.0260  
U5662                     NAND2X1         fast_vdd1v0       1.0260  
U5663                     NAND2X1         fast_vdd1v0       1.0260  
U5664                     NAND2X1         fast_vdd1v0       1.0260  
U5665                     NAND2X1         fast_vdd1v0       1.0260  
U5666                     NAND2X1         fast_vdd1v0       1.0260  
U5667                     NAND2X1         fast_vdd1v0       1.0260  
U5668                     NAND2X1         fast_vdd1v0       1.0260  
U5669                     NAND2X1         fast_vdd1v0       1.0260  
U5670                     NAND2X1         fast_vdd1v0       1.0260  
U5671                     NAND2X1         fast_vdd1v0       1.0260  
U5672                     NAND2X1         fast_vdd1v0       1.0260  
U5673                     NAND2X1         fast_vdd1v0       1.0260  
U5674                     NAND2X1         fast_vdd1v0       1.0260  
U5675                     NAND2X1         fast_vdd1v0       1.0260  
U5676                     NAND2X1         fast_vdd1v0       1.0260  
U5677                     NAND2X1         fast_vdd1v0       1.0260  
U5678                     NAND2X1         fast_vdd1v0       1.0260  
U5679                     NAND2X1         fast_vdd1v0       1.0260  
U5680                     NAND2X1         fast_vdd1v0       1.0260  
U5681                     NAND2X1         fast_vdd1v0       1.0260  
U5682                     NAND2X1         fast_vdd1v0       1.0260  
U5683                     NAND2X1         fast_vdd1v0       1.0260  
U5684                     NAND2X1         fast_vdd1v0       1.0260  
U5685                     NAND2X1         fast_vdd1v0       1.0260  
U5686                     NAND2X1         fast_vdd1v0       1.0260  
U5687                     NAND2X1         fast_vdd1v0       1.0260  
U5688                     NAND2X1         fast_vdd1v0       1.0260  
U5689                     NAND2X1         fast_vdd1v0       1.0260  
U5690                     NAND2X1         fast_vdd1v0       1.0260  
U5691                     NAND2X1         fast_vdd1v0       1.0260  
U5692                     NAND2X1         fast_vdd1v0       1.0260  
U5693                     NAND2X1         fast_vdd1v0       1.0260  
U5694                     NAND2X1         fast_vdd1v0       1.0260  
U5695                     NAND2X1         fast_vdd1v0       1.0260  
U5696                     NAND2X1         fast_vdd1v0       1.0260  
U5697                     NAND2X1         fast_vdd1v0       1.0260  
U5698                     NAND2X1         fast_vdd1v0       1.0260  
U5699                     NAND2X1         fast_vdd1v0       1.0260  
U5700                     NAND2X1         fast_vdd1v0       1.0260  
U5701                     NAND2X1         fast_vdd1v0       1.0260  
U5702                     NAND2X1         fast_vdd1v0       1.0260  
U5703                     NAND2X1         fast_vdd1v0       1.0260  
U5704                     NAND2X1         fast_vdd1v0       1.0260  
U5705                     NAND2X1         fast_vdd1v0       1.0260  
U5706                     NAND2X1         fast_vdd1v0       1.0260  
U5707                     NAND2X1         fast_vdd1v0       1.0260  
U5708                     NAND2X1         fast_vdd1v0       1.0260  
U5709                     NAND2X1         fast_vdd1v0       1.0260  
U5710                     NAND2X1         fast_vdd1v0       1.0260  
U5711                     NAND2X1         fast_vdd1v0       1.0260  
U5712                     NAND2X1         fast_vdd1v0       1.0260  
U5713                     NAND2X1         fast_vdd1v0       1.0260  
U5714                     NAND2X1         fast_vdd1v0       1.0260  
U5715                     NAND2X1         fast_vdd1v0       1.0260  
U5716                     NAND2X1         fast_vdd1v0       1.0260  
U5717                     NAND2X1         fast_vdd1v0       1.0260  
U5718                     NAND2X1         fast_vdd1v0       1.0260  
U5719                     NAND2X1         fast_vdd1v0       1.0260  
U5720                     NAND2X1         fast_vdd1v0       1.0260  
U5721                     NAND2X1         fast_vdd1v0       1.0260  
U5722                     NAND2X1         fast_vdd1v0       1.0260  
U5723                     NAND2X1         fast_vdd1v0       1.0260  
U5724                     NAND2X1         fast_vdd1v0       1.0260  
U5725                     NAND2X1         fast_vdd1v0       1.0260  
U5726                     NAND2X1         fast_vdd1v0       1.0260  
U5727                     NAND2X1         fast_vdd1v0       1.0260  
U5728                     NAND2X1         fast_vdd1v0       1.0260  
U5729                     NAND2X1         fast_vdd1v0       1.0260  
U5730                     NAND2X1         fast_vdd1v0       1.0260  
U5731                     NAND2X1         fast_vdd1v0       1.0260  
U5732                     NAND2X1         fast_vdd1v0       1.0260  
U5733                     NAND2X1         fast_vdd1v0       1.0260  
U5734                     NAND2X1         fast_vdd1v0       1.0260  
U5735                     NAND2X1         fast_vdd1v0       1.0260  
U5736                     NAND2X1         fast_vdd1v0       1.0260  
U5737                     NAND2X1         fast_vdd1v0       1.0260  
U5738                     NAND2X1         fast_vdd1v0       1.0260  
U5739                     NAND2X1         fast_vdd1v0       1.0260  
U5740                     NAND2X1         fast_vdd1v0       1.0260  
U5741                     NAND2X1         fast_vdd1v0       1.0260  
U5742                     NAND2X1         fast_vdd1v0       1.0260  
U5743                     NAND2X1         fast_vdd1v0       1.0260  
U5744                     NAND2X1         fast_vdd1v0       1.0260  
U5745                     NAND2X1         fast_vdd1v0       1.0260  
U5746                     NAND2X1         fast_vdd1v0       1.0260  
U5747                     NAND2X1         fast_vdd1v0       1.0260  
U5748                     NAND2X1         fast_vdd1v0       1.0260  
U5749                     NAND2X1         fast_vdd1v0       1.0260  
U5750                     NAND2X1         fast_vdd1v0       1.0260  
U5751                     NAND2X1         fast_vdd1v0       1.0260  
U5752                     NAND2X1         fast_vdd1v0       1.0260  
U5753                     NAND2X1         fast_vdd1v0       1.0260  
U5754                     NAND2X1         fast_vdd1v0       1.0260  
U5755                     NAND2X1         fast_vdd1v0       1.0260  
U5756                     NAND2X1         fast_vdd1v0       1.0260  
U5757                     NAND2X1         fast_vdd1v0       1.0260  
U5758                     NAND2X1         fast_vdd1v0       1.0260  
U5759                     NAND2X1         fast_vdd1v0       1.0260  
U5760                     NAND2X1         fast_vdd1v0       1.0260  
U5761                     NAND2X1         fast_vdd1v0       1.0260  
U5762                     NAND2X1         fast_vdd1v0       1.0260  
U5763                     BUFX2           fast_vdd1v0       1.7100  
U5764                     NAND2X1         fast_vdd1v0       1.0260  
U5765                     NAND2X1         fast_vdd1v0       1.0260  
U5766                     NAND2X1         fast_vdd1v0       1.0260  
U5767                     NAND2X1         fast_vdd1v0       1.0260  
U5768                     NAND2X1         fast_vdd1v0       1.0260  
U5769                     NAND2X1         fast_vdd1v0       1.0260  
U5770                     NAND2X1         fast_vdd1v0       1.0260  
U5771                     NAND2X1         fast_vdd1v0       1.0260  
U5772                     NAND2X1         fast_vdd1v0       1.0260  
U5773                     NAND2X1         fast_vdd1v0       1.0260  
U5774                     NAND2X1         fast_vdd1v0       1.0260  
U5775                     NAND2X1         fast_vdd1v0       1.0260  
U5776                     NAND2X1         fast_vdd1v0       1.0260  
U5777                     NAND2X1         fast_vdd1v0       1.0260  
U5778                     NAND2X1         fast_vdd1v0       1.0260  
U5779                     NAND2X1         fast_vdd1v0       1.0260  
U5780                     NAND2X1         fast_vdd1v0       1.0260  
U5781                     NAND2X1         fast_vdd1v0       1.0260  
U5782                     NAND2X1         fast_vdd1v0       1.0260  
U5783                     NAND2X1         fast_vdd1v0       1.0260  
U5784                     NAND2X1         fast_vdd1v0       1.0260  
U5785                     NAND2X1         fast_vdd1v0       1.0260  
U5786                     NAND2X1         fast_vdd1v0       1.0260  
U5787                     NAND2X1         fast_vdd1v0       1.0260  
U5788                     NAND2X1         fast_vdd1v0       1.0260  
U5789                     NAND2X1         fast_vdd1v0       1.0260  
U5790                     NAND2X1         fast_vdd1v0       1.0260  
U5791                     NAND2X1         fast_vdd1v0       1.0260  
U5792                     NAND2X1         fast_vdd1v0       1.0260  
U5793                     NAND2X1         fast_vdd1v0       1.0260  
U5794                     NAND2X1         fast_vdd1v0       1.0260  
U5795                     NAND2X1         fast_vdd1v0       1.0260  
U5796                     NAND2X1         fast_vdd1v0       1.0260  
U5797                     NAND2X1         fast_vdd1v0       1.0260  
U5798                     NAND2X1         fast_vdd1v0       1.0260  
U5799                     NAND2X1         fast_vdd1v0       1.0260  
U5800                     NAND2X1         fast_vdd1v0       1.0260  
U5801                     NAND2X1         fast_vdd1v0       1.0260  
U5802                     NAND2X1         fast_vdd1v0       1.0260  
U5803                     NAND2X1         fast_vdd1v0       1.0260  
U5804                     NAND2X1         fast_vdd1v0       1.0260  
U5805                     NAND2X1         fast_vdd1v0       1.0260  
U5806                     NAND2X1         fast_vdd1v0       1.0260  
U5807                     NAND2X1         fast_vdd1v0       1.0260  
U5808                     NAND2X1         fast_vdd1v0       1.0260  
U5809                     NAND2X1         fast_vdd1v0       1.0260  
U5810                     NAND2X1         fast_vdd1v0       1.0260  
U5811                     NAND2X1         fast_vdd1v0       1.0260  
U5812                     NAND2X1         fast_vdd1v0       1.0260  
U5813                     NAND2X1         fast_vdd1v0       1.0260  
U5814                     NAND2X1         fast_vdd1v0       1.0260  
U5815                     NAND2X1         fast_vdd1v0       1.0260  
U5816                     NAND2X1         fast_vdd1v0       1.0260  
U5817                     NAND2X1         fast_vdd1v0       1.0260  
U5818                     NAND2X1         fast_vdd1v0       1.0260  
U5819                     NAND2X1         fast_vdd1v0       1.0260  
U5820                     NAND2X1         fast_vdd1v0       1.0260  
U5821                     NAND2X1         fast_vdd1v0       1.0260  
U5822                     NAND2X1         fast_vdd1v0       1.0260  
U5823                     NAND2X1         fast_vdd1v0       1.0260  
U5824                     NAND2X1         fast_vdd1v0       1.0260  
U5825                     NAND2X1         fast_vdd1v0       1.0260  
U5826                     NAND2X1         fast_vdd1v0       1.0260  
U5827                     NAND2X1         fast_vdd1v0       1.0260  
U5828                     NAND2X1         fast_vdd1v0       1.0260  
U5829                     NAND2X1         fast_vdd1v0       1.0260  
U5830                     NAND2X1         fast_vdd1v0       1.0260  
U5831                     NAND2X1         fast_vdd1v0       1.0260  
U5832                     NAND2X1         fast_vdd1v0       1.0260  
U5833                     NAND2X1         fast_vdd1v0       1.0260  
U5834                     NAND2X1         fast_vdd1v0       1.0260  
U5835                     NAND2X1         fast_vdd1v0       1.0260  
U5836                     NAND2X1         fast_vdd1v0       1.0260  
U5837                     NAND2X1         fast_vdd1v0       1.0260  
U5838                     NAND2X1         fast_vdd1v0       1.0260  
U5839                     NAND2X1         fast_vdd1v0       1.0260  
U5840                     NAND2X1         fast_vdd1v0       1.0260  
U5841                     NAND2X1         fast_vdd1v0       1.0260  
U5842                     NAND2X1         fast_vdd1v0       1.0260  
U5843                     NAND2X1         fast_vdd1v0       1.0260  
U5844                     NAND2X1         fast_vdd1v0       1.0260  
U5845                     NAND2X1         fast_vdd1v0       1.0260  
U5846                     NAND2X1         fast_vdd1v0       1.0260  
U5847                     NAND2X1         fast_vdd1v0       1.0260  
U5848                     NAND2X1         fast_vdd1v0       1.0260  
U5849                     NAND2X1         fast_vdd1v0       1.0260  
U5850                     NAND2X1         fast_vdd1v0       1.0260  
U5851                     NAND2X1         fast_vdd1v0       1.0260  
U5852                     NAND2X1         fast_vdd1v0       1.0260  
U5853                     NAND2X1         fast_vdd1v0       1.0260  
U5854                     NAND2X1         fast_vdd1v0       1.0260  
U5855                     NAND2X1         fast_vdd1v0       1.0260  
U5856                     NAND2X1         fast_vdd1v0       1.0260  
U5857                     NAND2X1         fast_vdd1v0       1.0260  
U5858                     NAND2X1         fast_vdd1v0       1.0260  
U5859                     NAND2X1         fast_vdd1v0       1.0260  
U5860                     NAND2X1         fast_vdd1v0       1.0260  
U5861                     NAND2X1         fast_vdd1v0       1.0260  
U5862                     BUFX2           fast_vdd1v0       1.7100  
U5863                     NAND2X1         fast_vdd1v0       1.0260  
U5864                     NAND2X1         fast_vdd1v0       1.0260  
U5865                     NAND2X1         fast_vdd1v0       1.0260  
U5866                     NAND2X1         fast_vdd1v0       1.0260  
U5867                     NAND2X1         fast_vdd1v0       1.0260  
U5868                     NAND2X1         fast_vdd1v0       1.0260  
U5869                     NAND2X1         fast_vdd1v0       1.0260  
U5870                     NAND2X1         fast_vdd1v0       1.0260  
U5871                     NAND2X1         fast_vdd1v0       1.0260  
U5872                     NAND2X1         fast_vdd1v0       1.0260  
U5873                     NAND2X1         fast_vdd1v0       1.0260  
U5874                     NAND2X1         fast_vdd1v0       1.0260  
U5875                     NAND2X1         fast_vdd1v0       1.0260  
U5876                     NAND2X1         fast_vdd1v0       1.0260  
U5877                     NAND2X1         fast_vdd1v0       1.0260  
U5878                     NAND2X1         fast_vdd1v0       1.0260  
U5879                     BUFX2           fast_vdd1v0       1.7100  
U5880                     BUFX2           fast_vdd1v0       1.7100  
U5881                     BUFX2           fast_vdd1v0       1.7100  
U5882                     BUFX2           fast_vdd1v0       1.7100  
U5883                     BUFX2           fast_vdd1v0       1.7100  
U5884                     BUFX2           fast_vdd1v0       1.7100  
U5885                     BUFX2           fast_vdd1v0       1.7100  
U5886                     BUFX2           fast_vdd1v0       1.7100  
U5887                     BUFX2           fast_vdd1v0       1.7100  
U5888                     BUFX2           fast_vdd1v0       1.7100  
U5889                     BUFX2           fast_vdd1v0       1.7100  
U5890                     BUFX2           fast_vdd1v0       1.7100  
U5891                     BUFX2           fast_vdd1v0       1.7100  
U5892                     BUFX2           fast_vdd1v0       1.7100  
U5893                     BUFX2           fast_vdd1v0       1.7100  
U5894                     BUFX2           fast_vdd1v0       1.7100  
U5895                     BUFX2           fast_vdd1v0       1.7100  
U5896                     BUFX2           fast_vdd1v0       1.7100  
U5897                     BUFX2           fast_vdd1v0       1.7100  
U5898                     BUFX2           fast_vdd1v0       1.7100  
U5899                     BUFX2           fast_vdd1v0       1.7100  
U5900                     BUFX2           fast_vdd1v0       1.7100  
U5901                     BUFX2           fast_vdd1v0       1.7100  
U5902                     BUFX2           fast_vdd1v0       1.7100  
U5903                     BUFX2           fast_vdd1v0       1.7100  
U5904                     BUFX2           fast_vdd1v0       1.7100  
U5905                     BUFX2           fast_vdd1v0       1.7100  
U5906                     BUFX2           fast_vdd1v0       1.7100  
U5907                     BUFX2           fast_vdd1v0       1.7100  
U5908                     BUFX2           fast_vdd1v0       1.7100  
U5909                     BUFX2           fast_vdd1v0       1.7100  
U5910                     BUFX2           fast_vdd1v0       1.7100  
U5911                     BUFX2           fast_vdd1v0       1.7100  
U5912                     BUFX2           fast_vdd1v0       1.7100  
U5913                     BUFX2           fast_vdd1v0       1.7100  
U5914                     BUFX2           fast_vdd1v0       1.7100  
U5915                     BUFX2           fast_vdd1v0       1.7100  
U5916                     BUFX2           fast_vdd1v0       1.7100  
U5917                     BUFX2           fast_vdd1v0       1.7100  
U5918                     BUFX2           fast_vdd1v0       1.7100  
U5919                     BUFX2           fast_vdd1v0       1.7100  
U5920                     BUFX2           fast_vdd1v0       1.7100  
U5921                     BUFX2           fast_vdd1v0       1.7100  
U5922                     BUFX2           fast_vdd1v0       1.7100  
U5923                     BUFX2           fast_vdd1v0       1.7100  
U5924                     BUFX2           fast_vdd1v0       1.7100  
U5925                     BUFX2           fast_vdd1v0       1.7100  
U5926                     BUFX2           fast_vdd1v0       1.7100  
U5927                     BUFX2           fast_vdd1v0       1.7100  
U5928                     BUFX2           fast_vdd1v0       1.7100  
U5929                     BUFX2           fast_vdd1v0       1.7100  
U5930                     BUFX2           fast_vdd1v0       1.7100  
U5931                     BUFX2           fast_vdd1v0       1.7100  
U5932                     BUFX2           fast_vdd1v0       1.7100  
U5933                     BUFX2           fast_vdd1v0       1.7100  
U5934                     BUFX2           fast_vdd1v0       1.7100  
U5935                     BUFX2           fast_vdd1v0       1.7100  
U5936                     BUFX2           fast_vdd1v0       1.7100  
U5937                     BUFX2           fast_vdd1v0       1.7100  
U5938                     BUFX2           fast_vdd1v0       1.7100  
U5939                     BUFX2           fast_vdd1v0       1.7100  
U5940                     BUFX2           fast_vdd1v0       1.7100  
U5941                     BUFX2           fast_vdd1v0       1.7100  
U5942                     BUFX2           fast_vdd1v0       1.7100  
U5943                     BUFX2           fast_vdd1v0       1.7100  
U5944                     BUFX2           fast_vdd1v0       1.7100  
U5945                     BUFX2           fast_vdd1v0       1.7100  
U5946                     BUFX2           fast_vdd1v0       1.7100  
U5947                     BUFX2           fast_vdd1v0       1.7100  
U5948                     BUFX2           fast_vdd1v0       1.7100  
U5949                     BUFX2           fast_vdd1v0       1.7100  
U5950                     BUFX2           fast_vdd1v0       1.7100  
U5951                     BUFX2           fast_vdd1v0       1.7100  
U5952                     BUFX2           fast_vdd1v0       1.7100  
U5953                     BUFX2           fast_vdd1v0       1.7100  
U5954                     BUFX2           fast_vdd1v0       1.7100  
U5955                     BUFX2           fast_vdd1v0       1.7100  
U5956                     BUFX2           fast_vdd1v0       1.7100  
U5957                     BUFX2           fast_vdd1v0       1.7100  
U5958                     BUFX2           fast_vdd1v0       1.7100  
U5959                     BUFX2           fast_vdd1v0       1.7100  
U5960                     BUFX2           fast_vdd1v0       1.7100  
U5961                     BUFX2           fast_vdd1v0       1.7100  
U5962                     BUFX2           fast_vdd1v0       1.7100  
U5963                     BUFX2           fast_vdd1v0       1.7100  
U5964                     BUFX2           fast_vdd1v0       1.7100  
U5965                     BUFX2           fast_vdd1v0       1.7100  
U5966                     BUFX2           fast_vdd1v0       1.7100  
U5967                     BUFX2           fast_vdd1v0       1.7100  
U5968                     BUFX2           fast_vdd1v0       1.7100  
U5969                     BUFX2           fast_vdd1v0       1.7100  
U5970                     BUFX2           fast_vdd1v0       1.7100  
U5971                     BUFX2           fast_vdd1v0       1.7100  
U5972                     BUFX2           fast_vdd1v0       1.7100  
U5973                     BUFX2           fast_vdd1v0       1.7100  
U5974                     BUFX2           fast_vdd1v0       1.7100  
U5975                     BUFX2           fast_vdd1v0       1.7100  
U5976                     BUFX2           fast_vdd1v0       1.7100  
U5977                     BUFX2           fast_vdd1v0       1.7100  
U5978                     BUFX2           fast_vdd1v0       1.7100  
U5979                     BUFX2           fast_vdd1v0       1.7100  
U5980                     BUFX2           fast_vdd1v0       1.7100  
U5981                     BUFX2           fast_vdd1v0       1.7100  
U5982                     BUFX2           fast_vdd1v0       1.7100  
U5983                     BUFX2           fast_vdd1v0       1.7100  
U5984                     BUFX2           fast_vdd1v0       1.7100  
U5985                     BUFX2           fast_vdd1v0       1.7100  
U5986                     BUFX2           fast_vdd1v0       1.7100  
U5987                     BUFX2           fast_vdd1v0       1.7100  
U5988                     BUFX2           fast_vdd1v0       1.7100  
U5989                     BUFX2           fast_vdd1v0       1.7100  
U5990                     BUFX2           fast_vdd1v0       1.7100  
U5991                     BUFX2           fast_vdd1v0       1.7100  
U5992                     BUFX2           fast_vdd1v0       1.7100  
U5993                     BUFX2           fast_vdd1v0       1.7100  
U5994                     BUFX2           fast_vdd1v0       1.7100  
U5995                     BUFX2           fast_vdd1v0       1.7100  
U5996                     BUFX2           fast_vdd1v0       1.7100  
U5997                     BUFX2           fast_vdd1v0       1.7100  
U5998                     BUFX2           fast_vdd1v0       1.7100  
U5999                     BUFX2           fast_vdd1v0       1.7100  
U6000                     BUFX2           fast_vdd1v0       1.7100  
U6001                     BUFX2           fast_vdd1v0       1.7100  
U6002                     BUFX2           fast_vdd1v0       1.7100  
U6003                     BUFX2           fast_vdd1v0       1.7100  
U6004                     BUFX2           fast_vdd1v0       1.7100  
U6005                     BUFX2           fast_vdd1v0       1.7100  
U6006                     BUFX2           fast_vdd1v0       1.7100  
U6007                     BUFX2           fast_vdd1v0       1.7100  
U6008                     BUFX2           fast_vdd1v0       1.7100  
U6009                     BUFX2           fast_vdd1v0       1.7100  
U6010                     BUFX2           fast_vdd1v0       1.7100  
U6011                     BUFX2           fast_vdd1v0       1.7100  
U6012                     BUFX2           fast_vdd1v0       1.7100  
U6013                     BUFX2           fast_vdd1v0       1.7100  
U6014                     BUFX2           fast_vdd1v0       1.7100  
U6015                     BUFX2           fast_vdd1v0       1.7100  
U6016                     BUFX2           fast_vdd1v0       1.7100  
U6017                     BUFX2           fast_vdd1v0       1.7100  
U6018                     BUFX2           fast_vdd1v0       1.7100  
U6019                     BUFX2           fast_vdd1v0       1.7100  
U6020                     BUFX2           fast_vdd1v0       1.7100  
U6021                     BUFX2           fast_vdd1v0       1.7100  
U6022                     BUFX2           fast_vdd1v0       1.7100  
U6023                     BUFX2           fast_vdd1v0       1.7100  
U6024                     BUFX2           fast_vdd1v0       1.7100  
U6025                     BUFX2           fast_vdd1v0       1.7100  
U6026                     BUFX2           fast_vdd1v0       1.7100  
U6027                     BUFX2           fast_vdd1v0       1.7100  
U6028                     BUFX2           fast_vdd1v0       1.7100  
U6029                     BUFX2           fast_vdd1v0       1.7100  
U6030                     BUFX2           fast_vdd1v0       1.7100  
U6031                     BUFX2           fast_vdd1v0       1.7100  
U6032                     BUFX2           fast_vdd1v0       1.7100  
U6033                     BUFX2           fast_vdd1v0       1.7100  
U6034                     BUFX2           fast_vdd1v0       1.7100  
U6035                     BUFX2           fast_vdd1v0       1.7100  
U6036                     BUFX2           fast_vdd1v0       1.7100  
U6037                     BUFX2           fast_vdd1v0       1.7100  
U6038                     BUFX2           fast_vdd1v0       1.7100  
U6039                     BUFX2           fast_vdd1v0       1.7100  
U6040                     BUFX2           fast_vdd1v0       1.7100  
U6041                     BUFX2           fast_vdd1v0       1.7100  
U6042                     BUFX2           fast_vdd1v0       1.7100  
U6043                     BUFX2           fast_vdd1v0       1.7100  
U6044                     BUFX2           fast_vdd1v0       1.7100  
U6045                     BUFX2           fast_vdd1v0       1.7100  
U6046                     BUFX2           fast_vdd1v0       1.7100  
U6047                     BUFX2           fast_vdd1v0       1.7100  
U6048                     BUFX2           fast_vdd1v0       1.7100  
U6049                     BUFX2           fast_vdd1v0       1.7100  
U6050                     BUFX2           fast_vdd1v0       1.7100  
U6051                     BUFX2           fast_vdd1v0       1.7100  
U6052                     BUFX2           fast_vdd1v0       1.7100  
U6053                     BUFX2           fast_vdd1v0       1.7100  
U6054                     BUFX2           fast_vdd1v0       1.7100  
U6055                     BUFX2           fast_vdd1v0       1.7100  
U6056                     BUFX2           fast_vdd1v0       1.7100  
U6057                     BUFX2           fast_vdd1v0       1.7100  
U6058                     BUFX2           fast_vdd1v0       1.7100  
U6059                     BUFX2           fast_vdd1v0       1.7100  
U6060                     BUFX2           fast_vdd1v0       1.7100  
U6061                     BUFX2           fast_vdd1v0       1.7100  
U6062                     BUFX2           fast_vdd1v0       1.7100  
U6063                     BUFX2           fast_vdd1v0       1.7100  
U6064                     BUFX2           fast_vdd1v0       1.7100  
U6065                     BUFX2           fast_vdd1v0       1.7100  
U6066                     BUFX2           fast_vdd1v0       1.7100  
U6067                     BUFX2           fast_vdd1v0       1.7100  
U6068                     BUFX2           fast_vdd1v0       1.7100  
U6069                     BUFX2           fast_vdd1v0       1.7100  
U6070                     BUFX2           fast_vdd1v0       1.7100  
U6071                     BUFX2           fast_vdd1v0       1.7100  
U6072                     BUFX2           fast_vdd1v0       1.7100  
U6073                     BUFX2           fast_vdd1v0       1.7100  
U6074                     BUFX2           fast_vdd1v0       1.7100  
U6075                     BUFX2           fast_vdd1v0       1.7100  
U6076                     BUFX2           fast_vdd1v0       1.7100  
U6077                     BUFX2           fast_vdd1v0       1.7100  
U6078                     BUFX2           fast_vdd1v0       1.7100  
U6079                     BUFX2           fast_vdd1v0       1.7100  
U6080                     INVX1           fast_vdd1v0       0.6840  
U6081                     INVX1           fast_vdd1v0       0.6840  
U6082                     BUFX2           fast_vdd1v0       1.7100  
U6083                     BUFX2           fast_vdd1v0       1.7100  
U6084                     BUFX2           fast_vdd1v0       1.7100  
U6085                     BUFX2           fast_vdd1v0       1.7100  
U6086                     BUFX2           fast_vdd1v0       1.7100  
U6087                     BUFX2           fast_vdd1v0       1.7100  
U6088                     BUFX2           fast_vdd1v0       1.7100  
U6089                     INVX1           fast_vdd1v0       0.6840  
U6090                     NOR2X1          fast_vdd1v0       1.0260  
U6091                     NOR2X1          fast_vdd1v0       1.0260  
U6092                     NOR2X1          fast_vdd1v0       1.0260  
U6093                     NOR2X1          fast_vdd1v0       1.0260  
U6094                     NOR2X1          fast_vdd1v0       1.0260  
U6095                     NOR2X1          fast_vdd1v0       1.0260  
U6096                     INVX1           fast_vdd1v0       0.6840  
U6097                     NOR2X1          fast_vdd1v0       1.0260  
U6098                     INVX1           fast_vdd1v0       0.6840  
U6099                     INVX1           fast_vdd1v0       0.6840  
U6100                     INVX1           fast_vdd1v0       0.6840  
U6101                     NOR2X1          fast_vdd1v0       1.0260  
U6102                     INVX1           fast_vdd1v0       0.6840  
U6103                     INVX1           fast_vdd1v0       0.6840  
U6104                     INVX1           fast_vdd1v0       0.6840  
U6105                     NOR2X1          fast_vdd1v0       1.0260  
U6106                     NOR2X1          fast_vdd1v0       1.0260  
U6107                     INVX1           fast_vdd1v0       0.6840  
U6108                     NOR2X1          fast_vdd1v0       1.0260  
U6109                     NOR2X1          fast_vdd1v0       1.0260  
U6110                     NOR2X1          fast_vdd1v0       1.0260  
U6111                     NOR2X1          fast_vdd1v0       1.0260  
U6112                     NOR2X1          fast_vdd1v0       1.0260  
U6113                     NOR2X1          fast_vdd1v0       1.0260  
U6114                     NOR2X1          fast_vdd1v0       1.0260  
U6115                     NOR2X1          fast_vdd1v0       1.0260  
U6116                     NOR2X1          fast_vdd1v0       1.0260  
U6117                     NOR2X1          fast_vdd1v0       1.0260  
U6118                     NOR2X1          fast_vdd1v0       1.0260  
U6119                     NOR2X1          fast_vdd1v0       1.0260  
U6120                     NOR2X1          fast_vdd1v0       1.0260  
U6121                     NOR2X1          fast_vdd1v0       1.0260  
U6122                     NOR2X1          fast_vdd1v0       1.0260  
U6123                     NOR2X1          fast_vdd1v0       1.0260  
U6124                     NOR2X1          fast_vdd1v0       1.0260  
U6125                     NOR2X1          fast_vdd1v0       1.0260  
U6126                     NOR2X1          fast_vdd1v0       1.0260  
U6127                     NOR2X1          fast_vdd1v0       1.0260  
U6128                     NOR2X1          fast_vdd1v0       1.0260  
U6129                     NOR2X1          fast_vdd1v0       1.0260  
U6130                     NOR2X1          fast_vdd1v0       1.0260  
U6131                     NOR2X1          fast_vdd1v0       1.0260  
U6132                     NOR2X1          fast_vdd1v0       1.0260  
U6133                     NOR2X1          fast_vdd1v0       1.0260  
U6134                     NOR2X1          fast_vdd1v0       1.0260  
U6135                     NOR2X1          fast_vdd1v0       1.0260  
U6136                     NOR2X1          fast_vdd1v0       1.0260  
U6137                     NOR2X1          fast_vdd1v0       1.0260  
U6138                     NOR2X1          fast_vdd1v0       1.0260  
U6139                     NOR2X1          fast_vdd1v0       1.0260  
U6140                     NOR2X1          fast_vdd1v0       1.0260  
U6141                     NOR2X1          fast_vdd1v0       1.0260  
U6142                     NOR2X1          fast_vdd1v0       1.0260  
U6143                     NOR2X1          fast_vdd1v0       1.0260  
U6144                     NOR2X1          fast_vdd1v0       1.0260  
U6145                     NOR2X1          fast_vdd1v0       1.0260  
U6146                     NOR2X1          fast_vdd1v0       1.0260  
U6147                     NOR2X1          fast_vdd1v0       1.0260  
U6148                     NOR2X1          fast_vdd1v0       1.0260  
U6149                     NOR2X1          fast_vdd1v0       1.0260  
U6150                     NOR2X1          fast_vdd1v0       1.0260  
U6151                     NOR2X1          fast_vdd1v0       1.0260  
U6152                     NOR2X1          fast_vdd1v0       1.0260  
U6153                     NOR2X1          fast_vdd1v0       1.0260  
U6154                     NOR2X1          fast_vdd1v0       1.0260  
U6155                     NOR2X1          fast_vdd1v0       1.0260  
U6156                     NOR2X1          fast_vdd1v0       1.0260  
U6157                     NOR2X1          fast_vdd1v0       1.0260  
U6158                     NOR2X1          fast_vdd1v0       1.0260  
U6159                     NOR2X1          fast_vdd1v0       1.0260  
U6160                     NOR2X1          fast_vdd1v0       1.0260  
U6161                     NOR2X1          fast_vdd1v0       1.0260  
U6162                     NOR2X1          fast_vdd1v0       1.0260  
U6163                     NOR2X1          fast_vdd1v0       1.0260  
U6164                     NOR2X1          fast_vdd1v0       1.0260  
U6165                     NOR2X1          fast_vdd1v0       1.0260  
U6166                     NOR2X1          fast_vdd1v0       1.0260  
U6167                     NOR2X1          fast_vdd1v0       1.0260  
U6168                     NOR2X1          fast_vdd1v0       1.0260  
U6169                     NOR2X1          fast_vdd1v0       1.0260  
U6170                     NOR2X1          fast_vdd1v0       1.0260  
U6171                     NOR2X1          fast_vdd1v0       1.0260  
U6172                     NOR2X1          fast_vdd1v0       1.0260  
U6173                     NOR2X1          fast_vdd1v0       1.0260  
U6174                     NOR2X1          fast_vdd1v0       1.0260  
U6175                     NOR2X1          fast_vdd1v0       1.0260  
U6176                     NOR2X1          fast_vdd1v0       1.0260  
U6177                     NOR2X1          fast_vdd1v0       1.0260  
U6178                     NOR2X1          fast_vdd1v0       1.0260  
U6179                     NOR2X1          fast_vdd1v0       1.0260  
U6180                     NOR2X1          fast_vdd1v0       1.0260  
U6181                     NOR2X1          fast_vdd1v0       1.0260  
U6182                     NOR2X1          fast_vdd1v0       1.0260  
U6183                     NOR2X1          fast_vdd1v0       1.0260  
U6184                     NOR2X1          fast_vdd1v0       1.0260  
U6185                     NOR2X1          fast_vdd1v0       1.0260  
U6186                     NOR2X1          fast_vdd1v0       1.0260  
U6187                     NOR2X1          fast_vdd1v0       1.0260  
U6188                     NOR2X1          fast_vdd1v0       1.0260  
U6189                     NOR2X1          fast_vdd1v0       1.0260  
U6190                     NOR2X1          fast_vdd1v0       1.0260  
U6191                     NOR2X1          fast_vdd1v0       1.0260  
U6192                     NOR2X1          fast_vdd1v0       1.0260  
U6193                     NOR2X1          fast_vdd1v0       1.0260  
U6194                     NOR2X1          fast_vdd1v0       1.0260  
U6195                     NOR2X1          fast_vdd1v0       1.0260  
U6196                     NOR2X1          fast_vdd1v0       1.0260  
U6197                     NOR2X1          fast_vdd1v0       1.0260  
U6198                     NOR2X1          fast_vdd1v0       1.0260  
U6199                     NOR2X1          fast_vdd1v0       1.0260  
U6200                     NOR2X1          fast_vdd1v0       1.0260  
U6201                     NOR2X1          fast_vdd1v0       1.0260  
U6202                     NOR2X1          fast_vdd1v0       1.0260  
U6203                     NOR2X1          fast_vdd1v0       1.0260  
U6204                     NOR2X1          fast_vdd1v0       1.0260  
U6205                     NOR2X1          fast_vdd1v0       1.0260  
U6206                     NOR2X1          fast_vdd1v0       1.0260  
U6207                     NOR2X1          fast_vdd1v0       1.0260  
U6208                     NOR2X1          fast_vdd1v0       1.0260  
U6209                     NOR2X1          fast_vdd1v0       1.0260  
U6210                     NOR2X1          fast_vdd1v0       1.0260  
U6211                     NOR2X1          fast_vdd1v0       1.0260  
U6212                     NOR2X1          fast_vdd1v0       1.0260  
U6213                     NOR2X1          fast_vdd1v0       1.0260  
U6214                     NOR2X1          fast_vdd1v0       1.0260  
U6215                     NOR2X1          fast_vdd1v0       1.0260  
U6216                     NOR2X1          fast_vdd1v0       1.0260  
U6217                     NOR2X1          fast_vdd1v0       1.0260  
U6218                     NOR2X1          fast_vdd1v0       1.0260  
U6219                     NOR2X1          fast_vdd1v0       1.0260  
U6220                     NOR2X1          fast_vdd1v0       1.0260  
U6221                     NOR2X1          fast_vdd1v0       1.0260  
U6222                     NOR2X1          fast_vdd1v0       1.0260  
U6223                     NOR2X1          fast_vdd1v0       1.0260  
U6224                     NOR2X1          fast_vdd1v0       1.0260  
U6225                     NOR2X1          fast_vdd1v0       1.0260  
U6226                     NOR2X1          fast_vdd1v0       1.0260  
U6227                     NOR2X1          fast_vdd1v0       1.0260  
U6228                     NOR2X1          fast_vdd1v0       1.0260  
U6229                     NOR2X1          fast_vdd1v0       1.0260  
U6230                     NOR2X1          fast_vdd1v0       1.0260  
U6231                     NOR2X1          fast_vdd1v0       1.0260  
U6232                     NOR2X1          fast_vdd1v0       1.0260  
U6233                     NOR2X1          fast_vdd1v0       1.0260  
U6234                     NOR2X1          fast_vdd1v0       1.0260  
U6235                     NOR2X1          fast_vdd1v0       1.0260  
U6236                     NOR2X1          fast_vdd1v0       1.0260  
U6237                     NOR2X1          fast_vdd1v0       1.0260  
U6238                     NOR2X1          fast_vdd1v0       1.0260  
U6239                     NOR2X1          fast_vdd1v0       1.0260  
U6240                     NOR2X1          fast_vdd1v0       1.0260  
U6241                     NOR2X1          fast_vdd1v0       1.0260  
U6242                     NOR2X1          fast_vdd1v0       1.0260  
U6243                     NOR2X1          fast_vdd1v0       1.0260  
U6244                     NOR2X1          fast_vdd1v0       1.0260  
U6245                     NOR2X1          fast_vdd1v0       1.0260  
U6246                     NOR2X1          fast_vdd1v0       1.0260  
U6247                     NOR2X1          fast_vdd1v0       1.0260  
U6248                     NOR2X1          fast_vdd1v0       1.0260  
U6249                     NOR2X1          fast_vdd1v0       1.0260  
U6250                     NOR2X1          fast_vdd1v0       1.0260  
U6251                     NOR2X1          fast_vdd1v0       1.0260  
U6252                     NOR2X1          fast_vdd1v0       1.0260  
U6253                     NOR2X1          fast_vdd1v0       1.0260  
U6254                     NOR2X1          fast_vdd1v0       1.0260  
U6255                     NOR2X1          fast_vdd1v0       1.0260  
U6256                     NOR2X1          fast_vdd1v0       1.0260  
U6257                     NOR2X1          fast_vdd1v0       1.0260  
U6258                     NOR2X1          fast_vdd1v0       1.0260  
U6259                     NOR2X1          fast_vdd1v0       1.0260  
U6260                     NOR2X1          fast_vdd1v0       1.0260  
U6261                     NOR2X1          fast_vdd1v0       1.0260  
U6262                     NOR2X1          fast_vdd1v0       1.0260  
U6263                     NOR2X1          fast_vdd1v0       1.0260  
U6264                     NOR2X1          fast_vdd1v0       1.0260  
U6265                     NOR2X1          fast_vdd1v0       1.0260  
U6266                     NOR2X1          fast_vdd1v0       1.0260  
U6267                     NOR2X1          fast_vdd1v0       1.0260  
U6268                     NOR2X1          fast_vdd1v0       1.0260  
U6269                     NOR2X1          fast_vdd1v0       1.0260  
U6270                     NOR2X1          fast_vdd1v0       1.0260  
U6271                     NOR2X1          fast_vdd1v0       1.0260  
U6272                     NOR2X1          fast_vdd1v0       1.0260  
U6273                     NOR2X1          fast_vdd1v0       1.0260  
U6274                     NOR2X1          fast_vdd1v0       1.0260  
U6275                     NOR2X1          fast_vdd1v0       1.0260  
U6276                     NOR2X1          fast_vdd1v0       1.0260  
U6277                     NOR2X1          fast_vdd1v0       1.0260  
U6278                     NOR2X1          fast_vdd1v0       1.0260  
U6279                     NOR2X1          fast_vdd1v0       1.0260  
U6280                     NOR2X1          fast_vdd1v0       1.0260  
U6281                     NOR2X1          fast_vdd1v0       1.0260  
U6282                     NOR2X1          fast_vdd1v0       1.0260  
U6283                     NOR2X1          fast_vdd1v0       1.0260  
U6284                     NOR2X1          fast_vdd1v0       1.0260  
U6285                     NOR2X1          fast_vdd1v0       1.0260  
U6286                     NOR2X1          fast_vdd1v0       1.0260  
U6287                     NOR2X1          fast_vdd1v0       1.0260  
U6288                     NOR2X1          fast_vdd1v0       1.0260  
U6289                     NOR2X1          fast_vdd1v0       1.0260  
U6290                     NOR2X1          fast_vdd1v0       1.0260  
U6291                     NOR2X1          fast_vdd1v0       1.0260  
U6292                     NOR2X1          fast_vdd1v0       1.0260  
U6293                     NOR2X1          fast_vdd1v0       1.0260  
U6294                     NOR2X1          fast_vdd1v0       1.0260  
U6295                     NOR2X1          fast_vdd1v0       1.0260  
U6296                     NOR2X1          fast_vdd1v0       1.0260  
U6297                     NOR2X1          fast_vdd1v0       1.0260  
U6298                     NOR2X1          fast_vdd1v0       1.0260  
U6299                     NOR2X1          fast_vdd1v0       1.0260  
U6300                     NOR2X1          fast_vdd1v0       1.0260  
U6301                     NOR2X1          fast_vdd1v0       1.0260  
U6302                     NOR2X1          fast_vdd1v0       1.0260  
U6303                     NOR2X1          fast_vdd1v0       1.0260  
U6304                     NOR2X1          fast_vdd1v0       1.0260  
U6305                     NOR2X1          fast_vdd1v0       1.0260  
U6306                     NOR2X1          fast_vdd1v0       1.0260  
U6307                     NOR2X1          fast_vdd1v0       1.0260  
U6308                     NOR2X1          fast_vdd1v0       1.0260  
U6309                     NOR2X1          fast_vdd1v0       1.0260  
U6310                     NOR2X1          fast_vdd1v0       1.0260  
U6311                     NOR2X1          fast_vdd1v0       1.0260  
U6312                     NOR2X1          fast_vdd1v0       1.0260  
U6313                     NOR2X1          fast_vdd1v0       1.0260  
U6314                     NOR2X1          fast_vdd1v0       1.0260  
U6315                     NOR2X1          fast_vdd1v0       1.0260  
U6316                     NOR2X1          fast_vdd1v0       1.0260  
U6317                     NOR2X1          fast_vdd1v0       1.0260  
U6318                     NOR2X1          fast_vdd1v0       1.0260  
U6319                     NOR2X1          fast_vdd1v0       1.0260  
U6320                     NOR2X1          fast_vdd1v0       1.0260  
U6321                     NOR2X1          fast_vdd1v0       1.0260  
U6322                     NOR2X1          fast_vdd1v0       1.0260  
U6323                     NOR2X1          fast_vdd1v0       1.0260  
U6324                     NOR2X1          fast_vdd1v0       1.0260  
U6325                     NOR2X1          fast_vdd1v0       1.0260  
U6326                     NOR2X1          fast_vdd1v0       1.0260  
U6327                     NOR2X1          fast_vdd1v0       1.0260  
U6328                     NOR2X1          fast_vdd1v0       1.0260  
U6329                     NOR2X1          fast_vdd1v0       1.0260  
U6330                     NOR2X1          fast_vdd1v0       1.0260  
U6331                     NOR2X1          fast_vdd1v0       1.0260  
U6332                     NOR2X1          fast_vdd1v0       1.0260  
U6333                     NOR2X1          fast_vdd1v0       1.0260  
U6334                     NOR2X1          fast_vdd1v0       1.0260  
U6335                     NOR2X1          fast_vdd1v0       1.0260  
U6336                     NOR2X1          fast_vdd1v0       1.0260  
U6337                     NOR2X1          fast_vdd1v0       1.0260  
U6338                     NOR2X1          fast_vdd1v0       1.0260  
U6339                     NOR2X1          fast_vdd1v0       1.0260  
U6340                     NOR2X1          fast_vdd1v0       1.0260  
U6341                     NOR2X1          fast_vdd1v0       1.0260  
U6342                     NOR2X1          fast_vdd1v0       1.0260  
U6343                     NOR2X1          fast_vdd1v0       1.0260  
U6344                     NOR2X1          fast_vdd1v0       1.0260  
U6345                     NOR2X1          fast_vdd1v0       1.0260  
U6346                     NOR2X1          fast_vdd1v0       1.0260  
U6347                     NOR2X1          fast_vdd1v0       1.0260  
U6348                     NOR2X1          fast_vdd1v0       1.0260  
U6349                     NOR2X1          fast_vdd1v0       1.0260  
U6350                     NOR2X1          fast_vdd1v0       1.0260  
U6351                     NOR2X1          fast_vdd1v0       1.0260  
U6352                     NOR2X1          fast_vdd1v0       1.0260  
U6353                     NOR2X1          fast_vdd1v0       1.0260  
U6354                     NOR2X1          fast_vdd1v0       1.0260  
U6355                     NOR2X1          fast_vdd1v0       1.0260  
U6356                     NOR2X1          fast_vdd1v0       1.0260  
U6357                     NOR2X1          fast_vdd1v0       1.0260  
U6358                     NOR2X1          fast_vdd1v0       1.0260  
U6359                     NOR2X1          fast_vdd1v0       1.0260  
U6360                     NOR2X1          fast_vdd1v0       1.0260  
U6361                     NOR2X1          fast_vdd1v0       1.0260  
U6362                     NOR2X1          fast_vdd1v0       1.0260  
U6363                     NOR2X1          fast_vdd1v0       1.0260  
U6364                     NOR2X1          fast_vdd1v0       1.0260  
U6365                     NOR2X1          fast_vdd1v0       1.0260  
U6366                     NOR2X1          fast_vdd1v0       1.0260  
U6367                     NOR2X1          fast_vdd1v0       1.0260  
U6368                     NOR2X1          fast_vdd1v0       1.0260  
U6369                     NOR2X1          fast_vdd1v0       1.0260  
U6370                     NOR2X1          fast_vdd1v0       1.0260  
U6371                     NOR2X1          fast_vdd1v0       1.0260  
U6372                     NOR2X1          fast_vdd1v0       1.0260  
U6373                     NOR2X1          fast_vdd1v0       1.0260  
U6374                     NOR2X1          fast_vdd1v0       1.0260  
U6375                     NOR2X1          fast_vdd1v0       1.0260  
U6376                     NOR2X1          fast_vdd1v0       1.0260  
U6377                     NOR2X1          fast_vdd1v0       1.0260  
U6378                     NOR2X1          fast_vdd1v0       1.0260  
U6379                     NOR2X1          fast_vdd1v0       1.0260  
U6380                     NOR2X1          fast_vdd1v0       1.0260  
U6381                     NOR2X1          fast_vdd1v0       1.0260  
U6382                     NOR2X1          fast_vdd1v0       1.0260  
U6383                     NOR2X1          fast_vdd1v0       1.0260  
U6384                     NOR2X1          fast_vdd1v0       1.0260  
U6385                     NOR2X1          fast_vdd1v0       1.0260  
U6386                     NOR2X1          fast_vdd1v0       1.0260  
U6387                     NOR2X1          fast_vdd1v0       1.0260  
U6388                     NOR2X1          fast_vdd1v0       1.0260  
U6389                     NOR2X1          fast_vdd1v0       1.0260  
U6390                     NOR2X1          fast_vdd1v0       1.0260  
U6391                     INVX1           fast_vdd1v0       0.6840  
U6392                     NOR2X1          fast_vdd1v0       1.0260  
U6393                     NOR2X1          fast_vdd1v0       1.0260  
U6394                     NOR2X1          fast_vdd1v0       1.0260  
U6395                     NOR2X1          fast_vdd1v0       1.0260  
U6396                     NOR2X1          fast_vdd1v0       1.0260  
U6397                     NOR2X1          fast_vdd1v0       1.0260  
U6398                     NOR2X1          fast_vdd1v0       1.0260  
U6399                     NOR2X1          fast_vdd1v0       1.0260  
U6400                     NOR2X1          fast_vdd1v0       1.0260  
U6401                     NOR2X1          fast_vdd1v0       1.0260  
U6402                     NOR2X1          fast_vdd1v0       1.0260  
U6403                     NOR2X1          fast_vdd1v0       1.0260  
U6404                     NOR2X1          fast_vdd1v0       1.0260  
U6405                     NOR2X1          fast_vdd1v0       1.0260  
U6406                     NOR2X1          fast_vdd1v0       1.0260  
U6407                     NOR2X1          fast_vdd1v0       1.0260  
U6408                     NOR2X1          fast_vdd1v0       1.0260  
U6409                     NOR2X1          fast_vdd1v0       1.0260  
U6410                     NOR2X1          fast_vdd1v0       1.0260  
U6411                     NOR2X1          fast_vdd1v0       1.0260  
U6412                     NOR2X1          fast_vdd1v0       1.0260  
U6413                     NOR2X1          fast_vdd1v0       1.0260  
U6414                     NOR2X1          fast_vdd1v0       1.0260  
U6415                     NOR2X1          fast_vdd1v0       1.0260  
U6416                     NOR2X1          fast_vdd1v0       1.0260  
U6417                     NOR2X1          fast_vdd1v0       1.0260  
U6418                     NOR2X1          fast_vdd1v0       1.0260  
U6419                     NOR2X1          fast_vdd1v0       1.0260  
U6420                     NOR2X1          fast_vdd1v0       1.0260  
U6421                     NOR2X1          fast_vdd1v0       1.0260  
U6422                     NOR2X1          fast_vdd1v0       1.0260  
U6423                     NOR2X1          fast_vdd1v0       1.0260  
U6424                     NOR2X1          fast_vdd1v0       1.0260  
U6425                     NOR2X1          fast_vdd1v0       1.0260  
U6426                     NOR2X1          fast_vdd1v0       1.0260  
U6427                     NOR2X1          fast_vdd1v0       1.0260  
U6428                     NOR2X1          fast_vdd1v0       1.0260  
U6429                     NOR2X1          fast_vdd1v0       1.0260  
U6430                     NOR2X1          fast_vdd1v0       1.0260  
U6431                     NOR2X1          fast_vdd1v0       1.0260  
U6432                     NOR2X1          fast_vdd1v0       1.0260  
U6433                     NOR2X1          fast_vdd1v0       1.0260  
U6434                     NOR2X1          fast_vdd1v0       1.0260  
U6435                     NOR2X1          fast_vdd1v0       1.0260  
U6436                     NOR2X1          fast_vdd1v0       1.0260  
U6437                     NOR2X1          fast_vdd1v0       1.0260  
U6438                     NOR2X1          fast_vdd1v0       1.0260  
U6439                     NOR2X1          fast_vdd1v0       1.0260  
U6440                     NOR2X1          fast_vdd1v0       1.0260  
U6441                     NOR2X1          fast_vdd1v0       1.0260  
U6442                     NOR2X1          fast_vdd1v0       1.0260  
U6443                     NOR2X1          fast_vdd1v0       1.0260  
U6444                     NOR2X1          fast_vdd1v0       1.0260  
U6445                     NOR2X1          fast_vdd1v0       1.0260  
U6446                     NOR2X1          fast_vdd1v0       1.0260  
U6447                     NOR2X1          fast_vdd1v0       1.0260  
U6448                     NOR2X1          fast_vdd1v0       1.0260  
U6449                     NOR2X1          fast_vdd1v0       1.0260  
U6450                     NOR2X1          fast_vdd1v0       1.0260  
U6451                     NOR2X1          fast_vdd1v0       1.0260  
U6452                     NOR2X1          fast_vdd1v0       1.0260  
U6453                     NOR2X1          fast_vdd1v0       1.0260  
U6454                     NOR2X1          fast_vdd1v0       1.0260  
U6455                     NOR2X1          fast_vdd1v0       1.0260  
U6456                     NOR2X1          fast_vdd1v0       1.0260  
U6457                     NOR2X1          fast_vdd1v0       1.0260  
U6458                     NOR2X1          fast_vdd1v0       1.0260  
U6459                     NOR2X1          fast_vdd1v0       1.0260  
U6460                     NOR2X1          fast_vdd1v0       1.0260  
U6461                     NOR2X1          fast_vdd1v0       1.0260  
U6462                     NOR2X1          fast_vdd1v0       1.0260  
U6463                     NOR2X1          fast_vdd1v0       1.0260  
U6464                     NOR2X1          fast_vdd1v0       1.0260  
U6465                     NOR2X1          fast_vdd1v0       1.0260  
U6466                     NOR2X1          fast_vdd1v0       1.0260  
U6467                     NOR2X1          fast_vdd1v0       1.0260  
U6468                     NOR2X1          fast_vdd1v0       1.0260  
U6469                     NOR2X1          fast_vdd1v0       1.0260  
U6470                     NOR2X1          fast_vdd1v0       1.0260  
U6471                     NOR2X1          fast_vdd1v0       1.0260  
U6472                     NOR2X1          fast_vdd1v0       1.0260  
U6473                     NOR2X1          fast_vdd1v0       1.0260  
U6474                     NOR2X1          fast_vdd1v0       1.0260  
U6475                     NOR2X1          fast_vdd1v0       1.0260  
U6476                     NOR2X1          fast_vdd1v0       1.0260  
U6477                     NOR2X1          fast_vdd1v0       1.0260  
U6478                     NOR2X1          fast_vdd1v0       1.0260  
U6479                     NOR2X1          fast_vdd1v0       1.0260  
U6480                     NOR2X1          fast_vdd1v0       1.0260  
U6481                     NOR2X1          fast_vdd1v0       1.0260  
U6482                     NOR2X1          fast_vdd1v0       1.0260  
U6483                     NOR2X1          fast_vdd1v0       1.0260  
U6484                     NOR2X1          fast_vdd1v0       1.0260  
U6485                     NOR2X1          fast_vdd1v0       1.0260  
U6486                     NOR2X1          fast_vdd1v0       1.0260  
U6487                     NOR2X1          fast_vdd1v0       1.0260  
U6488                     NOR2X1          fast_vdd1v0       1.0260  
U6489                     NOR2X1          fast_vdd1v0       1.0260  
U6490                     NOR2X1          fast_vdd1v0       1.0260  
U6491                     NOR2X1          fast_vdd1v0       1.0260  
U6492                     NOR2X1          fast_vdd1v0       1.0260  
U6493                     NOR2X1          fast_vdd1v0       1.0260  
U6494                     NOR2X1          fast_vdd1v0       1.0260  
U6495                     NOR2X1          fast_vdd1v0       1.0260  
U6496                     NOR2X1          fast_vdd1v0       1.0260  
U6497                     NOR2X1          fast_vdd1v0       1.0260  
U6498                     NOR2X1          fast_vdd1v0       1.0260  
U6499                     NOR2X1          fast_vdd1v0       1.0260  
U6500                     NOR2X1          fast_vdd1v0       1.0260  
U6501                     NOR2X1          fast_vdd1v0       1.0260  
U6502                     NOR2X1          fast_vdd1v0       1.0260  
U6503                     NOR2X1          fast_vdd1v0       1.0260  
U6504                     NOR2X1          fast_vdd1v0       1.0260  
U6505                     NOR2X1          fast_vdd1v0       1.0260  
U6506                     NOR2X1          fast_vdd1v0       1.0260  
U6507                     NOR2X1          fast_vdd1v0       1.0260  
U6508                     NOR2X1          fast_vdd1v0       1.0260  
U6509                     NOR2X1          fast_vdd1v0       1.0260  
U6510                     NOR2X1          fast_vdd1v0       1.0260  
U6511                     NOR2X1          fast_vdd1v0       1.0260  
U6512                     NOR2X1          fast_vdd1v0       1.0260  
U6513                     NOR2X1          fast_vdd1v0       1.0260  
U6514                     NOR2X1          fast_vdd1v0       1.0260  
U6515                     NOR2X1          fast_vdd1v0       1.0260  
U6516                     NOR2X1          fast_vdd1v0       1.0260  
U6517                     NOR2X1          fast_vdd1v0       1.0260  
U6518                     NOR2X1          fast_vdd1v0       1.0260  
U6519                     NOR2X1          fast_vdd1v0       1.0260  
U6520                     NOR2X1          fast_vdd1v0       1.0260  
U6521                     NOR2X1          fast_vdd1v0       1.0260  
U6522                     NOR2X1          fast_vdd1v0       1.0260  
U6523                     NOR2X1          fast_vdd1v0       1.0260  
U6524                     NOR2X1          fast_vdd1v0       1.0260  
U6525                     NOR2X1          fast_vdd1v0       1.0260  
U6526                     NOR2X1          fast_vdd1v0       1.0260  
U6527                     NOR2X1          fast_vdd1v0       1.0260  
U6528                     NOR2X1          fast_vdd1v0       1.0260  
U6529                     NOR2X1          fast_vdd1v0       1.0260  
U6530                     NOR2X1          fast_vdd1v0       1.0260  
U6531                     NOR2X1          fast_vdd1v0       1.0260  
U6532                     NOR2X1          fast_vdd1v0       1.0260  
U6533                     NOR2X1          fast_vdd1v0       1.0260  
U6534                     NOR2X1          fast_vdd1v0       1.0260  
U6535                     NOR2X1          fast_vdd1v0       1.0260  
U6536                     NOR2X1          fast_vdd1v0       1.0260  
U6537                     NOR2X1          fast_vdd1v0       1.0260  
U6538                     NOR2X1          fast_vdd1v0       1.0260  
U6539                     NOR2X1          fast_vdd1v0       1.0260  
U6540                     NOR2X1          fast_vdd1v0       1.0260  
U6541                     NOR2X1          fast_vdd1v0       1.0260  
U6542                     NOR2X1          fast_vdd1v0       1.0260  
U6543                     NOR2X1          fast_vdd1v0       1.0260  
U6544                     NOR2X1          fast_vdd1v0       1.0260  
U6545                     NOR2X1          fast_vdd1v0       1.0260  
U6546                     NOR2X1          fast_vdd1v0       1.0260  
U6547                     NOR2X1          fast_vdd1v0       1.0260  
U6548                     NOR2X1          fast_vdd1v0       1.0260  
U6549                     NOR2X1          fast_vdd1v0       1.0260  
U6550                     NOR2X1          fast_vdd1v0       1.0260  
U6551                     NOR2X1          fast_vdd1v0       1.0260  
U6552                     NOR2X1          fast_vdd1v0       1.0260  
U6553                     NOR2X1          fast_vdd1v0       1.0260  
U6554                     NOR2X1          fast_vdd1v0       1.0260  
U6555                     NOR2X1          fast_vdd1v0       1.0260  
U6556                     NOR2X1          fast_vdd1v0       1.0260  
U6557                     NOR2X1          fast_vdd1v0       1.0260  
U6558                     NOR2X1          fast_vdd1v0       1.0260  
U6559                     NOR2X1          fast_vdd1v0       1.0260  
U6560                     NOR2X1          fast_vdd1v0       1.0260  
U6561                     NOR2X1          fast_vdd1v0       1.0260  
U6562                     NOR2X1          fast_vdd1v0       1.0260  
U6563                     NOR2X1          fast_vdd1v0       1.0260  
U6564                     NOR2X1          fast_vdd1v0       1.0260  
U6565                     NOR2X1          fast_vdd1v0       1.0260  
U6566                     NOR2X1          fast_vdd1v0       1.0260  
U6567                     NOR2X1          fast_vdd1v0       1.0260  
U6568                     NOR2X1          fast_vdd1v0       1.0260  
U6569                     NOR2X1          fast_vdd1v0       1.0260  
U6570                     NOR2X1          fast_vdd1v0       1.0260  
U6571                     NOR2X1          fast_vdd1v0       1.0260  
U6572                     NOR2X1          fast_vdd1v0       1.0260  
U6573                     NOR2X1          fast_vdd1v0       1.0260  
U6574                     NOR2X1          fast_vdd1v0       1.0260  
U6575                     NOR2X1          fast_vdd1v0       1.0260  
U6576                     NOR2X1          fast_vdd1v0       1.0260  
U6577                     NOR2X1          fast_vdd1v0       1.0260  
U6578                     NOR2X1          fast_vdd1v0       1.0260  
U6579                     NOR2X1          fast_vdd1v0       1.0260  
U6580                     NOR2X1          fast_vdd1v0       1.0260  
U6581                     NOR2X1          fast_vdd1v0       1.0260  
U6582                     NOR2X1          fast_vdd1v0       1.0260  
U6583                     NOR2X1          fast_vdd1v0       1.0260  
U6584                     NOR2X1          fast_vdd1v0       1.0260  
U6585                     NOR2X1          fast_vdd1v0       1.0260  
U6586                     NOR2X1          fast_vdd1v0       1.0260  
U6587                     NOR2X1          fast_vdd1v0       1.0260  
U6588                     INVX1           fast_vdd1v0       0.6840  
U6589                     NOR2X1          fast_vdd1v0       1.0260  
U6590                     NOR2X1          fast_vdd1v0       1.0260  
U6591                     NOR2X1          fast_vdd1v0       1.0260  
U6592                     NOR2X1          fast_vdd1v0       1.0260  
U6593                     NOR2X1          fast_vdd1v0       1.0260  
U6594                     NOR2X1          fast_vdd1v0       1.0260  
U6595                     NOR2X1          fast_vdd1v0       1.0260  
U6596                     NOR2X1          fast_vdd1v0       1.0260  
U6597                     NOR2X1          fast_vdd1v0       1.0260  
U6598                     NOR2X1          fast_vdd1v0       1.0260  
U6599                     NOR2X1          fast_vdd1v0       1.0260  
U6600                     NOR2X1          fast_vdd1v0       1.0260  
U6601                     NOR2X1          fast_vdd1v0       1.0260  
U6602                     NOR2X1          fast_vdd1v0       1.0260  
U6603                     NOR2X1          fast_vdd1v0       1.0260  
U6604                     NOR2X1          fast_vdd1v0       1.0260  
U6605                     NOR2X1          fast_vdd1v0       1.0260  
U6606                     NOR2X1          fast_vdd1v0       1.0260  
U6607                     NOR2X1          fast_vdd1v0       1.0260  
U6608                     NOR2X1          fast_vdd1v0       1.0260  
U6609                     NOR2X1          fast_vdd1v0       1.0260  
U6610                     NOR2X1          fast_vdd1v0       1.0260  
U6611                     NOR2X1          fast_vdd1v0       1.0260  
U6612                     NOR2X1          fast_vdd1v0       1.0260  
U6613                     NOR2X1          fast_vdd1v0       1.0260  
U6614                     NOR2X1          fast_vdd1v0       1.0260  
U6615                     NOR2X1          fast_vdd1v0       1.0260  
U6616                     NOR2X1          fast_vdd1v0       1.0260  
U6617                     NOR2X1          fast_vdd1v0       1.0260  
U6618                     NOR2X1          fast_vdd1v0       1.0260  
U6619                     NOR2X1          fast_vdd1v0       1.0260  
U6620                     NOR2X1          fast_vdd1v0       1.0260  
U6621                     NOR2X1          fast_vdd1v0       1.0260  
U6622                     NOR2X1          fast_vdd1v0       1.0260  
U6623                     NOR2X1          fast_vdd1v0       1.0260  
U6624                     NOR2X1          fast_vdd1v0       1.0260  
U6625                     NOR2X1          fast_vdd1v0       1.0260  
U6626                     NOR2X1          fast_vdd1v0       1.0260  
U6627                     NOR2X1          fast_vdd1v0       1.0260  
U6628                     NOR2X1          fast_vdd1v0       1.0260  
U6629                     NOR2X1          fast_vdd1v0       1.0260  
U6630                     NOR2X1          fast_vdd1v0       1.0260  
U6631                     NOR2X1          fast_vdd1v0       1.0260  
U6632                     NOR2X1          fast_vdd1v0       1.0260  
U6633                     NOR2X1          fast_vdd1v0       1.0260  
U6634                     NOR2X1          fast_vdd1v0       1.0260  
U6635                     NOR2X1          fast_vdd1v0       1.0260  
U6636                     NOR2X1          fast_vdd1v0       1.0260  
U6637                     NOR2X1          fast_vdd1v0       1.0260  
U6638                     NOR2X1          fast_vdd1v0       1.0260  
U6639                     NOR2X1          fast_vdd1v0       1.0260  
U6640                     NOR2X1          fast_vdd1v0       1.0260  
U6641                     NOR2X1          fast_vdd1v0       1.0260  
U6642                     NOR2X1          fast_vdd1v0       1.0260  
U6643                     NOR2X1          fast_vdd1v0       1.0260  
U6644                     NOR2X1          fast_vdd1v0       1.0260  
U6645                     NOR2X1          fast_vdd1v0       1.0260  
U6646                     NOR2X1          fast_vdd1v0       1.0260  
U6647                     NOR2X1          fast_vdd1v0       1.0260  
U6648                     NOR2X1          fast_vdd1v0       1.0260  
U6649                     NOR2X1          fast_vdd1v0       1.0260  
U6650                     NOR2X1          fast_vdd1v0       1.0260  
U6651                     NOR2X1          fast_vdd1v0       1.0260  
U6652                     NOR2X1          fast_vdd1v0       1.0260  
U6653                     NOR2X1          fast_vdd1v0       1.0260  
U6654                     NOR2X1          fast_vdd1v0       1.0260  
U6655                     NOR2X1          fast_vdd1v0       1.0260  
U6656                     NOR2X1          fast_vdd1v0       1.0260  
U6657                     NOR2X1          fast_vdd1v0       1.0260  
U6658                     NOR2X1          fast_vdd1v0       1.0260  
U6659                     NOR2X1          fast_vdd1v0       1.0260  
U6660                     NOR2X1          fast_vdd1v0       1.0260  
U6661                     NOR2X1          fast_vdd1v0       1.0260  
U6662                     NOR2X1          fast_vdd1v0       1.0260  
U6663                     NOR2X1          fast_vdd1v0       1.0260  
U6664                     NOR2X1          fast_vdd1v0       1.0260  
U6665                     NOR2X1          fast_vdd1v0       1.0260  
U6666                     NOR2X1          fast_vdd1v0       1.0260  
U6667                     NOR2X1          fast_vdd1v0       1.0260  
U6668                     NOR2X1          fast_vdd1v0       1.0260  
U6669                     NOR2X1          fast_vdd1v0       1.0260  
U6670                     NOR2X1          fast_vdd1v0       1.0260  
U6671                     NOR2X1          fast_vdd1v0       1.0260  
U6672                     NOR2X1          fast_vdd1v0       1.0260  
U6673                     NOR2X1          fast_vdd1v0       1.0260  
U6674                     NOR2X1          fast_vdd1v0       1.0260  
U6675                     NOR2X1          fast_vdd1v0       1.0260  
U6676                     NOR2X1          fast_vdd1v0       1.0260  
U6677                     NOR2X1          fast_vdd1v0       1.0260  
U6678                     NOR2X1          fast_vdd1v0       1.0260  
U6679                     NOR2X1          fast_vdd1v0       1.0260  
U6680                     NOR2X1          fast_vdd1v0       1.0260  
U6681                     NOR2X1          fast_vdd1v0       1.0260  
U6682                     NOR2X1          fast_vdd1v0       1.0260  
U6683                     NOR2X1          fast_vdd1v0       1.0260  
U6684                     NOR2X1          fast_vdd1v0       1.0260  
U6685                     NOR2X1          fast_vdd1v0       1.0260  
U6686                     NOR2X1          fast_vdd1v0       1.0260  
U6687                     NOR2X1          fast_vdd1v0       1.0260  
U6688                     NOR2X1          fast_vdd1v0       1.0260  
U6689                     NOR2X1          fast_vdd1v0       1.0260  
U6690                     NOR2X1          fast_vdd1v0       1.0260  
U6691                     NOR2X1          fast_vdd1v0       1.0260  
U6692                     NOR2X1          fast_vdd1v0       1.0260  
U6693                     NOR2X1          fast_vdd1v0       1.0260  
U6694                     NOR2X1          fast_vdd1v0       1.0260  
U6695                     NOR2X1          fast_vdd1v0       1.0260  
U6696                     NOR2X1          fast_vdd1v0       1.0260  
U6697                     NOR2X1          fast_vdd1v0       1.0260  
U6698                     NOR2X1          fast_vdd1v0       1.0260  
U6699                     NOR2X1          fast_vdd1v0       1.0260  
U6700                     NOR2X1          fast_vdd1v0       1.0260  
U6701                     NOR2X1          fast_vdd1v0       1.0260  
U6702                     NOR2X1          fast_vdd1v0       1.0260  
U6703                     NOR2X1          fast_vdd1v0       1.0260  
U6704                     NOR2X1          fast_vdd1v0       1.0260  
U6705                     NOR2X1          fast_vdd1v0       1.0260  
U6706                     NOR2X1          fast_vdd1v0       1.0260  
U6707                     NOR2X1          fast_vdd1v0       1.0260  
U6708                     NOR2X1          fast_vdd1v0       1.0260  
U6709                     NOR2X1          fast_vdd1v0       1.0260  
U6710                     NOR2X1          fast_vdd1v0       1.0260  
U6711                     NOR2X1          fast_vdd1v0       1.0260  
U6712                     NOR2X1          fast_vdd1v0       1.0260  
U6713                     NOR2X1          fast_vdd1v0       1.0260  
U6714                     NOR2X1          fast_vdd1v0       1.0260  
U6715                     NOR2X1          fast_vdd1v0       1.0260  
U6716                     NOR2X1          fast_vdd1v0       1.0260  
U6717                     INVX1           fast_vdd1v0       0.6840  
U6718                     INVX1           fast_vdd1v0       0.6840  
U6719                     INVX1           fast_vdd1v0       0.6840  
U6720                     INVX1           fast_vdd1v0       0.6840  
U6721                     NOR2X1          fast_vdd1v0       1.0260  
U6722                     NOR2X1          fast_vdd1v0       1.0260  
U6723                     NOR2X1          fast_vdd1v0       1.0260  
U6724                     NOR2X1          fast_vdd1v0       1.0260  
U6725                     NOR2X1          fast_vdd1v0       1.0260  
U6726                     NOR2X1          fast_vdd1v0       1.0260  
U6727                     NOR2X1          fast_vdd1v0       1.0260  
U6728                     NOR2X1          fast_vdd1v0       1.0260  
U6729                     NOR2X1          fast_vdd1v0       1.0260  
U6730                     NOR2X1          fast_vdd1v0       1.0260  
U6731                     NOR2X1          fast_vdd1v0       1.0260  
U6732                     NOR2X1          fast_vdd1v0       1.0260  
U6733                     NOR2X1          fast_vdd1v0       1.0260  
U6734                     NOR2X1          fast_vdd1v0       1.0260  
U6735                     NOR2X1          fast_vdd1v0       1.0260  
U6736                     NOR2X1          fast_vdd1v0       1.0260  
U6737                     NOR2X1          fast_vdd1v0       1.0260  
U6738                     NOR2X1          fast_vdd1v0       1.0260  
U6739                     NOR2X1          fast_vdd1v0       1.0260  
U6740                     NOR2X1          fast_vdd1v0       1.0260  
U6741                     NOR2X1          fast_vdd1v0       1.0260  
U6742                     NOR2X1          fast_vdd1v0       1.0260  
U6743                     NOR2X1          fast_vdd1v0       1.0260  
U6744                     NOR2X1          fast_vdd1v0       1.0260  
U6745                     NOR2X1          fast_vdd1v0       1.0260  
U6746                     NOR2X1          fast_vdd1v0       1.0260  
U6747                     NOR2X1          fast_vdd1v0       1.0260  
U6748                     NOR2X1          fast_vdd1v0       1.0260  
U6749                     NOR2X1          fast_vdd1v0       1.0260  
U6750                     NOR2X1          fast_vdd1v0       1.0260  
U6751                     NOR2X1          fast_vdd1v0       1.0260  
U6752                     NOR2X1          fast_vdd1v0       1.0260  
U6753                     NOR2X1          fast_vdd1v0       1.0260  
U6754                     NOR2X1          fast_vdd1v0       1.0260  
U6755                     NOR2X1          fast_vdd1v0       1.0260  
U6756                     NOR2X1          fast_vdd1v0       1.0260  
U6757                     NOR2X1          fast_vdd1v0       1.0260  
U6758                     NOR2X1          fast_vdd1v0       1.0260  
U6759                     NOR2X1          fast_vdd1v0       1.0260  
U6760                     NOR2X1          fast_vdd1v0       1.0260  
U6761                     NOR2X1          fast_vdd1v0       1.0260  
U6762                     NOR2X1          fast_vdd1v0       1.0260  
U6763                     NOR2X1          fast_vdd1v0       1.0260  
U6764                     NOR2X1          fast_vdd1v0       1.0260  
U6765                     NOR2X1          fast_vdd1v0       1.0260  
U6766                     NOR2X1          fast_vdd1v0       1.0260  
U6767                     NOR2X1          fast_vdd1v0       1.0260  
U6768                     NOR2X1          fast_vdd1v0       1.0260  
U6769                     NOR2X1          fast_vdd1v0       1.0260  
U6770                     NOR2X1          fast_vdd1v0       1.0260  
U6771                     NOR2X1          fast_vdd1v0       1.0260  
U6772                     NOR2X1          fast_vdd1v0       1.0260  
U6773                     NOR2X1          fast_vdd1v0       1.0260  
U6774                     NOR2X1          fast_vdd1v0       1.0260  
U6775                     NOR2X1          fast_vdd1v0       1.0260  
U6776                     NOR2X1          fast_vdd1v0       1.0260  
U6777                     NOR2X1          fast_vdd1v0       1.0260  
U6778                     NOR2X1          fast_vdd1v0       1.0260  
U6779                     NOR2X1          fast_vdd1v0       1.0260  
U6780                     NOR2X1          fast_vdd1v0       1.0260  
U6781                     NOR2X1          fast_vdd1v0       1.0260  
U6782                     NOR2X1          fast_vdd1v0       1.0260  
U6783                     NOR2X1          fast_vdd1v0       1.0260  
U6784                     NOR2X1          fast_vdd1v0       1.0260  
U6785                     NOR2X1          fast_vdd1v0       1.0260  
U6786                     NOR2X1          fast_vdd1v0       1.0260  
U6787                     NOR2X1          fast_vdd1v0       1.0260  
U6788                     NOR2X1          fast_vdd1v0       1.0260  
U6789                     NOR2X1          fast_vdd1v0       1.0260  
U6790                     NOR2X1          fast_vdd1v0       1.0260  
U6791                     NOR2X1          fast_vdd1v0       1.0260  
U6792                     NOR2X1          fast_vdd1v0       1.0260  
U6793                     NOR2X1          fast_vdd1v0       1.0260  
U6794                     NOR2X1          fast_vdd1v0       1.0260  
U6795                     NOR2X1          fast_vdd1v0       1.0260  
U6796                     NOR2X1          fast_vdd1v0       1.0260  
U6797                     NOR2X1          fast_vdd1v0       1.0260  
U6798                     NOR2X1          fast_vdd1v0       1.0260  
U6799                     NOR2X1          fast_vdd1v0       1.0260  
U6800                     NOR2X1          fast_vdd1v0       1.0260  
U6801                     NOR2X1          fast_vdd1v0       1.0260  
U6802                     NOR2X1          fast_vdd1v0       1.0260  
U6803                     NOR2X1          fast_vdd1v0       1.0260  
U6804                     NOR2X1          fast_vdd1v0       1.0260  
U6805                     NOR2X1          fast_vdd1v0       1.0260  
U6806                     NOR2X1          fast_vdd1v0       1.0260  
U6807                     NOR2X1          fast_vdd1v0       1.0260  
U6808                     NOR2X1          fast_vdd1v0       1.0260  
U6809                     NOR2X1          fast_vdd1v0       1.0260  
U6810                     NOR2X1          fast_vdd1v0       1.0260  
U6811                     NOR2X1          fast_vdd1v0       1.0260  
U6812                     NOR2X1          fast_vdd1v0       1.0260  
U6813                     NOR2X1          fast_vdd1v0       1.0260  
U6814                     NOR2X1          fast_vdd1v0       1.0260  
U6815                     NOR2X1          fast_vdd1v0       1.0260  
U6816                     NOR2X1          fast_vdd1v0       1.0260  
U6817                     NOR2X1          fast_vdd1v0       1.0260  
U6818                     NOR2X1          fast_vdd1v0       1.0260  
U6819                     NOR2X1          fast_vdd1v0       1.0260  
U6820                     NOR2X1          fast_vdd1v0       1.0260  
U6821                     NOR2X1          fast_vdd1v0       1.0260  
U6822                     NOR2X1          fast_vdd1v0       1.0260  
U6823                     NOR2X1          fast_vdd1v0       1.0260  
U6824                     NOR2X1          fast_vdd1v0       1.0260  
U6825                     NOR2X1          fast_vdd1v0       1.0260  
U6826                     NOR2X1          fast_vdd1v0       1.0260  
U6827                     NOR2X1          fast_vdd1v0       1.0260  
U6828                     NOR2X1          fast_vdd1v0       1.0260  
U6829                     NOR2X1          fast_vdd1v0       1.0260  
U6830                     NOR2X1          fast_vdd1v0       1.0260  
U6831                     NOR2X1          fast_vdd1v0       1.0260  
U6832                     NOR2X1          fast_vdd1v0       1.0260  
U6833                     NOR2X1          fast_vdd1v0       1.0260  
U6834                     NOR2X1          fast_vdd1v0       1.0260  
U6835                     NOR2X1          fast_vdd1v0       1.0260  
U6836                     NOR2X1          fast_vdd1v0       1.0260  
U6837                     NOR2X1          fast_vdd1v0       1.0260  
U6838                     NOR2X1          fast_vdd1v0       1.0260  
U6839                     NOR2X1          fast_vdd1v0       1.0260  
U6840                     NOR2X1          fast_vdd1v0       1.0260  
U6841                     NOR2X1          fast_vdd1v0       1.0260  
U6842                     NOR2X1          fast_vdd1v0       1.0260  
U6843                     NOR2X1          fast_vdd1v0       1.0260  
U6844                     NOR2X1          fast_vdd1v0       1.0260  
U6845                     NOR2X1          fast_vdd1v0       1.0260  
U6846                     NOR2X1          fast_vdd1v0       1.0260  
U6847                     NOR2X1          fast_vdd1v0       1.0260  
U6848                     NOR2X1          fast_vdd1v0       1.0260  
U6849                     NOR2X1          fast_vdd1v0       1.0260  
U6850                     NOR2X1          fast_vdd1v0       1.0260  
U6851                     NOR2X1          fast_vdd1v0       1.0260  
U6852                     NOR2X1          fast_vdd1v0       1.0260  
U6853                     NOR2X1          fast_vdd1v0       1.0260  
U6854                     NOR2X1          fast_vdd1v0       1.0260  
U6855                     NOR2X1          fast_vdd1v0       1.0260  
U6856                     NOR2X1          fast_vdd1v0       1.0260  
U6857                     NOR2X1          fast_vdd1v0       1.0260  
U6858                     NOR2X1          fast_vdd1v0       1.0260  
U6859                     NOR2X1          fast_vdd1v0       1.0260  
U6860                     NOR2X1          fast_vdd1v0       1.0260  
U6861                     NOR2X1          fast_vdd1v0       1.0260  
U6862                     NOR2X1          fast_vdd1v0       1.0260  
U6863                     NOR2X1          fast_vdd1v0       1.0260  
U6864                     NOR2X1          fast_vdd1v0       1.0260  
U6865                     NOR2X1          fast_vdd1v0       1.0260  
U6866                     NOR2X1          fast_vdd1v0       1.0260  
U6867                     NOR2X1          fast_vdd1v0       1.0260  
U6868                     NOR2X1          fast_vdd1v0       1.0260  
U6869                     NOR2X1          fast_vdd1v0       1.0260  
U6870                     NOR2X1          fast_vdd1v0       1.0260  
U6871                     NOR2X1          fast_vdd1v0       1.0260  
U6872                     NOR2X1          fast_vdd1v0       1.0260  
U6873                     NOR2X1          fast_vdd1v0       1.0260  
U6874                     NOR2X1          fast_vdd1v0       1.0260  
U6875                     NOR2X1          fast_vdd1v0       1.0260  
U6876                     NOR2X1          fast_vdd1v0       1.0260  
U6877                     NOR2X1          fast_vdd1v0       1.0260  
U6878                     NOR2X1          fast_vdd1v0       1.0260  
U6879                     NOR2X1          fast_vdd1v0       1.0260  
U6880                     NOR2X1          fast_vdd1v0       1.0260  
U6881                     NOR2X1          fast_vdd1v0       1.0260  
U6882                     NOR2X1          fast_vdd1v0       1.0260  
U6883                     NOR2X1          fast_vdd1v0       1.0260  
U6884                     NOR2X1          fast_vdd1v0       1.0260  
U6885                     NOR2X1          fast_vdd1v0       1.0260  
U6886                     NOR2X1          fast_vdd1v0       1.0260  
U6887                     NOR2X1          fast_vdd1v0       1.0260  
U6888                     NOR2X1          fast_vdd1v0       1.0260  
U6889                     NOR2X1          fast_vdd1v0       1.0260  
U6890                     NOR2X1          fast_vdd1v0       1.0260  
U6891                     NOR2X1          fast_vdd1v0       1.0260  
U6892                     NOR2X1          fast_vdd1v0       1.0260  
U6893                     NOR2X1          fast_vdd1v0       1.0260  
U6894                     NOR2X1          fast_vdd1v0       1.0260  
U6895                     NOR2X1          fast_vdd1v0       1.0260  
U6896                     NOR2X1          fast_vdd1v0       1.0260  
U6897                     NOR2X1          fast_vdd1v0       1.0260  
U6898                     NOR2X1          fast_vdd1v0       1.0260  
U6899                     NOR2X1          fast_vdd1v0       1.0260  
U6900                     NOR2X1          fast_vdd1v0       1.0260  
U6901                     NOR2X1          fast_vdd1v0       1.0260  
U6902                     NOR2X1          fast_vdd1v0       1.0260  
U6903                     NOR2X1          fast_vdd1v0       1.0260  
U6904                     NOR2X1          fast_vdd1v0       1.0260  
U6905                     NOR2X1          fast_vdd1v0       1.0260  
U6906                     NOR2X1          fast_vdd1v0       1.0260  
U6907                     NOR2X1          fast_vdd1v0       1.0260  
U6908                     NOR2X1          fast_vdd1v0       1.0260  
U6909                     NOR2X1          fast_vdd1v0       1.0260  
U6910                     NOR2X1          fast_vdd1v0       1.0260  
U6911                     NOR2X1          fast_vdd1v0       1.0260  
U6912                     NOR2X1          fast_vdd1v0       1.0260  
U6913                     NOR2X1          fast_vdd1v0       1.0260  
U6914                     NOR2X1          fast_vdd1v0       1.0260  
U6915                     NOR2X1          fast_vdd1v0       1.0260  
U6916                     NOR2X1          fast_vdd1v0       1.0260  
U6917                     NOR2X1          fast_vdd1v0       1.0260  
U6918                     NOR2X1          fast_vdd1v0       1.0260  
U6919                     NOR2X1          fast_vdd1v0       1.0260  
U6920                     NOR2X1          fast_vdd1v0       1.0260  
U6921                     NOR2X1          fast_vdd1v0       1.0260  
U6922                     NOR2X1          fast_vdd1v0       1.0260  
U6923                     NOR2X1          fast_vdd1v0       1.0260  
U6924                     NOR2X1          fast_vdd1v0       1.0260  
U6925                     NOR2X1          fast_vdd1v0       1.0260  
U6926                     NOR2X1          fast_vdd1v0       1.0260  
U6927                     NOR2X1          fast_vdd1v0       1.0260  
U6928                     NOR2X1          fast_vdd1v0       1.0260  
U6929                     NOR2X1          fast_vdd1v0       1.0260  
U6930                     NOR2X1          fast_vdd1v0       1.0260  
U6931                     NOR2X1          fast_vdd1v0       1.0260  
U6932                     NOR2X1          fast_vdd1v0       1.0260  
U6933                     NOR2X1          fast_vdd1v0       1.0260  
U6934                     NOR2X1          fast_vdd1v0       1.0260  
U6935                     NOR2X1          fast_vdd1v0       1.0260  
U6936                     NOR2X1          fast_vdd1v0       1.0260  
U6937                     NOR2X1          fast_vdd1v0       1.0260  
U6938                     NOR2X1          fast_vdd1v0       1.0260  
U6939                     NOR2X1          fast_vdd1v0       1.0260  
U6940                     NOR2X1          fast_vdd1v0       1.0260  
U6941                     NOR2X1          fast_vdd1v0       1.0260  
U6942                     NOR2X1          fast_vdd1v0       1.0260  
U6943                     NOR2X1          fast_vdd1v0       1.0260  
U6944                     NOR2X1          fast_vdd1v0       1.0260  
U6945                     NOR2X1          fast_vdd1v0       1.0260  
U6946                     NOR2X1          fast_vdd1v0       1.0260  
U6947                     NOR2X1          fast_vdd1v0       1.0260  
U6948                     NOR2X1          fast_vdd1v0       1.0260  
U6949                     NOR2X1          fast_vdd1v0       1.0260  
U6950                     NOR2X1          fast_vdd1v0       1.0260  
U6951                     NOR2X1          fast_vdd1v0       1.0260  
U6952                     NOR2X1          fast_vdd1v0       1.0260  
U6953                     NOR2X1          fast_vdd1v0       1.0260  
U6954                     NOR2X1          fast_vdd1v0       1.0260  
U6955                     NOR2X1          fast_vdd1v0       1.0260  
U6956                     NOR2X1          fast_vdd1v0       1.0260  
U6957                     NOR2X1          fast_vdd1v0       1.0260  
U6958                     NOR2X1          fast_vdd1v0       1.0260  
U6959                     NOR2X1          fast_vdd1v0       1.0260  
U6960                     NOR2X1          fast_vdd1v0       1.0260  
U6961                     NOR2X1          fast_vdd1v0       1.0260  
U6962                     NOR2X1          fast_vdd1v0       1.0260  
U6963                     NOR2X1          fast_vdd1v0       1.0260  
U6964                     NOR2X1          fast_vdd1v0       1.0260  
U6965                     NOR2X1          fast_vdd1v0       1.0260  
U6966                     NOR2X1          fast_vdd1v0       1.0260  
U6967                     NOR2X1          fast_vdd1v0       1.0260  
U6968                     NOR2X1          fast_vdd1v0       1.0260  
U6969                     NOR2X1          fast_vdd1v0       1.0260  
U6970                     NOR2X1          fast_vdd1v0       1.0260  
U6971                     NOR2X1          fast_vdd1v0       1.0260  
U6972                     NOR2X1          fast_vdd1v0       1.0260  
U6973                     NOR2X1          fast_vdd1v0       1.0260  
U6974                     NOR2X1          fast_vdd1v0       1.0260  
U6975                     NOR2X1          fast_vdd1v0       1.0260  
U6976                     NOR2X1          fast_vdd1v0       1.0260  
U6977                     NOR2X1          fast_vdd1v0       1.0260  
U6978                     NOR2X1          fast_vdd1v0       1.0260  
U6979                     NOR2X1          fast_vdd1v0       1.0260  
U6980                     NOR2X1          fast_vdd1v0       1.0260  
U6981                     NOR2X1          fast_vdd1v0       1.0260  
U6982                     NOR2X1          fast_vdd1v0       1.0260  
U6983                     NOR2X1          fast_vdd1v0       1.0260  
U6984                     NOR2X1          fast_vdd1v0       1.0260  
U6985                     NOR2X1          fast_vdd1v0       1.0260  
U6986                     NOR2X1          fast_vdd1v0       1.0260  
U6987                     NOR2X1          fast_vdd1v0       1.0260  
U6988                     NOR2X1          fast_vdd1v0       1.0260  
U6989                     NOR2X1          fast_vdd1v0       1.0260  
U6990                     NOR2X1          fast_vdd1v0       1.0260  
U6991                     NOR2X1          fast_vdd1v0       1.0260  
U6992                     NOR2X1          fast_vdd1v0       1.0260  
U6993                     NOR2X1          fast_vdd1v0       1.0260  
U6994                     NOR2X1          fast_vdd1v0       1.0260  
U6995                     NOR2X1          fast_vdd1v0       1.0260  
U6996                     NOR2X1          fast_vdd1v0       1.0260  
U6997                     NOR2X1          fast_vdd1v0       1.0260  
U6998                     NOR2X1          fast_vdd1v0       1.0260  
U6999                     NOR2X1          fast_vdd1v0       1.0260  
U7000                     NOR2X1          fast_vdd1v0       1.0260  
U7001                     NOR2X1          fast_vdd1v0       1.0260  
U7002                     NOR2X1          fast_vdd1v0       1.0260  
U7003                     NOR2X1          fast_vdd1v0       1.0260  
U7004                     NOR2X1          fast_vdd1v0       1.0260  
U7005                     NOR2X1          fast_vdd1v0       1.0260  
U7006                     NOR2X1          fast_vdd1v0       1.0260  
U7007                     NOR2X1          fast_vdd1v0       1.0260  
U7008                     NOR2X1          fast_vdd1v0       1.0260  
U7009                     NOR2X1          fast_vdd1v0       1.0260  
U7010                     NOR2X1          fast_vdd1v0       1.0260  
U7011                     NOR2X1          fast_vdd1v0       1.0260  
U7012                     NOR2X1          fast_vdd1v0       1.0260  
U7013                     NOR2X1          fast_vdd1v0       1.0260  
U7014                     NOR2X1          fast_vdd1v0       1.0260  
U7015                     NOR2X1          fast_vdd1v0       1.0260  
U7016                     NOR2X1          fast_vdd1v0       1.0260  
U7017                     NOR2X1          fast_vdd1v0       1.0260  
U7018                     NOR2X1          fast_vdd1v0       1.0260  
U7019                     NOR2X1          fast_vdd1v0       1.0260  
U7020                     NOR2X1          fast_vdd1v0       1.0260  
U7021                     NOR2X1          fast_vdd1v0       1.0260  
U7022                     NOR2X1          fast_vdd1v0       1.0260  
U7023                     NOR2X1          fast_vdd1v0       1.0260  
U7024                     NOR2X1          fast_vdd1v0       1.0260  
U7025                     NOR2X1          fast_vdd1v0       1.0260  
U7026                     NOR2X1          fast_vdd1v0       1.0260  
U7027                     NOR2X1          fast_vdd1v0       1.0260  
U7028                     NOR2X1          fast_vdd1v0       1.0260  
U7029                     NOR2X1          fast_vdd1v0       1.0260  
U7030                     NOR2X1          fast_vdd1v0       1.0260  
U7031                     NOR2X1          fast_vdd1v0       1.0260  
U7032                     NOR2X1          fast_vdd1v0       1.0260  
U7033                     NOR2X1          fast_vdd1v0       1.0260  
U7034                     NOR2X1          fast_vdd1v0       1.0260  
U7035                     NOR2X1          fast_vdd1v0       1.0260  
U7036                     NOR2X1          fast_vdd1v0       1.0260  
U7037                     NOR2X1          fast_vdd1v0       1.0260  
U7038                     NOR2X1          fast_vdd1v0       1.0260  
U7039                     NOR2X1          fast_vdd1v0       1.0260  
U7040                     NOR2X1          fast_vdd1v0       1.0260  
U7041                     NOR2X1          fast_vdd1v0       1.0260  
U7042                     NOR2X1          fast_vdd1v0       1.0260  
U7043                     NOR2X1          fast_vdd1v0       1.0260  
U7044                     NOR2X1          fast_vdd1v0       1.0260  
U7045                     NOR2X1          fast_vdd1v0       1.0260  
U7046                     NOR2X1          fast_vdd1v0       1.0260  
U7047                     NOR2X1          fast_vdd1v0       1.0260  
U7048                     NOR2X1          fast_vdd1v0       1.0260  
U7049                     NOR2X1          fast_vdd1v0       1.0260  
U7050                     NOR2X1          fast_vdd1v0       1.0260  
U7051                     NOR2X1          fast_vdd1v0       1.0260  
U7052                     NOR2X1          fast_vdd1v0       1.0260  
U7053                     NOR2X1          fast_vdd1v0       1.0260  
U7054                     NOR2X1          fast_vdd1v0       1.0260  
U7055                     NOR2X1          fast_vdd1v0       1.0260  
U7056                     NOR2X1          fast_vdd1v0       1.0260  
U7057                     NOR2X1          fast_vdd1v0       1.0260  
U7058                     NOR2X1          fast_vdd1v0       1.0260  
U7059                     NOR2X1          fast_vdd1v0       1.0260  
U7060                     NOR2X1          fast_vdd1v0       1.0260  
U7061                     NOR2X1          fast_vdd1v0       1.0260  
U7062                     NOR2X1          fast_vdd1v0       1.0260  
U7063                     NOR2X1          fast_vdd1v0       1.0260  
U7064                     NOR2X1          fast_vdd1v0       1.0260  
U7065                     NOR2X1          fast_vdd1v0       1.0260  
U7066                     NOR2X1          fast_vdd1v0       1.0260  
U7067                     NOR2X1          fast_vdd1v0       1.0260  
U7068                     NOR2X1          fast_vdd1v0       1.0260  
U7069                     NOR2X1          fast_vdd1v0       1.0260  
U7070                     NOR2X1          fast_vdd1v0       1.0260  
U7071                     NOR2X1          fast_vdd1v0       1.0260  
U7072                     NOR2X1          fast_vdd1v0       1.0260  
U7073                     NOR2X1          fast_vdd1v0       1.0260  
U7074                     NOR2X1          fast_vdd1v0       1.0260  
U7075                     NOR2X1          fast_vdd1v0       1.0260  
U7076                     NOR2X1          fast_vdd1v0       1.0260  
U7077                     NOR2X1          fast_vdd1v0       1.0260  
U7078                     NOR2X1          fast_vdd1v0       1.0260  
U7079                     NOR2X1          fast_vdd1v0       1.0260  
U7080                     NOR2X1          fast_vdd1v0       1.0260  
U7081                     NOR2X1          fast_vdd1v0       1.0260  
U7082                     NOR2X1          fast_vdd1v0       1.0260  
U7083                     NOR2X1          fast_vdd1v0       1.0260  
U7084                     NOR2X1          fast_vdd1v0       1.0260  
U7085                     NOR2X1          fast_vdd1v0       1.0260  
U7086                     NOR2X1          fast_vdd1v0       1.0260  
U7087                     NOR2X1          fast_vdd1v0       1.0260  
U7088                     NOR2X1          fast_vdd1v0       1.0260  
U7089                     NOR2X1          fast_vdd1v0       1.0260  
U7090                     NOR2X1          fast_vdd1v0       1.0260  
U7091                     NOR2X1          fast_vdd1v0       1.0260  
U7092                     NOR2X1          fast_vdd1v0       1.0260  
U7093                     NOR2X1          fast_vdd1v0       1.0260  
U7094                     NOR2X1          fast_vdd1v0       1.0260  
U7095                     NOR2X1          fast_vdd1v0       1.0260  
U7096                     NOR2X1          fast_vdd1v0       1.0260  
U7097                     NOR2X1          fast_vdd1v0       1.0260  
U7098                     NOR2X1          fast_vdd1v0       1.0260  
U7099                     NOR2X1          fast_vdd1v0       1.0260  
U7100                     NOR2X1          fast_vdd1v0       1.0260  
U7101                     NOR2X1          fast_vdd1v0       1.0260  
U7102                     NOR2X1          fast_vdd1v0       1.0260  
U7103                     NOR2X1          fast_vdd1v0       1.0260  
U7104                     NOR2X1          fast_vdd1v0       1.0260  
U7105                     NOR2X1          fast_vdd1v0       1.0260  
U7106                     NOR2X1          fast_vdd1v0       1.0260  
U7107                     NOR2X1          fast_vdd1v0       1.0260  
U7108                     NOR2X1          fast_vdd1v0       1.0260  
U7109                     NOR2X1          fast_vdd1v0       1.0260  
U7110                     NOR2X1          fast_vdd1v0       1.0260  
U7111                     NOR2X1          fast_vdd1v0       1.0260  
U7112                     NOR2X1          fast_vdd1v0       1.0260  
U7113                     NOR2X1          fast_vdd1v0       1.0260  
U7114                     NOR2X1          fast_vdd1v0       1.0260  
U7115                     NOR2X1          fast_vdd1v0       1.0260  
U7116                     NOR2X1          fast_vdd1v0       1.0260  
U7117                     NOR2X1          fast_vdd1v0       1.0260  
U7118                     NOR2X1          fast_vdd1v0       1.0260  
U7119                     NOR2X1          fast_vdd1v0       1.0260  
U7120                     NOR2X1          fast_vdd1v0       1.0260  
U7121                     NOR2X1          fast_vdd1v0       1.0260  
U7122                     NOR2X1          fast_vdd1v0       1.0260  
U7123                     NOR2X1          fast_vdd1v0       1.0260  
U7124                     NOR2X1          fast_vdd1v0       1.0260  
U7125                     NOR2X1          fast_vdd1v0       1.0260  
U7126                     NOR2X1          fast_vdd1v0       1.0260  
U7127                     NOR2X1          fast_vdd1v0       1.0260  
U7128                     NOR2X1          fast_vdd1v0       1.0260  
U7129                     NOR2X1          fast_vdd1v0       1.0260  
U7130                     NOR2X1          fast_vdd1v0       1.0260  
U7131                     NOR2X1          fast_vdd1v0       1.0260  
U7132                     NOR2X1          fast_vdd1v0       1.0260  
U7133                     NOR2X1          fast_vdd1v0       1.0260  
U7134                     NOR2X1          fast_vdd1v0       1.0260  
U7135                     NOR2X1          fast_vdd1v0       1.0260  
U7136                     NOR2X1          fast_vdd1v0       1.0260  
U7137                     NOR2X1          fast_vdd1v0       1.0260  
U7138                     NOR2X1          fast_vdd1v0       1.0260  
U7139                     NOR2X1          fast_vdd1v0       1.0260  
U7140                     NOR2X1          fast_vdd1v0       1.0260  
U7141                     NOR2X1          fast_vdd1v0       1.0260  
U7142                     NOR2X1          fast_vdd1v0       1.0260  
U7143                     NOR2X1          fast_vdd1v0       1.0260  
U7144                     NOR2X1          fast_vdd1v0       1.0260  
U7145                     NOR2X1          fast_vdd1v0       1.0260  
U7146                     NOR2X1          fast_vdd1v0       1.0260  
U7147                     NOR2X1          fast_vdd1v0       1.0260  
U7148                     NOR2X1          fast_vdd1v0       1.0260  
U7149                     NOR2X1          fast_vdd1v0       1.0260  
U7150                     NOR2X1          fast_vdd1v0       1.0260  
U7151                     NOR2X1          fast_vdd1v0       1.0260  
U7152                     NOR2X1          fast_vdd1v0       1.0260  
U7153                     NOR2X1          fast_vdd1v0       1.0260  
U7154                     NOR2X1          fast_vdd1v0       1.0260  
U7155                     NOR2X1          fast_vdd1v0       1.0260  
U7156                     NOR2X1          fast_vdd1v0       1.0260  
U7157                     NOR2X1          fast_vdd1v0       1.0260  
U7158                     NOR2X1          fast_vdd1v0       1.0260  
U7159                     NOR2X1          fast_vdd1v0       1.0260  
U7160                     NOR2X1          fast_vdd1v0       1.0260  
U7161                     NOR2X1          fast_vdd1v0       1.0260  
U7162                     NOR2X1          fast_vdd1v0       1.0260  
U7163                     NOR2X1          fast_vdd1v0       1.0260  
U7164                     NOR2X1          fast_vdd1v0       1.0260  
U7165                     NOR2X1          fast_vdd1v0       1.0260  
U7166                     NOR2X1          fast_vdd1v0       1.0260  
U7167                     NOR2X1          fast_vdd1v0       1.0260  
U7168                     NOR2X1          fast_vdd1v0       1.0260  
U7169                     NOR2X1          fast_vdd1v0       1.0260  
U7170                     NOR2X1          fast_vdd1v0       1.0260  
U7171                     NOR2X1          fast_vdd1v0       1.0260  
U7172                     NOR2X1          fast_vdd1v0       1.0260  
U7173                     NOR2X1          fast_vdd1v0       1.0260  
U7174                     NOR2X1          fast_vdd1v0       1.0260  
U7175                     NOR2X1          fast_vdd1v0       1.0260  
U7176                     NOR2X1          fast_vdd1v0       1.0260  
U7177                     NOR2X1          fast_vdd1v0       1.0260  
U7178                     NOR2X1          fast_vdd1v0       1.0260  
U7179                     NOR2X1          fast_vdd1v0       1.0260  
U7180                     NOR2X1          fast_vdd1v0       1.0260  
U7181                     NOR2X1          fast_vdd1v0       1.0260  
U7182                     NOR2X1          fast_vdd1v0       1.0260  
U7183                     NOR2X1          fast_vdd1v0       1.0260  
U7184                     NOR2X1          fast_vdd1v0       1.0260  
U7185                     NOR2X1          fast_vdd1v0       1.0260  
U7186                     NOR2X1          fast_vdd1v0       1.0260  
U7187                     NOR2X1          fast_vdd1v0       1.0260  
U7188                     NOR2X1          fast_vdd1v0       1.0260  
U7189                     NOR2X1          fast_vdd1v0       1.0260  
U7190                     NOR2X1          fast_vdd1v0       1.0260  
U7191                     NOR2X1          fast_vdd1v0       1.0260  
U7192                     NOR2X1          fast_vdd1v0       1.0260  
U7193                     NOR2X1          fast_vdd1v0       1.0260  
U7194                     NOR2X1          fast_vdd1v0       1.0260  
U7195                     NOR2X1          fast_vdd1v0       1.0260  
U7196                     NOR2X1          fast_vdd1v0       1.0260  
U7197                     NOR2X1          fast_vdd1v0       1.0260  
U7198                     NOR2X1          fast_vdd1v0       1.0260  
U7199                     NOR2X1          fast_vdd1v0       1.0260  
U7200                     NOR2X1          fast_vdd1v0       1.0260  
U7201                     NOR2X1          fast_vdd1v0       1.0260  
U7202                     NOR2X1          fast_vdd1v0       1.0260  
U7203                     NOR2X1          fast_vdd1v0       1.0260  
U7204                     NOR2X1          fast_vdd1v0       1.0260  
U7205                     NOR2X1          fast_vdd1v0       1.0260  
U7206                     NOR2X1          fast_vdd1v0       1.0260  
U7207                     NOR2X1          fast_vdd1v0       1.0260  
U7208                     NOR2X1          fast_vdd1v0       1.0260  
U7209                     NOR2X1          fast_vdd1v0       1.0260  
U7210                     NOR2X1          fast_vdd1v0       1.0260  
U7211                     NOR2X1          fast_vdd1v0       1.0260  
U7212                     NOR2X1          fast_vdd1v0       1.0260  
U7213                     NOR2X1          fast_vdd1v0       1.0260  
U7214                     NOR2X1          fast_vdd1v0       1.0260  
U7215                     NOR2X1          fast_vdd1v0       1.0260  
U7216                     NOR2X1          fast_vdd1v0       1.0260  
U7217                     NOR2X1          fast_vdd1v0       1.0260  
U7218                     NOR2X1          fast_vdd1v0       1.0260  
U7219                     NOR2X1          fast_vdd1v0       1.0260  
U7220                     NOR2X1          fast_vdd1v0       1.0260  
U7221                     NOR2X1          fast_vdd1v0       1.0260  
U7222                     NOR2X1          fast_vdd1v0       1.0260  
U7223                     NOR2X1          fast_vdd1v0       1.0260  
U7224                     NOR2X1          fast_vdd1v0       1.0260  
U7225                     NOR2X1          fast_vdd1v0       1.0260  
U7226                     NOR2X1          fast_vdd1v0       1.0260  
U7227                     NOR2X1          fast_vdd1v0       1.0260  
U7228                     NOR2X1          fast_vdd1v0       1.0260  
U7229                     NOR2X1          fast_vdd1v0       1.0260  
U7230                     NOR2X1          fast_vdd1v0       1.0260  
U7231                     NOR2X1          fast_vdd1v0       1.0260  
U7232                     NOR2X1          fast_vdd1v0       1.0260  
U7233                     NOR2X1          fast_vdd1v0       1.0260  
U7234                     NOR2X1          fast_vdd1v0       1.0260  
U7235                     NOR2X1          fast_vdd1v0       1.0260  
U7236                     NOR2X1          fast_vdd1v0       1.0260  
U7237                     NOR2X1          fast_vdd1v0       1.0260  
U7238                     NOR2X1          fast_vdd1v0       1.0260  
U7239                     NOR2X1          fast_vdd1v0       1.0260  
U7240                     NOR2X1          fast_vdd1v0       1.0260  
U7241                     NOR2X1          fast_vdd1v0       1.0260  
U7242                     NOR2X1          fast_vdd1v0       1.0260  
U7243                     NOR2X1          fast_vdd1v0       1.0260  
U7244                     NOR2X1          fast_vdd1v0       1.0260  
U7245                     NOR2X1          fast_vdd1v0       1.0260  
U7246                     NOR2X1          fast_vdd1v0       1.0260  
U7247                     NOR2X1          fast_vdd1v0       1.0260  
U7248                     NOR2X1          fast_vdd1v0       1.0260  
U7249                     NOR2X1          fast_vdd1v0       1.0260  
U7250                     NOR2X1          fast_vdd1v0       1.0260  
U7251                     NOR2X1          fast_vdd1v0       1.0260  
U7252                     NOR2X1          fast_vdd1v0       1.0260  
U7253                     NOR2X1          fast_vdd1v0       1.0260  
U7254                     NOR2X1          fast_vdd1v0       1.0260  
U7255                     NOR2X1          fast_vdd1v0       1.0260  
U7256                     NOR2X1          fast_vdd1v0       1.0260  
U7257                     NOR2X1          fast_vdd1v0       1.0260  
U7258                     NOR2X1          fast_vdd1v0       1.0260  
U7259                     NOR2X1          fast_vdd1v0       1.0260  
U7260                     NOR2X1          fast_vdd1v0       1.0260  
U7261                     NOR2X1          fast_vdd1v0       1.0260  
U7262                     NOR2X1          fast_vdd1v0       1.0260  
U7263                     NOR2X1          fast_vdd1v0       1.0260  
U7264                     NOR2X1          fast_vdd1v0       1.0260  
U7265                     NOR2X1          fast_vdd1v0       1.0260  
U7266                     NOR2X1          fast_vdd1v0       1.0260  
U7267                     NOR2X1          fast_vdd1v0       1.0260  
U7268                     NOR2X1          fast_vdd1v0       1.0260  
U7269                     NOR2X1          fast_vdd1v0       1.0260  
U7270                     NOR2X1          fast_vdd1v0       1.0260  
U7271                     NOR2X1          fast_vdd1v0       1.0260  
U7272                     NOR2X1          fast_vdd1v0       1.0260  
U7273                     NOR2X1          fast_vdd1v0       1.0260  
U7274                     NOR2X1          fast_vdd1v0       1.0260  
U7275                     NOR2X1          fast_vdd1v0       1.0260  
U7276                     NOR2X1          fast_vdd1v0       1.0260  
U7277                     NOR2X1          fast_vdd1v0       1.0260  
U7278                     NOR2X1          fast_vdd1v0       1.0260  
U7279                     NOR2X1          fast_vdd1v0       1.0260  
U7280                     NOR2X1          fast_vdd1v0       1.0260  
U7281                     NOR2X1          fast_vdd1v0       1.0260  
U7282                     NOR2X1          fast_vdd1v0       1.0260  
U7283                     NOR2X1          fast_vdd1v0       1.0260  
U7284                     NOR2X1          fast_vdd1v0       1.0260  
U7285                     NOR2X1          fast_vdd1v0       1.0260  
U7286                     NOR2X1          fast_vdd1v0       1.0260  
U7287                     NOR2X1          fast_vdd1v0       1.0260  
U7288                     NOR2X1          fast_vdd1v0       1.0260  
U7289                     NOR2X1          fast_vdd1v0       1.0260  
U7290                     NOR2X1          fast_vdd1v0       1.0260  
U7291                     NOR2X1          fast_vdd1v0       1.0260  
U7292                     NOR2X1          fast_vdd1v0       1.0260  
U7293                     NOR2X1          fast_vdd1v0       1.0260  
U7294                     NOR2X1          fast_vdd1v0       1.0260  
U7295                     NOR2X1          fast_vdd1v0       1.0260  
U7296                     NOR2X1          fast_vdd1v0       1.0260  
U7297                     NOR2X1          fast_vdd1v0       1.0260  
U7298                     NOR2X1          fast_vdd1v0       1.0260  
U7299                     NOR2X1          fast_vdd1v0       1.0260  
U7300                     NOR2X1          fast_vdd1v0       1.0260  
U7301                     NOR2X1          fast_vdd1v0       1.0260  
U7302                     NOR2X1          fast_vdd1v0       1.0260  
U7303                     NOR2X1          fast_vdd1v0       1.0260  
U7304                     NOR2X1          fast_vdd1v0       1.0260  
U7305                     NOR2X1          fast_vdd1v0       1.0260  
U7306                     NOR2X1          fast_vdd1v0       1.0260  
U7307                     NOR2X1          fast_vdd1v0       1.0260  
U7308                     NOR2X1          fast_vdd1v0       1.0260  
U7309                     NOR2X1          fast_vdd1v0       1.0260  
U7310                     NOR2X1          fast_vdd1v0       1.0260  
U7311                     NOR2X1          fast_vdd1v0       1.0260  
U7312                     NOR2X1          fast_vdd1v0       1.0260  
U7313                     NOR2X1          fast_vdd1v0       1.0260  
U7314                     NOR2X1          fast_vdd1v0       1.0260  
U7315                     NOR2X1          fast_vdd1v0       1.0260  
U7316                     NOR2X1          fast_vdd1v0       1.0260  
U7317                     NOR2X1          fast_vdd1v0       1.0260  
U7318                     NOR2X1          fast_vdd1v0       1.0260  
U7319                     NOR2X1          fast_vdd1v0       1.0260  
U7320                     NOR2X1          fast_vdd1v0       1.0260  
U7321                     NOR2X1          fast_vdd1v0       1.0260  
U7322                     NOR2X1          fast_vdd1v0       1.0260  
U7323                     NOR2X1          fast_vdd1v0       1.0260  
U7324                     NOR2X1          fast_vdd1v0       1.0260  
U7325                     NOR2X1          fast_vdd1v0       1.0260  
U7326                     NOR2X1          fast_vdd1v0       1.0260  
U7327                     NOR2X1          fast_vdd1v0       1.0260  
U7328                     NOR2X1          fast_vdd1v0       1.0260  
U7329                     NOR2X1          fast_vdd1v0       1.0260  
U7330                     NOR2X1          fast_vdd1v0       1.0260  
U7331                     NOR2X1          fast_vdd1v0       1.0260  
U7332                     NOR2X1          fast_vdd1v0       1.0260  
U7333                     NOR2X1          fast_vdd1v0       1.0260  
U7334                     NOR2X1          fast_vdd1v0       1.0260  
U7335                     NOR2X1          fast_vdd1v0       1.0260  
U7336                     NOR2X1          fast_vdd1v0       1.0260  
U7337                     NOR2X1          fast_vdd1v0       1.0260  
U7338                     NOR2X1          fast_vdd1v0       1.0260  
U7339                     NOR2X1          fast_vdd1v0       1.0260  
U7340                     NOR2X1          fast_vdd1v0       1.0260  
U7341                     NOR2X1          fast_vdd1v0       1.0260  
U7342                     NOR2X1          fast_vdd1v0       1.0260  
U7343                     NOR2X1          fast_vdd1v0       1.0260  
U7344                     NOR2X1          fast_vdd1v0       1.0260  
U7345                     NOR2X1          fast_vdd1v0       1.0260  
U7346                     NOR2X1          fast_vdd1v0       1.0260  
U7347                     NOR2X1          fast_vdd1v0       1.0260  
U7348                     NOR2X1          fast_vdd1v0       1.0260  
U7349                     NOR2X1          fast_vdd1v0       1.0260  
U7350                     NOR2X1          fast_vdd1v0       1.0260  
U7351                     NOR2X1          fast_vdd1v0       1.0260  
U7352                     NOR2X1          fast_vdd1v0       1.0260  
U7353                     NOR2X1          fast_vdd1v0       1.0260  
U7354                     NOR2X1          fast_vdd1v0       1.0260  
U7355                     NOR2X1          fast_vdd1v0       1.0260  
U7356                     NOR2X1          fast_vdd1v0       1.0260  
U7357                     NOR2X1          fast_vdd1v0       1.0260  
U7358                     NOR2X1          fast_vdd1v0       1.0260  
U7359                     NOR2X1          fast_vdd1v0       1.0260  
U7360                     NOR2X1          fast_vdd1v0       1.0260  
U7361                     NOR2X1          fast_vdd1v0       1.0260  
U7362                     NOR2X1          fast_vdd1v0       1.0260  
U7363                     NOR2X1          fast_vdd1v0       1.0260  
U7364                     NOR2X1          fast_vdd1v0       1.0260  
U7365                     NOR2X1          fast_vdd1v0       1.0260  
U7366                     NOR2X1          fast_vdd1v0       1.0260  
U7367                     NOR2X1          fast_vdd1v0       1.0260  
U7368                     NOR2X1          fast_vdd1v0       1.0260  
U7369                     NOR2X1          fast_vdd1v0       1.0260  
U7370                     NOR2X1          fast_vdd1v0       1.0260  
U7371                     NOR2X1          fast_vdd1v0       1.0260  
U7372                     NOR2X1          fast_vdd1v0       1.0260  
U7373                     NOR2X1          fast_vdd1v0       1.0260  
U7374                     NOR2X1          fast_vdd1v0       1.0260  
U7375                     NOR2X1          fast_vdd1v0       1.0260  
U7376                     NOR2X1          fast_vdd1v0       1.0260  
U7377                     NOR2X1          fast_vdd1v0       1.0260  
U7378                     NOR2X1          fast_vdd1v0       1.0260  
U7379                     NOR2X1          fast_vdd1v0       1.0260  
U7380                     NOR2X1          fast_vdd1v0       1.0260  
U7381                     NOR2X1          fast_vdd1v0       1.0260  
U7382                     NOR2X1          fast_vdd1v0       1.0260  
U7383                     NOR2X1          fast_vdd1v0       1.0260  
U7384                     NOR2X1          fast_vdd1v0       1.0260  
U7385                     NOR2X1          fast_vdd1v0       1.0260  
U7386                     NOR2X1          fast_vdd1v0       1.0260  
U7387                     NOR2X1          fast_vdd1v0       1.0260  
U7388                     NOR2X1          fast_vdd1v0       1.0260  
U7389                     NOR2X1          fast_vdd1v0       1.0260  
U7390                     NOR2X1          fast_vdd1v0       1.0260  
U7391                     NOR2X1          fast_vdd1v0       1.0260  
U7392                     NOR2X1          fast_vdd1v0       1.0260  
U7393                     NOR2X1          fast_vdd1v0       1.0260  
U7394                     NOR2X1          fast_vdd1v0       1.0260  
U7395                     NOR2X1          fast_vdd1v0       1.0260  
U7396                     NOR2X1          fast_vdd1v0       1.0260  
U7397                     NOR2X1          fast_vdd1v0       1.0260  
U7398                     NOR2X1          fast_vdd1v0       1.0260  
U7399                     NOR2X1          fast_vdd1v0       1.0260  
U7400                     NOR2X1          fast_vdd1v0       1.0260  
U7401                     NOR2X1          fast_vdd1v0       1.0260  
U7402                     NOR2X1          fast_vdd1v0       1.0260  
U7403                     NOR2X1          fast_vdd1v0       1.0260  
U7404                     NOR2X1          fast_vdd1v0       1.0260  
U7405                     NOR2X1          fast_vdd1v0       1.0260  
U7406                     NOR2X1          fast_vdd1v0       1.0260  
U7407                     NOR2X1          fast_vdd1v0       1.0260  
U7408                     NOR2X1          fast_vdd1v0       1.0260  
U7409                     NOR2X1          fast_vdd1v0       1.0260  
U7410                     NOR2X1          fast_vdd1v0       1.0260  
U7411                     NOR2X1          fast_vdd1v0       1.0260  
U7412                     NOR2X1          fast_vdd1v0       1.0260  
U7413                     NOR2X1          fast_vdd1v0       1.0260  
U7414                     NOR2X1          fast_vdd1v0       1.0260  
U7415                     NOR2X1          fast_vdd1v0       1.0260  
U7416                     NOR2X1          fast_vdd1v0       1.0260  
U7417                     NOR2X1          fast_vdd1v0       1.0260  
U7418                     NOR2X1          fast_vdd1v0       1.0260  
U7419                     NOR2X1          fast_vdd1v0       1.0260  
U7420                     NOR2X1          fast_vdd1v0       1.0260  
U7421                     NOR2X1          fast_vdd1v0       1.0260  
U7422                     NOR2X1          fast_vdd1v0       1.0260  
U7423                     NOR2X1          fast_vdd1v0       1.0260  
U7424                     NOR2X1          fast_vdd1v0       1.0260  
U7425                     NOR2X1          fast_vdd1v0       1.0260  
U7426                     NOR2X1          fast_vdd1v0       1.0260  
U7427                     NOR2X1          fast_vdd1v0       1.0260  
U7428                     NOR2X1          fast_vdd1v0       1.0260  
U7429                     NOR2X1          fast_vdd1v0       1.0260  
U7430                     NOR2X1          fast_vdd1v0       1.0260  
U7431                     NOR2X1          fast_vdd1v0       1.0260  
U7432                     NOR2X1          fast_vdd1v0       1.0260  
U7433                     NOR2X1          fast_vdd1v0       1.0260  
U7434                     NOR2X1          fast_vdd1v0       1.0260  
U7435                     NOR2X1          fast_vdd1v0       1.0260  
U7436                     NOR2X1          fast_vdd1v0       1.0260  
U7437                     NOR2X1          fast_vdd1v0       1.0260  
U7438                     NOR2X1          fast_vdd1v0       1.0260  
U7439                     NOR2X1          fast_vdd1v0       1.0260  
U7440                     NOR2X1          fast_vdd1v0       1.0260  
U7441                     NOR2X1          fast_vdd1v0       1.0260  
U7442                     NOR2X1          fast_vdd1v0       1.0260  
U7443                     NOR2X1          fast_vdd1v0       1.0260  
U7444                     NOR2X1          fast_vdd1v0       1.0260  
U7445                     NOR2X1          fast_vdd1v0       1.0260  
U7446                     NOR2X1          fast_vdd1v0       1.0260  
U7447                     NOR2X1          fast_vdd1v0       1.0260  
U7448                     NOR2X1          fast_vdd1v0       1.0260  
U7449                     NOR2X1          fast_vdd1v0       1.0260  
U7450                     NOR2X1          fast_vdd1v0       1.0260  
U7451                     NOR2X1          fast_vdd1v0       1.0260  
U7452                     NOR2X1          fast_vdd1v0       1.0260  
U7453                     NOR2X1          fast_vdd1v0       1.0260  
U7454                     NOR2X1          fast_vdd1v0       1.0260  
U7455                     NOR2X1          fast_vdd1v0       1.0260  
U7456                     NOR2X1          fast_vdd1v0       1.0260  
U7457                     NOR2X1          fast_vdd1v0       1.0260  
U7458                     NOR2X1          fast_vdd1v0       1.0260  
U7459                     NOR2X1          fast_vdd1v0       1.0260  
U7460                     NOR2X1          fast_vdd1v0       1.0260  
U7461                     NOR2X1          fast_vdd1v0       1.0260  
U7462                     NOR2X1          fast_vdd1v0       1.0260  
U7463                     NOR2X1          fast_vdd1v0       1.0260  
U7464                     NOR2X1          fast_vdd1v0       1.0260  
U7465                     NOR2X1          fast_vdd1v0       1.0260  
U7466                     NOR2X1          fast_vdd1v0       1.0260  
U7467                     NOR2X1          fast_vdd1v0       1.0260  
U7468                     NOR2X1          fast_vdd1v0       1.0260  
U7469                     NOR2X1          fast_vdd1v0       1.0260  
U7470                     NOR2X1          fast_vdd1v0       1.0260  
U7471                     NOR2X1          fast_vdd1v0       1.0260  
U7472                     NOR2X1          fast_vdd1v0       1.0260  
U7473                     NOR2X1          fast_vdd1v0       1.0260  
U7474                     NOR2X1          fast_vdd1v0       1.0260  
U7475                     NOR2X1          fast_vdd1v0       1.0260  
U7476                     NOR2X1          fast_vdd1v0       1.0260  
U7477                     NOR2X1          fast_vdd1v0       1.0260  
U7478                     NOR2X1          fast_vdd1v0       1.0260  
U7479                     NOR2X1          fast_vdd1v0       1.0260  
U7480                     NOR2X1          fast_vdd1v0       1.0260  
U7481                     NOR2X1          fast_vdd1v0       1.0260  
U7482                     NOR2X1          fast_vdd1v0       1.0260  
U7483                     NOR2X1          fast_vdd1v0       1.0260  
U7484                     NOR2X1          fast_vdd1v0       1.0260  
U7485                     NOR2X1          fast_vdd1v0       1.0260  
U7486                     NOR2X1          fast_vdd1v0       1.0260  
U7487                     NOR2X1          fast_vdd1v0       1.0260  
U7488                     NOR2X1          fast_vdd1v0       1.0260  
U7489                     NOR2X1          fast_vdd1v0       1.0260  
U7490                     NOR2X1          fast_vdd1v0       1.0260  
U7491                     NOR2X1          fast_vdd1v0       1.0260  
U7492                     NOR2X1          fast_vdd1v0       1.0260  
U7493                     NOR2X1          fast_vdd1v0       1.0260  
U7494                     NOR2X1          fast_vdd1v0       1.0260  
U7495                     NOR2X1          fast_vdd1v0       1.0260  
U7496                     NOR2X1          fast_vdd1v0       1.0260  
U7497                     NOR2X1          fast_vdd1v0       1.0260  
U7498                     NOR2X1          fast_vdd1v0       1.0260  
U7499                     NOR2X1          fast_vdd1v0       1.0260  
U7500                     NOR2X1          fast_vdd1v0       1.0260  
U7501                     NOR2X1          fast_vdd1v0       1.0260  
U7502                     NOR2X1          fast_vdd1v0       1.0260  
U7503                     NOR2X1          fast_vdd1v0       1.0260  
U7504                     NOR2X1          fast_vdd1v0       1.0260  
U7505                     NOR2X1          fast_vdd1v0       1.0260  
U7506                     NOR2X1          fast_vdd1v0       1.0260  
U7507                     NOR2X1          fast_vdd1v0       1.0260  
U7508                     NOR2X1          fast_vdd1v0       1.0260  
U7509                     NOR2X1          fast_vdd1v0       1.0260  
U7510                     NOR2X1          fast_vdd1v0       1.0260  
U7511                     NOR2X1          fast_vdd1v0       1.0260  
U7512                     NOR2X1          fast_vdd1v0       1.0260  
U7513                     NOR2X1          fast_vdd1v0       1.0260  
U7514                     NOR2X1          fast_vdd1v0       1.0260  
U7515                     NOR2X1          fast_vdd1v0       1.0260  
U7516                     NOR2X1          fast_vdd1v0       1.0260  
U7517                     NOR2X1          fast_vdd1v0       1.0260  
U7518                     NOR2X1          fast_vdd1v0       1.0260  
U7519                     NOR2X1          fast_vdd1v0       1.0260  
U7520                     NOR2X1          fast_vdd1v0       1.0260  
U7521                     NOR2X1          fast_vdd1v0       1.0260  
U7522                     NOR2X1          fast_vdd1v0       1.0260  
U7523                     NOR2X1          fast_vdd1v0       1.0260  
U7524                     NOR2X1          fast_vdd1v0       1.0260  
U7525                     NOR2X1          fast_vdd1v0       1.0260  
U7526                     NOR2X1          fast_vdd1v0       1.0260  
U7527                     NOR2X1          fast_vdd1v0       1.0260  
U7528                     NOR2X1          fast_vdd1v0       1.0260  
U7529                     NOR2X1          fast_vdd1v0       1.0260  
U7530                     NOR2X1          fast_vdd1v0       1.0260  
U7531                     NOR2X1          fast_vdd1v0       1.0260  
U7532                     NOR2X1          fast_vdd1v0       1.0260  
U7533                     NOR2X1          fast_vdd1v0       1.0260  
U7534                     NOR2X1          fast_vdd1v0       1.0260  
U7535                     NOR2X1          fast_vdd1v0       1.0260  
U7536                     NOR2X1          fast_vdd1v0       1.0260  
U7537                     NOR2X1          fast_vdd1v0       1.0260  
U7538                     NOR2X1          fast_vdd1v0       1.0260  
U7539                     NOR2X1          fast_vdd1v0       1.0260  
U7540                     NOR2X1          fast_vdd1v0       1.0260  
U7541                     NOR2X1          fast_vdd1v0       1.0260  
U7542                     NOR2X1          fast_vdd1v0       1.0260  
U7543                     NOR2X1          fast_vdd1v0       1.0260  
U7544                     NOR2X1          fast_vdd1v0       1.0260  
U7545                     NOR2X1          fast_vdd1v0       1.0260  
U7546                     NOR2X1          fast_vdd1v0       1.0260  
U7547                     NOR2X1          fast_vdd1v0       1.0260  
U7548                     NOR2X1          fast_vdd1v0       1.0260  
U7549                     NOR2X1          fast_vdd1v0       1.0260  
U7550                     NOR2X1          fast_vdd1v0       1.0260  
U7551                     NOR2X1          fast_vdd1v0       1.0260  
U7552                     NOR2X1          fast_vdd1v0       1.0260  
U7553                     NOR2X1          fast_vdd1v0       1.0260  
U7554                     NOR2X1          fast_vdd1v0       1.0260  
U7555                     NOR2X1          fast_vdd1v0       1.0260  
U7556                     NOR2X1          fast_vdd1v0       1.0260  
U7557                     NOR2X1          fast_vdd1v0       1.0260  
U7558                     NOR2X1          fast_vdd1v0       1.0260  
U7559                     NOR2X1          fast_vdd1v0       1.0260  
U7560                     NOR2X1          fast_vdd1v0       1.0260  
U7561                     NOR2X1          fast_vdd1v0       1.0260  
U7562                     NOR2X1          fast_vdd1v0       1.0260  
U7563                     NOR2X1          fast_vdd1v0       1.0260  
U7564                     NOR2X1          fast_vdd1v0       1.0260  
U7565                     NOR2X1          fast_vdd1v0       1.0260  
U7566                     NOR2X1          fast_vdd1v0       1.0260  
U7567                     NOR2X1          fast_vdd1v0       1.0260  
U7568                     NOR2X1          fast_vdd1v0       1.0260  
U7569                     NOR2X1          fast_vdd1v0       1.0260  
U7570                     NOR2X1          fast_vdd1v0       1.0260  
U7571                     NOR2X1          fast_vdd1v0       1.0260  
U7572                     NOR2X1          fast_vdd1v0       1.0260  
U7573                     NOR2X1          fast_vdd1v0       1.0260  
U7574                     NOR2X1          fast_vdd1v0       1.0260  
U7575                     NOR2X1          fast_vdd1v0       1.0260  
U7576                     NOR2X1          fast_vdd1v0       1.0260  
U7577                     NOR2X1          fast_vdd1v0       1.0260  
U7578                     NOR2X1          fast_vdd1v0       1.0260  
U7579                     NOR2X1          fast_vdd1v0       1.0260  
U7580                     NOR2X1          fast_vdd1v0       1.0260  
U7581                     NOR2X1          fast_vdd1v0       1.0260  
U7582                     NOR2X1          fast_vdd1v0       1.0260  
U7583                     NOR2X1          fast_vdd1v0       1.0260  
U7584                     NOR2X1          fast_vdd1v0       1.0260  
U7585                     NOR2X1          fast_vdd1v0       1.0260  
U7586                     NOR2X1          fast_vdd1v0       1.0260  
U7587                     NOR2X1          fast_vdd1v0       1.0260  
U7588                     NOR2X1          fast_vdd1v0       1.0260  
U7589                     NOR2X1          fast_vdd1v0       1.0260  
U7590                     NOR2X1          fast_vdd1v0       1.0260  
U7591                     NOR2X1          fast_vdd1v0       1.0260  
U7592                     NOR2X1          fast_vdd1v0       1.0260  
U7593                     NOR2X1          fast_vdd1v0       1.0260  
U7594                     NOR2X1          fast_vdd1v0       1.0260  
U7595                     NOR2X1          fast_vdd1v0       1.0260  
U7596                     NOR2X1          fast_vdd1v0       1.0260  
U7597                     NOR2X1          fast_vdd1v0       1.0260  
U7598                     NOR2X1          fast_vdd1v0       1.0260  
U7599                     NOR2X1          fast_vdd1v0       1.0260  
U7600                     NOR2X1          fast_vdd1v0       1.0260  
U7601                     NOR2X1          fast_vdd1v0       1.0260  
U7602                     NOR2X1          fast_vdd1v0       1.0260  
U7603                     NOR2X1          fast_vdd1v0       1.0260  
U7604                     NOR2X1          fast_vdd1v0       1.0260  
U7605                     NOR2X1          fast_vdd1v0       1.0260  
U7606                     NOR2X1          fast_vdd1v0       1.0260  
U7607                     NOR2X1          fast_vdd1v0       1.0260  
U7608                     NOR2X1          fast_vdd1v0       1.0260  
U7609                     NOR2X1          fast_vdd1v0       1.0260  
U7610                     NOR2X1          fast_vdd1v0       1.0260  
U7611                     NOR2X1          fast_vdd1v0       1.0260  
U7612                     NOR2X1          fast_vdd1v0       1.0260  
U7613                     NOR2X1          fast_vdd1v0       1.0260  
U7614                     NOR2X1          fast_vdd1v0       1.0260  
U7615                     NOR2X1          fast_vdd1v0       1.0260  
U7616                     NOR2X1          fast_vdd1v0       1.0260  
U7617                     NOR2X1          fast_vdd1v0       1.0260  
U7618                     NOR2X1          fast_vdd1v0       1.0260  
U7619                     NOR2X1          fast_vdd1v0       1.0260  
U7620                     NOR2X1          fast_vdd1v0       1.0260  
U7621                     NOR2X1          fast_vdd1v0       1.0260  
U7622                     NOR2X1          fast_vdd1v0       1.0260  
U7623                     NOR2X1          fast_vdd1v0       1.0260  
U7624                     NOR2X1          fast_vdd1v0       1.0260  
U7625                     NOR2X1          fast_vdd1v0       1.0260  
U7626                     NOR2X1          fast_vdd1v0       1.0260  
U7627                     NOR2X1          fast_vdd1v0       1.0260  
U7628                     NOR2X1          fast_vdd1v0       1.0260  
U7629                     NOR2X1          fast_vdd1v0       1.0260  
U7630                     NOR2X1          fast_vdd1v0       1.0260  
U7631                     NOR2X1          fast_vdd1v0       1.0260  
U7632                     NOR2X1          fast_vdd1v0       1.0260  
U7633                     NOR2X1          fast_vdd1v0       1.0260  
U7634                     NOR2X1          fast_vdd1v0       1.0260  
U7635                     NOR2X1          fast_vdd1v0       1.0260  
U7636                     NOR2X1          fast_vdd1v0       1.0260  
U7637                     NOR2X1          fast_vdd1v0       1.0260  
U7638                     NOR2X1          fast_vdd1v0       1.0260  
U7639                     NOR2X1          fast_vdd1v0       1.0260  
U7640                     NOR2X1          fast_vdd1v0       1.0260  
U7641                     NOR2X1          fast_vdd1v0       1.0260  
U7642                     NOR2X1          fast_vdd1v0       1.0260  
U7643                     NOR2X1          fast_vdd1v0       1.0260  
U7644                     NOR2X1          fast_vdd1v0       1.0260  
U7645                     NOR2X1          fast_vdd1v0       1.0260  
U7646                     NOR2X1          fast_vdd1v0       1.0260  
U7647                     NOR2X1          fast_vdd1v0       1.0260  
U7648                     NOR2X1          fast_vdd1v0       1.0260  
U7649                     NOR2X1          fast_vdd1v0       1.0260  
U7650                     NOR2X1          fast_vdd1v0       1.0260  
U7651                     NOR2X1          fast_vdd1v0       1.0260  
U7652                     NOR2X1          fast_vdd1v0       1.0260  
U7653                     NOR2X1          fast_vdd1v0       1.0260  
U7654                     NOR2X1          fast_vdd1v0       1.0260  
U7655                     NOR2X1          fast_vdd1v0       1.0260  
U7656                     NOR2X1          fast_vdd1v0       1.0260  
U7657                     NOR2X1          fast_vdd1v0       1.0260  
U7658                     NOR2X1          fast_vdd1v0       1.0260  
U7659                     NOR2X1          fast_vdd1v0       1.0260  
U7660                     NOR2X1          fast_vdd1v0       1.0260  
U7661                     NOR2X1          fast_vdd1v0       1.0260  
U7662                     NOR2X1          fast_vdd1v0       1.0260  
U7663                     NOR2X1          fast_vdd1v0       1.0260  
U7664                     NOR2X1          fast_vdd1v0       1.0260  
U7665                     NOR2X1          fast_vdd1v0       1.0260  
U7666                     NOR2X1          fast_vdd1v0       1.0260  
U7667                     NOR2X1          fast_vdd1v0       1.0260  
U7668                     NOR2X1          fast_vdd1v0       1.0260  
U7669                     NOR2X1          fast_vdd1v0       1.0260  
U7670                     NOR2X1          fast_vdd1v0       1.0260  
U7671                     NOR2X1          fast_vdd1v0       1.0260  
U7672                     NOR2X1          fast_vdd1v0       1.0260  
U7673                     NOR2X1          fast_vdd1v0       1.0260  
U7674                     NOR2X1          fast_vdd1v0       1.0260  
U7675                     NOR2X1          fast_vdd1v0       1.0260  
U7676                     NOR2X1          fast_vdd1v0       1.0260  
U7677                     NOR2X1          fast_vdd1v0       1.0260  
U7678                     NOR2X1          fast_vdd1v0       1.0260  
U7679                     NOR2X1          fast_vdd1v0       1.0260  
U7680                     NOR2X1          fast_vdd1v0       1.0260  
U7681                     NOR2X1          fast_vdd1v0       1.0260  
U7682                     NOR2X1          fast_vdd1v0       1.0260  
U7683                     NOR2X1          fast_vdd1v0       1.0260  
U7684                     NOR2X1          fast_vdd1v0       1.0260  
U7685                     NOR2X1          fast_vdd1v0       1.0260  
U7686                     NOR2X1          fast_vdd1v0       1.0260  
U7687                     NOR2X1          fast_vdd1v0       1.0260  
U7688                     NOR2X1          fast_vdd1v0       1.0260  
U7689                     NOR2X1          fast_vdd1v0       1.0260  
U7690                     NOR2X1          fast_vdd1v0       1.0260  
U7691                     NOR2X1          fast_vdd1v0       1.0260  
U7692                     NOR2X1          fast_vdd1v0       1.0260  
U7693                     NOR2X1          fast_vdd1v0       1.0260  
U7694                     NOR2X1          fast_vdd1v0       1.0260  
U7695                     NOR2X1          fast_vdd1v0       1.0260  
U7696                     NOR2X1          fast_vdd1v0       1.0260  
U7697                     NOR2X1          fast_vdd1v0       1.0260  
U7698                     NOR2X1          fast_vdd1v0       1.0260  
U7699                     NOR2X1          fast_vdd1v0       1.0260  
U7700                     NOR2X1          fast_vdd1v0       1.0260  
U7701                     NOR2X1          fast_vdd1v0       1.0260  
U7702                     NOR2X1          fast_vdd1v0       1.0260  
U7703                     NOR2X1          fast_vdd1v0       1.0260  
U7704                     NOR2X1          fast_vdd1v0       1.0260  
U7705                     NOR2X1          fast_vdd1v0       1.0260  
U7706                     NOR2X1          fast_vdd1v0       1.0260  
U7707                     NOR2X1          fast_vdd1v0       1.0260  
U7708                     NOR2X1          fast_vdd1v0       1.0260  
U7709                     NOR2X1          fast_vdd1v0       1.0260  
U7710                     NOR2X1          fast_vdd1v0       1.0260  
U7711                     NOR2X1          fast_vdd1v0       1.0260  
U7712                     NOR2X1          fast_vdd1v0       1.0260  
U7713                     NOR2X1          fast_vdd1v0       1.0260  
U7714                     NOR2X1          fast_vdd1v0       1.0260  
U7715                     INVX1           fast_vdd1v0       0.6840  
U7716                     NOR2X1          fast_vdd1v0       1.0260  
U7717                     NOR2X1          fast_vdd1v0       1.0260  
U7718                     NOR2X1          fast_vdd1v0       1.0260  
U7719                     NOR2X1          fast_vdd1v0       1.0260  
U7720                     NOR2X1          fast_vdd1v0       1.0260  
U7721                     NOR2X1          fast_vdd1v0       1.0260  
U7722                     NOR2X1          fast_vdd1v0       1.0260  
U7723                     NOR2X1          fast_vdd1v0       1.0260  
U7724                     NOR2X1          fast_vdd1v0       1.0260  
U7725                     NOR2X1          fast_vdd1v0       1.0260  
U7726                     NOR2X1          fast_vdd1v0       1.0260  
U7727                     NOR2X1          fast_vdd1v0       1.0260  
U7728                     NOR2X1          fast_vdd1v0       1.0260  
U7729                     NOR2X1          fast_vdd1v0       1.0260  
U7730                     NOR2X1          fast_vdd1v0       1.0260  
U7731                     NOR2X1          fast_vdd1v0       1.0260  
U7732                     NOR2X1          fast_vdd1v0       1.0260  
U7733                     NOR2X1          fast_vdd1v0       1.0260  
U7734                     NOR2X1          fast_vdd1v0       1.0260  
U7735                     NOR2X1          fast_vdd1v0       1.0260  
U7736                     NOR2X1          fast_vdd1v0       1.0260  
U7737                     NOR2X1          fast_vdd1v0       1.0260  
U7738                     NOR2X1          fast_vdd1v0       1.0260  
U7739                     NOR2X1          fast_vdd1v0       1.0260  
U7740                     NOR2X1          fast_vdd1v0       1.0260  
U7741                     NOR2X1          fast_vdd1v0       1.0260  
U7742                     NOR2X1          fast_vdd1v0       1.0260  
U7743                     NOR2X1          fast_vdd1v0       1.0260  
U7744                     NOR2X1          fast_vdd1v0       1.0260  
U7745                     NOR2X1          fast_vdd1v0       1.0260  
U7746                     NOR2X1          fast_vdd1v0       1.0260  
U7747                     NOR2X1          fast_vdd1v0       1.0260  
U7748                     NOR2X1          fast_vdd1v0       1.0260  
U7749                     NOR2X1          fast_vdd1v0       1.0260  
U7750                     NOR2X1          fast_vdd1v0       1.0260  
U7751                     NOR2X1          fast_vdd1v0       1.0260  
U7752                     NOR2X1          fast_vdd1v0       1.0260  
U7753                     NOR2X1          fast_vdd1v0       1.0260  
U7754                     NOR2X1          fast_vdd1v0       1.0260  
U7755                     NOR2X1          fast_vdd1v0       1.0260  
U7756                     NOR2X1          fast_vdd1v0       1.0260  
U7757                     NOR2X1          fast_vdd1v0       1.0260  
U7758                     NOR2X1          fast_vdd1v0       1.0260  
U7759                     NOR2X1          fast_vdd1v0       1.0260  
U7760                     NOR2X1          fast_vdd1v0       1.0260  
U7761                     NOR2X1          fast_vdd1v0       1.0260  
U7762                     NOR2X1          fast_vdd1v0       1.0260  
U7763                     NOR2X1          fast_vdd1v0       1.0260  
U7764                     NOR2X1          fast_vdd1v0       1.0260  
U7765                     NOR2X1          fast_vdd1v0       1.0260  
U7766                     NOR2X1          fast_vdd1v0       1.0260  
U7767                     NOR2X1          fast_vdd1v0       1.0260  
U7768                     NOR2X1          fast_vdd1v0       1.0260  
U7769                     NOR2X1          fast_vdd1v0       1.0260  
U7770                     NOR2X1          fast_vdd1v0       1.0260  
U7771                     NOR2X1          fast_vdd1v0       1.0260  
U7772                     NOR2X1          fast_vdd1v0       1.0260  
U7773                     NOR2X1          fast_vdd1v0       1.0260  
U7774                     NOR2X1          fast_vdd1v0       1.0260  
U7775                     NOR2X1          fast_vdd1v0       1.0260  
U7776                     NOR2X1          fast_vdd1v0       1.0260  
U7777                     NOR2X1          fast_vdd1v0       1.0260  
U7778                     NOR2X1          fast_vdd1v0       1.0260  
U7779                     NOR2X1          fast_vdd1v0       1.0260  
U7780                     NOR2X1          fast_vdd1v0       1.0260  
U7781                     NOR2X1          fast_vdd1v0       1.0260  
U7782                     NOR2X1          fast_vdd1v0       1.0260  
U7783                     NOR2X1          fast_vdd1v0       1.0260  
U7784                     NOR2X1          fast_vdd1v0       1.0260  
U7785                     NOR2X1          fast_vdd1v0       1.0260  
U7786                     NOR2X1          fast_vdd1v0       1.0260  
U7787                     NOR2X1          fast_vdd1v0       1.0260  
U7788                     NOR2X1          fast_vdd1v0       1.0260  
U7789                     NOR2X1          fast_vdd1v0       1.0260  
U7790                     NOR2X1          fast_vdd1v0       1.0260  
U7791                     NOR2X1          fast_vdd1v0       1.0260  
U7792                     NOR2X1          fast_vdd1v0       1.0260  
U7793                     NOR2X1          fast_vdd1v0       1.0260  
U7794                     NOR2X1          fast_vdd1v0       1.0260  
U7795                     NOR2X1          fast_vdd1v0       1.0260  
U7796                     NOR2X1          fast_vdd1v0       1.0260  
U7797                     NOR2X1          fast_vdd1v0       1.0260  
U7798                     NOR2X1          fast_vdd1v0       1.0260  
U7799                     NOR2X1          fast_vdd1v0       1.0260  
U7800                     NOR2X1          fast_vdd1v0       1.0260  
U7801                     NOR2X1          fast_vdd1v0       1.0260  
U7802                     NOR2X1          fast_vdd1v0       1.0260  
U7803                     NOR2X1          fast_vdd1v0       1.0260  
U7804                     NOR2X1          fast_vdd1v0       1.0260  
U7805                     NOR2X1          fast_vdd1v0       1.0260  
U7806                     NOR2X1          fast_vdd1v0       1.0260  
U7807                     NOR2X1          fast_vdd1v0       1.0260  
U7808                     NOR2X1          fast_vdd1v0       1.0260  
U7809                     NOR2X1          fast_vdd1v0       1.0260  
U7810                     NOR2X1          fast_vdd1v0       1.0260  
U7811                     NOR2X1          fast_vdd1v0       1.0260  
U7812                     NOR2X1          fast_vdd1v0       1.0260  
U7813                     NOR2X1          fast_vdd1v0       1.0260  
U7814                     NOR2X1          fast_vdd1v0       1.0260  
U7815                     NOR2X1          fast_vdd1v0       1.0260  
U7816                     NOR2X1          fast_vdd1v0       1.0260  
U7817                     NOR2X1          fast_vdd1v0       1.0260  
U7818                     NOR2X1          fast_vdd1v0       1.0260  
U7819                     NOR2X1          fast_vdd1v0       1.0260  
U7820                     NOR2X1          fast_vdd1v0       1.0260  
U7821                     NOR2X1          fast_vdd1v0       1.0260  
U7822                     NOR2X1          fast_vdd1v0       1.0260  
U7823                     NOR2X1          fast_vdd1v0       1.0260  
U7824                     NOR2X1          fast_vdd1v0       1.0260  
U7825                     NOR2X1          fast_vdd1v0       1.0260  
U7826                     NOR2X1          fast_vdd1v0       1.0260  
U7827                     NOR2X1          fast_vdd1v0       1.0260  
U7828                     NOR2X1          fast_vdd1v0       1.0260  
U7829                     NOR2X1          fast_vdd1v0       1.0260  
U7830                     NOR2X1          fast_vdd1v0       1.0260  
U7831                     NOR2X1          fast_vdd1v0       1.0260  
U7832                     NOR2X1          fast_vdd1v0       1.0260  
U7833                     NOR2X1          fast_vdd1v0       1.0260  
U7834                     NOR2X1          fast_vdd1v0       1.0260  
U7835                     NOR2X1          fast_vdd1v0       1.0260  
U7836                     NOR2X1          fast_vdd1v0       1.0260  
U7837                     NOR2X1          fast_vdd1v0       1.0260  
U7838                     NOR2X1          fast_vdd1v0       1.0260  
U7839                     NOR2X1          fast_vdd1v0       1.0260  
U7840                     NOR2X1          fast_vdd1v0       1.0260  
U7841                     NOR2X1          fast_vdd1v0       1.0260  
U7842                     NOR2X1          fast_vdd1v0       1.0260  
U7843                     NOR2X1          fast_vdd1v0       1.0260  
U7844                     NOR2X1          fast_vdd1v0       1.0260  
U7845                     NOR2X1          fast_vdd1v0       1.0260  
U7846                     NOR2X1          fast_vdd1v0       1.0260  
U7847                     NOR2X1          fast_vdd1v0       1.0260  
U7848                     NOR2X1          fast_vdd1v0       1.0260  
U7849                     NOR2X1          fast_vdd1v0       1.0260  
U7850                     NOR2X1          fast_vdd1v0       1.0260  
U7851                     NOR2X1          fast_vdd1v0       1.0260  
U7852                     NOR2X1          fast_vdd1v0       1.0260  
U7853                     NOR2X1          fast_vdd1v0       1.0260  
U7854                     NOR2X1          fast_vdd1v0       1.0260  
U7855                     NOR2X1          fast_vdd1v0       1.0260  
U7856                     NOR2X1          fast_vdd1v0       1.0260  
U7857                     NOR2X1          fast_vdd1v0       1.0260  
U7858                     NOR2X1          fast_vdd1v0       1.0260  
U7859                     NOR2X1          fast_vdd1v0       1.0260  
U7860                     NOR2X1          fast_vdd1v0       1.0260  
U7861                     NOR2X1          fast_vdd1v0       1.0260  
U7862                     NOR2X1          fast_vdd1v0       1.0260  
U7863                     NOR2X1          fast_vdd1v0       1.0260  
U7864                     NOR2X1          fast_vdd1v0       1.0260  
U7865                     NOR2X1          fast_vdd1v0       1.0260  
U7866                     NOR2X1          fast_vdd1v0       1.0260  
U7867                     NOR2X1          fast_vdd1v0       1.0260  
U7868                     NOR2X1          fast_vdd1v0       1.0260  
U7869                     NOR2X1          fast_vdd1v0       1.0260  
U7870                     NOR2X1          fast_vdd1v0       1.0260  
U7871                     NOR2X1          fast_vdd1v0       1.0260  
U7872                     NOR2X1          fast_vdd1v0       1.0260  
U7873                     NOR2X1          fast_vdd1v0       1.0260  
U7874                     NOR2X1          fast_vdd1v0       1.0260  
U7875                     NOR2X1          fast_vdd1v0       1.0260  
U7876                     NOR2X1          fast_vdd1v0       1.0260  
U7877                     NOR2X1          fast_vdd1v0       1.0260  
U7878                     NOR2X1          fast_vdd1v0       1.0260  
U7879                     NOR2X1          fast_vdd1v0       1.0260  
U7880                     NOR2X1          fast_vdd1v0       1.0260  
U7881                     NOR2X1          fast_vdd1v0       1.0260  
U7882                     NOR2X1          fast_vdd1v0       1.0260  
U7883                     NOR2X1          fast_vdd1v0       1.0260  
U7884                     NOR2X1          fast_vdd1v0       1.0260  
U7885                     NOR2X1          fast_vdd1v0       1.0260  
U7886                     NOR2X1          fast_vdd1v0       1.0260  
U7887                     NOR2X1          fast_vdd1v0       1.0260  
U7888                     NOR2X1          fast_vdd1v0       1.0260  
U7889                     NOR2X1          fast_vdd1v0       1.0260  
U7890                     NOR2X1          fast_vdd1v0       1.0260  
U7891                     NOR2X1          fast_vdd1v0       1.0260  
U7892                     NOR2X1          fast_vdd1v0       1.0260  
U7893                     NOR2X1          fast_vdd1v0       1.0260  
U7894                     BUFX2           fast_vdd1v0       1.7100  
U7895                     NOR2X1          fast_vdd1v0       1.0260  
U7896                     NOR2X1          fast_vdd1v0       1.0260  
U7897                     NOR2X1          fast_vdd1v0       1.0260  
U7898                     NOR2X1          fast_vdd1v0       1.0260  
U7899                     NOR2X1          fast_vdd1v0       1.0260  
U7900                     NOR2X1          fast_vdd1v0       1.0260  
U7901                     NOR2X1          fast_vdd1v0       1.0260  
U7902                     NOR2X1          fast_vdd1v0       1.0260  
U7903                     NOR2X1          fast_vdd1v0       1.0260  
U7904                     NOR2X1          fast_vdd1v0       1.0260  
U7905                     NOR2X1          fast_vdd1v0       1.0260  
U7906                     NOR2X1          fast_vdd1v0       1.0260  
U7907                     NOR2X1          fast_vdd1v0       1.0260  
U7908                     NOR2X1          fast_vdd1v0       1.0260  
U7909                     NOR2X1          fast_vdd1v0       1.0260  
U7910                     INVX1           fast_vdd1v0       0.6840  
U7911                     NOR2X1          fast_vdd1v0       1.0260  
U7912                     NOR2X1          fast_vdd1v0       1.0260  
U7913                     NOR2X1          fast_vdd1v0       1.0260  
U7914                     NOR2X1          fast_vdd1v0       1.0260  
U7915                     NOR2X1          fast_vdd1v0       1.0260  
U7916                     NOR2X1          fast_vdd1v0       1.0260  
U7917                     NOR2X1          fast_vdd1v0       1.0260  
U7918                     NOR2X1          fast_vdd1v0       1.0260  
U7919                     NOR2X1          fast_vdd1v0       1.0260  
U7920                     NOR2X1          fast_vdd1v0       1.0260  
U7921                     NOR2X1          fast_vdd1v0       1.0260  
U7922                     NOR2X1          fast_vdd1v0       1.0260  
U7923                     NOR2X1          fast_vdd1v0       1.0260  
U7924                     NOR2X1          fast_vdd1v0       1.0260  
U7925                     NOR2X1          fast_vdd1v0       1.0260  
U7926                     NOR2X1          fast_vdd1v0       1.0260  
U7927                     NOR2X1          fast_vdd1v0       1.0260  
U7928                     NOR2X1          fast_vdd1v0       1.0260  
U7929                     NOR2X1          fast_vdd1v0       1.0260  
U7930                     NOR2X1          fast_vdd1v0       1.0260  
U7931                     NOR2X1          fast_vdd1v0       1.0260  
U7932                     NOR2X1          fast_vdd1v0       1.0260  
U7933                     NOR2X1          fast_vdd1v0       1.0260  
U7934                     NOR2X1          fast_vdd1v0       1.0260  
U7935                     NOR2X1          fast_vdd1v0       1.0260  
U7936                     NOR2X1          fast_vdd1v0       1.0260  
U7937                     NOR2X1          fast_vdd1v0       1.0260  
U7938                     NOR2X1          fast_vdd1v0       1.0260  
U7939                     NOR2X1          fast_vdd1v0       1.0260  
U7940                     NOR2X1          fast_vdd1v0       1.0260  
U7941                     NOR2X1          fast_vdd1v0       1.0260  
U7942                     NOR2X1          fast_vdd1v0       1.0260  
U7943                     NOR2X1          fast_vdd1v0       1.0260  
U7944                     NOR2X1          fast_vdd1v0       1.0260  
U7945                     NOR2X1          fast_vdd1v0       1.0260  
U7946                     NOR2X1          fast_vdd1v0       1.0260  
U7947                     NOR2X1          fast_vdd1v0       1.0260  
U7948                     NOR2X1          fast_vdd1v0       1.0260  
U7949                     NOR2X1          fast_vdd1v0       1.0260  
U7950                     NOR2X1          fast_vdd1v0       1.0260  
U7951                     NOR2X1          fast_vdd1v0       1.0260  
U7952                     NOR2X1          fast_vdd1v0       1.0260  
U7953                     NOR2X1          fast_vdd1v0       1.0260  
U7954                     NOR2X1          fast_vdd1v0       1.0260  
U7955                     NOR2X1          fast_vdd1v0       1.0260  
U7956                     NOR2X1          fast_vdd1v0       1.0260  
U7957                     NOR2X1          fast_vdd1v0       1.0260  
U7958                     NOR2X1          fast_vdd1v0       1.0260  
U7959                     NOR2X1          fast_vdd1v0       1.0260  
U7960                     NOR2X1          fast_vdd1v0       1.0260  
U7961                     NOR2X1          fast_vdd1v0       1.0260  
U7962                     NOR2X1          fast_vdd1v0       1.0260  
U7963                     NOR2X1          fast_vdd1v0       1.0260  
U7964                     NOR2X1          fast_vdd1v0       1.0260  
U7965                     NOR2X1          fast_vdd1v0       1.0260  
U7966                     NOR2X1          fast_vdd1v0       1.0260  
U7967                     NOR2X1          fast_vdd1v0       1.0260  
U7968                     NOR2X1          fast_vdd1v0       1.0260  
U7969                     NOR2X1          fast_vdd1v0       1.0260  
U7970                     NOR2X1          fast_vdd1v0       1.0260  
U7971                     NOR2X1          fast_vdd1v0       1.0260  
U7972                     NOR2X1          fast_vdd1v0       1.0260  
U7973                     NOR2X1          fast_vdd1v0       1.0260  
U7974                     NOR2X1          fast_vdd1v0       1.0260  
U7975                     NOR2X1          fast_vdd1v0       1.0260  
U7976                     NOR2X1          fast_vdd1v0       1.0260  
U7977                     NOR2X1          fast_vdd1v0       1.0260  
U7978                     NOR2X1          fast_vdd1v0       1.0260  
U7979                     NOR2X1          fast_vdd1v0       1.0260  
U7980                     NOR2X1          fast_vdd1v0       1.0260  
U7981                     NOR2X1          fast_vdd1v0       1.0260  
U7982                     NOR2X1          fast_vdd1v0       1.0260  
U7983                     NOR2X1          fast_vdd1v0       1.0260  
U7984                     NOR2X1          fast_vdd1v0       1.0260  
U7985                     NOR2X1          fast_vdd1v0       1.0260  
U7986                     NOR2X1          fast_vdd1v0       1.0260  
U7987                     NOR2X1          fast_vdd1v0       1.0260  
U7988                     NOR2X1          fast_vdd1v0       1.0260  
U7989                     NOR2X1          fast_vdd1v0       1.0260  
U7990                     NOR2X1          fast_vdd1v0       1.0260  
U7991                     NOR2X1          fast_vdd1v0       1.0260  
U7992                     NOR2X1          fast_vdd1v0       1.0260  
U7993                     NOR2X1          fast_vdd1v0       1.0260  
U7994                     NOR2X1          fast_vdd1v0       1.0260  
U7995                     NOR2X1          fast_vdd1v0       1.0260  
U7996                     NOR2X1          fast_vdd1v0       1.0260  
U7997                     NOR2X1          fast_vdd1v0       1.0260  
U7998                     NOR2X1          fast_vdd1v0       1.0260  
U7999                     NOR2X1          fast_vdd1v0       1.0260  
U8000                     NOR2X1          fast_vdd1v0       1.0260  
U8001                     NOR2X1          fast_vdd1v0       1.0260  
U8002                     NOR2X1          fast_vdd1v0       1.0260  
U8003                     NOR2X1          fast_vdd1v0       1.0260  
U8004                     NOR2X1          fast_vdd1v0       1.0260  
U8005                     NOR2X1          fast_vdd1v0       1.0260  
U8006                     NOR2X1          fast_vdd1v0       1.0260  
U8007                     NOR2X1          fast_vdd1v0       1.0260  
U8008                     NOR2X1          fast_vdd1v0       1.0260  
U8009                     NOR2X1          fast_vdd1v0       1.0260  
U8010                     NOR2X1          fast_vdd1v0       1.0260  
U8011                     NOR2X1          fast_vdd1v0       1.0260  
U8012                     NOR2X1          fast_vdd1v0       1.0260  
U8013                     NOR2X1          fast_vdd1v0       1.0260  
U8014                     NOR2X1          fast_vdd1v0       1.0260  
U8015                     NOR2X1          fast_vdd1v0       1.0260  
U8016                     NOR2X1          fast_vdd1v0       1.0260  
U8017                     NOR2X1          fast_vdd1v0       1.0260  
U8018                     NOR2X1          fast_vdd1v0       1.0260  
U8019                     NOR2X1          fast_vdd1v0       1.0260  
U8020                     NOR2X1          fast_vdd1v0       1.0260  
U8021                     NOR2X1          fast_vdd1v0       1.0260  
U8022                     NOR2X1          fast_vdd1v0       1.0260  
U8023                     NOR2X1          fast_vdd1v0       1.0260  
U8024                     NOR2X1          fast_vdd1v0       1.0260  
U8025                     NOR2X1          fast_vdd1v0       1.0260  
U8026                     NOR2X1          fast_vdd1v0       1.0260  
U8027                     NOR2X1          fast_vdd1v0       1.0260  
U8028                     NOR2X1          fast_vdd1v0       1.0260  
U8029                     NOR2X1          fast_vdd1v0       1.0260  
U8030                     NOR2X1          fast_vdd1v0       1.0260  
U8031                     NOR2X1          fast_vdd1v0       1.0260  
U8032                     NOR2X1          fast_vdd1v0       1.0260  
U8033                     NOR2X1          fast_vdd1v0       1.0260  
U8034                     NOR2X1          fast_vdd1v0       1.0260  
U8035                     NOR2X1          fast_vdd1v0       1.0260  
U8036                     NOR2X1          fast_vdd1v0       1.0260  
U8037                     NOR2X1          fast_vdd1v0       1.0260  
U8038                     NOR2X1          fast_vdd1v0       1.0260  
U8039                     NOR2X1          fast_vdd1v0       1.0260  
U8040                     NOR2X1          fast_vdd1v0       1.0260  
U8041                     NOR2X1          fast_vdd1v0       1.0260  
U8042                     NOR2X1          fast_vdd1v0       1.0260  
U8043                     NOR2X1          fast_vdd1v0       1.0260  
U8044                     NOR2X1          fast_vdd1v0       1.0260  
U8045                     NOR2X1          fast_vdd1v0       1.0260  
U8046                     NOR2X1          fast_vdd1v0       1.0260  
U8047                     NOR2X1          fast_vdd1v0       1.0260  
U8048                     NOR2X1          fast_vdd1v0       1.0260  
U8049                     NOR2X1          fast_vdd1v0       1.0260  
U8050                     NOR2X1          fast_vdd1v0       1.0260  
U8051                     NOR2X1          fast_vdd1v0       1.0260  
U8052                     NOR2X1          fast_vdd1v0       1.0260  
U8053                     NOR2X1          fast_vdd1v0       1.0260  
U8054                     NOR2X1          fast_vdd1v0       1.0260  
U8055                     NOR2X1          fast_vdd1v0       1.0260  
U8056                     NOR2X1          fast_vdd1v0       1.0260  
U8057                     NOR2X1          fast_vdd1v0       1.0260  
U8058                     NOR2X1          fast_vdd1v0       1.0260  
U8059                     NOR2X1          fast_vdd1v0       1.0260  
U8060                     NOR2X1          fast_vdd1v0       1.0260  
U8061                     NOR2X1          fast_vdd1v0       1.0260  
U8062                     NOR2X1          fast_vdd1v0       1.0260  
U8063                     NOR2X1          fast_vdd1v0       1.0260  
U8064                     NOR2X1          fast_vdd1v0       1.0260  
U8065                     NOR2X1          fast_vdd1v0       1.0260  
U8066                     NOR2X1          fast_vdd1v0       1.0260  
U8067                     NOR2X1          fast_vdd1v0       1.0260  
U8068                     NOR2X1          fast_vdd1v0       1.0260  
U8069                     NOR2X1          fast_vdd1v0       1.0260  
U8070                     NOR2X1          fast_vdd1v0       1.0260  
U8071                     NOR2X1          fast_vdd1v0       1.0260  
U8072                     NOR2X1          fast_vdd1v0       1.0260  
U8073                     NOR2X1          fast_vdd1v0       1.0260  
U8074                     NOR2X1          fast_vdd1v0       1.0260  
U8075                     NOR2X1          fast_vdd1v0       1.0260  
U8076                     NOR2X1          fast_vdd1v0       1.0260  
U8077                     NOR2X1          fast_vdd1v0       1.0260  
U8078                     NOR2X1          fast_vdd1v0       1.0260  
U8079                     NOR2X1          fast_vdd1v0       1.0260  
U8080                     NOR2X1          fast_vdd1v0       1.0260  
U8081                     NOR2X1          fast_vdd1v0       1.0260  
U8082                     NOR2X1          fast_vdd1v0       1.0260  
U8083                     NOR2X1          fast_vdd1v0       1.0260  
U8084                     NOR2X1          fast_vdd1v0       1.0260  
U8085                     NOR2X1          fast_vdd1v0       1.0260  
U8086                     NOR2X1          fast_vdd1v0       1.0260  
U8087                     NOR2X1          fast_vdd1v0       1.0260  
U8088                     NOR2X1          fast_vdd1v0       1.0260  
U8089                     NOR2X1          fast_vdd1v0       1.0260  
U8090                     NOR2X1          fast_vdd1v0       1.0260  
U8091                     NOR2X1          fast_vdd1v0       1.0260  
U8092                     NOR2X1          fast_vdd1v0       1.0260  
U8093                     NOR2X1          fast_vdd1v0       1.0260  
U8094                     NOR2X1          fast_vdd1v0       1.0260  
U8095                     NOR2X1          fast_vdd1v0       1.0260  
U8096                     NOR2X1          fast_vdd1v0       1.0260  
U8097                     NOR2X1          fast_vdd1v0       1.0260  
U8098                     NOR2X1          fast_vdd1v0       1.0260  
U8099                     NOR2X1          fast_vdd1v0       1.0260  
U8100                     NOR2X1          fast_vdd1v0       1.0260  
U8101                     NOR2X1          fast_vdd1v0       1.0260  
U8102                     NOR2X1          fast_vdd1v0       1.0260  
U8103                     NOR2X1          fast_vdd1v0       1.0260  
U8104                     NOR2X1          fast_vdd1v0       1.0260  
U8105                     NOR2X1          fast_vdd1v0       1.0260  
U8106                     NOR2X1          fast_vdd1v0       1.0260  
U8107                     NOR2X1          fast_vdd1v0       1.0260  
U8108                     NOR2X1          fast_vdd1v0       1.0260  
U8109                     NOR2X1          fast_vdd1v0       1.0260  
U8110                     NOR2X1          fast_vdd1v0       1.0260  
U8111                     NOR2X1          fast_vdd1v0       1.0260  
U8112                     NOR2X1          fast_vdd1v0       1.0260  
U8113                     NOR2X1          fast_vdd1v0       1.0260  
U8114                     NOR2X1          fast_vdd1v0       1.0260  
U8115                     NOR2X1          fast_vdd1v0       1.0260  
U8116                     NOR2X1          fast_vdd1v0       1.0260  
U8117                     NOR2X1          fast_vdd1v0       1.0260  
U8118                     NOR2X1          fast_vdd1v0       1.0260  
U8119                     NOR2X1          fast_vdd1v0       1.0260  
U8120                     NOR2X1          fast_vdd1v0       1.0260  
U8121                     NOR2X1          fast_vdd1v0       1.0260  
U8122                     NOR2X1          fast_vdd1v0       1.0260  
U8123                     NOR2X1          fast_vdd1v0       1.0260  
U8124                     NOR2X1          fast_vdd1v0       1.0260  
U8125                     NOR2X1          fast_vdd1v0       1.0260  
U8126                     NOR2X1          fast_vdd1v0       1.0260  
U8127                     NOR2X1          fast_vdd1v0       1.0260  
U8128                     NOR2X1          fast_vdd1v0       1.0260  
U8129                     NOR2X1          fast_vdd1v0       1.0260  
U8130                     NOR2X1          fast_vdd1v0       1.0260  
U8131                     NOR2X1          fast_vdd1v0       1.0260  
U8132                     NOR2X1          fast_vdd1v0       1.0260  
U8133                     NOR2X1          fast_vdd1v0       1.0260  
U8134                     NOR2X1          fast_vdd1v0       1.0260  
U8135                     NOR2X1          fast_vdd1v0       1.0260  
U8136                     NOR2X1          fast_vdd1v0       1.0260  
U8137                     NOR2X1          fast_vdd1v0       1.0260  
U8138                     NOR2X1          fast_vdd1v0       1.0260  
U8139                     NOR2X1          fast_vdd1v0       1.0260  
U8140                     NOR2X1          fast_vdd1v0       1.0260  
U8141                     NOR2X1          fast_vdd1v0       1.0260  
U8142                     NOR2X1          fast_vdd1v0       1.0260  
U8143                     NOR2X1          fast_vdd1v0       1.0260  
U8144                     NOR2X1          fast_vdd1v0       1.0260  
U8145                     NOR2X1          fast_vdd1v0       1.0260  
U8146                     NOR2X1          fast_vdd1v0       1.0260  
U8147                     NOR2X1          fast_vdd1v0       1.0260  
U8148                     NOR2X1          fast_vdd1v0       1.0260  
U8149                     NOR2X1          fast_vdd1v0       1.0260  
U8150                     NOR2X1          fast_vdd1v0       1.0260  
U8151                     NOR2X1          fast_vdd1v0       1.0260  
U8152                     NOR2X1          fast_vdd1v0       1.0260  
U8153                     NOR2X1          fast_vdd1v0       1.0260  
U8154                     NOR2X1          fast_vdd1v0       1.0260  
U8155                     NOR2X1          fast_vdd1v0       1.0260  
U8156                     NOR2X1          fast_vdd1v0       1.0260  
U8157                     NOR2X1          fast_vdd1v0       1.0260  
U8158                     NOR2X1          fast_vdd1v0       1.0260  
U8159                     NOR2X1          fast_vdd1v0       1.0260  
U8160                     NOR2X1          fast_vdd1v0       1.0260  
U8161                     NOR2X1          fast_vdd1v0       1.0260  
U8162                     NOR2X1          fast_vdd1v0       1.0260  
U8163                     NOR2X1          fast_vdd1v0       1.0260  
U8164                     NOR2X1          fast_vdd1v0       1.0260  
U8165                     NOR2X1          fast_vdd1v0       1.0260  
U8166                     NOR2X1          fast_vdd1v0       1.0260  
U8167                     NOR2X1          fast_vdd1v0       1.0260  
U8168                     NOR2X1          fast_vdd1v0       1.0260  
U8169                     NOR2X1          fast_vdd1v0       1.0260  
U8170                     NOR2X1          fast_vdd1v0       1.0260  
U8171                     NOR2X1          fast_vdd1v0       1.0260  
U8172                     NOR2X1          fast_vdd1v0       1.0260  
U8173                     NOR2X1          fast_vdd1v0       1.0260  
U8174                     NOR2X1          fast_vdd1v0       1.0260  
U8175                     NOR2X1          fast_vdd1v0       1.0260  
U8176                     NOR2X1          fast_vdd1v0       1.0260  
U8177                     NOR2X1          fast_vdd1v0       1.0260  
U8178                     NOR2X1          fast_vdd1v0       1.0260  
U8179                     NOR2X1          fast_vdd1v0       1.0260  
U8180                     NOR2X1          fast_vdd1v0       1.0260  
U8181                     NOR2X1          fast_vdd1v0       1.0260  
U8182                     NOR2X1          fast_vdd1v0       1.0260  
U8183                     NOR2X1          fast_vdd1v0       1.0260  
U8184                     NOR2X1          fast_vdd1v0       1.0260  
U8185                     NOR2X1          fast_vdd1v0       1.0260  
U8186                     NOR2X1          fast_vdd1v0       1.0260  
U8187                     NOR2X1          fast_vdd1v0       1.0260  
U8188                     NOR2X1          fast_vdd1v0       1.0260  
U8189                     NOR2X1          fast_vdd1v0       1.0260  
U8190                     NOR2X1          fast_vdd1v0       1.0260  
U8191                     NOR2X1          fast_vdd1v0       1.0260  
U8192                     NOR2X1          fast_vdd1v0       1.0260  
U8193                     NOR2X1          fast_vdd1v0       1.0260  
U8194                     NOR2X1          fast_vdd1v0       1.0260  
U8195                     NOR2X1          fast_vdd1v0       1.0260  
U8196                     NOR2X1          fast_vdd1v0       1.0260  
U8197                     NOR2X1          fast_vdd1v0       1.0260  
U8198                     NOR2X1          fast_vdd1v0       1.0260  
U8199                     NOR2X1          fast_vdd1v0       1.0260  
U8200                     NOR2X1          fast_vdd1v0       1.0260  
U8201                     NOR2X1          fast_vdd1v0       1.0260  
U8202                     NOR2X1          fast_vdd1v0       1.0260  
U8203                     NOR2X1          fast_vdd1v0       1.0260  
U8204                     NOR2X1          fast_vdd1v0       1.0260  
U8205                     NOR2X1          fast_vdd1v0       1.0260  
U8206                     NOR2X1          fast_vdd1v0       1.0260  
U8207                     NOR2X1          fast_vdd1v0       1.0260  
U8208                     NOR2X1          fast_vdd1v0       1.0260  
U8209                     NOR2X1          fast_vdd1v0       1.0260  
U8210                     NOR2X1          fast_vdd1v0       1.0260  
U8211                     NOR2X1          fast_vdd1v0       1.0260  
U8212                     NOR2X1          fast_vdd1v0       1.0260  
U8213                     NOR2X1          fast_vdd1v0       1.0260  
U8214                     NOR2X1          fast_vdd1v0       1.0260  
U8215                     NOR2X1          fast_vdd1v0       1.0260  
U8216                     NOR2X1          fast_vdd1v0       1.0260  
U8217                     NOR2X1          fast_vdd1v0       1.0260  
U8218                     NOR2X1          fast_vdd1v0       1.0260  
U8219                     NOR2X1          fast_vdd1v0       1.0260  
U8220                     NOR2X1          fast_vdd1v0       1.0260  
U8221                     NOR2X1          fast_vdd1v0       1.0260  
U8222                     NOR2X1          fast_vdd1v0       1.0260  
U8223                     NOR2X1          fast_vdd1v0       1.0260  
U8224                     NOR2X1          fast_vdd1v0       1.0260  
U8225                     NOR2X1          fast_vdd1v0       1.0260  
U8226                     NOR2X1          fast_vdd1v0       1.0260  
U8227                     NOR2X1          fast_vdd1v0       1.0260  
U8228                     NOR2X1          fast_vdd1v0       1.0260  
U8229                     NOR2X1          fast_vdd1v0       1.0260  
U8230                     NOR2X1          fast_vdd1v0       1.0260  
U8231                     NOR2X1          fast_vdd1v0       1.0260  
U8232                     NOR2X1          fast_vdd1v0       1.0260  
U8233                     NOR2X1          fast_vdd1v0       1.0260  
U8234                     NOR2X1          fast_vdd1v0       1.0260  
U8235                     NOR2X1          fast_vdd1v0       1.0260  
U8236                     NOR2X1          fast_vdd1v0       1.0260  
U8237                     NOR2X1          fast_vdd1v0       1.0260  
U8238                     NOR2X1          fast_vdd1v0       1.0260  
U8239                     NOR2X1          fast_vdd1v0       1.0260  
U8240                     NOR2X1          fast_vdd1v0       1.0260  
U8241                     NOR2X1          fast_vdd1v0       1.0260  
U8242                     NOR2X1          fast_vdd1v0       1.0260  
U8243                     NOR2X1          fast_vdd1v0       1.0260  
U8244                     NOR2X1          fast_vdd1v0       1.0260  
U8245                     NOR2X1          fast_vdd1v0       1.0260  
U8246                     NOR2X1          fast_vdd1v0       1.0260  
U8247                     NOR2X1          fast_vdd1v0       1.0260  
U8248                     NOR2X1          fast_vdd1v0       1.0260  
U8249                     NOR2X1          fast_vdd1v0       1.0260  
U8250                     NOR2X1          fast_vdd1v0       1.0260  
U8251                     NOR2X1          fast_vdd1v0       1.0260  
U8252                     NOR2X1          fast_vdd1v0       1.0260  
U8253                     NOR2X1          fast_vdd1v0       1.0260  
U8254                     NOR2X1          fast_vdd1v0       1.0260  
U8255                     NOR2X1          fast_vdd1v0       1.0260  
U8256                     NOR2X1          fast_vdd1v0       1.0260  
U8257                     NOR2X1          fast_vdd1v0       1.0260  
U8258                     NOR2X1          fast_vdd1v0       1.0260  
U8259                     NOR2X1          fast_vdd1v0       1.0260  
U8260                     NOR2X1          fast_vdd1v0       1.0260  
U8261                     NOR2X1          fast_vdd1v0       1.0260  
U8262                     NOR2X1          fast_vdd1v0       1.0260  
U8263                     NOR2X1          fast_vdd1v0       1.0260  
U8264                     NOR2X1          fast_vdd1v0       1.0260  
U8265                     NOR2X1          fast_vdd1v0       1.0260  
U8266                     NOR2X1          fast_vdd1v0       1.0260  
U8267                     NOR2X1          fast_vdd1v0       1.0260  
U8268                     NOR2X1          fast_vdd1v0       1.0260  
U8269                     NOR2X1          fast_vdd1v0       1.0260  
U8270                     NOR2X1          fast_vdd1v0       1.0260  
U8271                     NOR2X1          fast_vdd1v0       1.0260  
U8272                     NOR2X1          fast_vdd1v0       1.0260  
U8273                     NOR2X1          fast_vdd1v0       1.0260  
U8274                     NOR2X1          fast_vdd1v0       1.0260  
U8275                     NOR2X1          fast_vdd1v0       1.0260  
U8276                     NOR2X1          fast_vdd1v0       1.0260  
U8277                     NOR2X1          fast_vdd1v0       1.0260  
U8278                     NOR2X1          fast_vdd1v0       1.0260  
U8279                     NOR2X1          fast_vdd1v0       1.0260  
U8280                     NOR2X1          fast_vdd1v0       1.0260  
U8281                     NOR2X1          fast_vdd1v0       1.0260  
U8282                     NOR2X1          fast_vdd1v0       1.0260  
U8283                     NOR2X1          fast_vdd1v0       1.0260  
U8284                     NOR2X1          fast_vdd1v0       1.0260  
U8285                     NOR2X1          fast_vdd1v0       1.0260  
U8286                     NOR2X1          fast_vdd1v0       1.0260  
U8287                     NOR2X1          fast_vdd1v0       1.0260  
U8288                     NOR2X1          fast_vdd1v0       1.0260  
U8289                     NOR2X1          fast_vdd1v0       1.0260  
U8290                     NOR2X1          fast_vdd1v0       1.0260  
U8291                     NOR2X1          fast_vdd1v0       1.0260  
U8292                     NOR2X1          fast_vdd1v0       1.0260  
U8293                     NOR2X1          fast_vdd1v0       1.0260  
U8294                     NOR2X1          fast_vdd1v0       1.0260  
U8295                     NOR2X1          fast_vdd1v0       1.0260  
U8296                     NOR2X1          fast_vdd1v0       1.0260  
U8297                     NOR2X1          fast_vdd1v0       1.0260  
U8298                     NOR2X1          fast_vdd1v0       1.0260  
U8299                     NOR2X1          fast_vdd1v0       1.0260  
U8300                     NOR2X1          fast_vdd1v0       1.0260  
U8301                     NOR2X1          fast_vdd1v0       1.0260  
U8302                     NOR2X1          fast_vdd1v0       1.0260  
U8303                     NOR2X1          fast_vdd1v0       1.0260  
U8304                     NOR2X1          fast_vdd1v0       1.0260  
U8305                     NOR2X1          fast_vdd1v0       1.0260  
U8306                     NOR2X1          fast_vdd1v0       1.0260  
U8307                     NOR2X1          fast_vdd1v0       1.0260  
U8308                     NOR2X1          fast_vdd1v0       1.0260  
U8309                     NOR2X1          fast_vdd1v0       1.0260  
U8310                     NOR2X1          fast_vdd1v0       1.0260  
U8311                     NOR2X1          fast_vdd1v0       1.0260  
U8312                     NOR2X1          fast_vdd1v0       1.0260  
U8313                     NOR2X1          fast_vdd1v0       1.0260  
U8314                     NOR2X1          fast_vdd1v0       1.0260  
U8315                     NOR2X1          fast_vdd1v0       1.0260  
U8316                     NOR2X1          fast_vdd1v0       1.0260  
U8317                     NOR2X1          fast_vdd1v0       1.0260  
U8318                     NOR2X1          fast_vdd1v0       1.0260  
U8319                     NOR2X1          fast_vdd1v0       1.0260  
U8320                     NOR2X1          fast_vdd1v0       1.0260  
U8321                     NOR2X1          fast_vdd1v0       1.0260  
U8322                     NOR2X1          fast_vdd1v0       1.0260  
U8323                     NOR2X1          fast_vdd1v0       1.0260  
U8324                     NOR2X1          fast_vdd1v0       1.0260  
U8325                     NOR2X1          fast_vdd1v0       1.0260  
U8326                     NOR2X1          fast_vdd1v0       1.0260  
U8327                     NOR2X1          fast_vdd1v0       1.0260  
U8328                     NOR2X1          fast_vdd1v0       1.0260  
U8329                     NOR2X1          fast_vdd1v0       1.0260  
U8330                     NOR2X1          fast_vdd1v0       1.0260  
U8331                     NOR2X1          fast_vdd1v0       1.0260  
U8332                     NOR2X1          fast_vdd1v0       1.0260  
U8333                     NOR2X1          fast_vdd1v0       1.0260  
U8334                     NOR2X1          fast_vdd1v0       1.0260  
U8335                     NOR2X1          fast_vdd1v0       1.0260  
U8336                     NOR2X1          fast_vdd1v0       1.0260  
U8337                     NOR2X1          fast_vdd1v0       1.0260  
U8338                     NOR2X1          fast_vdd1v0       1.0260  
U8339                     NOR2X1          fast_vdd1v0       1.0260  
U8340                     NOR2X1          fast_vdd1v0       1.0260  
U8341                     NOR2X1          fast_vdd1v0       1.0260  
U8342                     NOR2X1          fast_vdd1v0       1.0260  
U8343                     NOR2X1          fast_vdd1v0       1.0260  
U8344                     NOR2X1          fast_vdd1v0       1.0260  
U8345                     NOR2X1          fast_vdd1v0       1.0260  
U8346                     NOR2X1          fast_vdd1v0       1.0260  
U8347                     NOR2X1          fast_vdd1v0       1.0260  
U8348                     NOR2X1          fast_vdd1v0       1.0260  
U8349                     NOR2X1          fast_vdd1v0       1.0260  
U8350                     NOR2X1          fast_vdd1v0       1.0260  
U8351                     NOR2X1          fast_vdd1v0       1.0260  
U8352                     NOR2X1          fast_vdd1v0       1.0260  
U8353                     NOR2X1          fast_vdd1v0       1.0260  
U8354                     NOR2X1          fast_vdd1v0       1.0260  
U8355                     NOR2X1          fast_vdd1v0       1.0260  
U8356                     NOR2X1          fast_vdd1v0       1.0260  
U8357                     NOR2X1          fast_vdd1v0       1.0260  
U8358                     NOR2X1          fast_vdd1v0       1.0260  
U8359                     NOR2X1          fast_vdd1v0       1.0260  
U8360                     NOR2X1          fast_vdd1v0       1.0260  
U8361                     NOR2X1          fast_vdd1v0       1.0260  
U8362                     NOR2X1          fast_vdd1v0       1.0260  
U8363                     NOR2X1          fast_vdd1v0       1.0260  
U8364                     NOR2X1          fast_vdd1v0       1.0260  
U8365                     NOR2X1          fast_vdd1v0       1.0260  
U8366                     NOR2X1          fast_vdd1v0       1.0260  
U8367                     NOR2X1          fast_vdd1v0       1.0260  
U8368                     NOR2X1          fast_vdd1v0       1.0260  
U8369                     NOR2X1          fast_vdd1v0       1.0260  
U8370                     NOR2X1          fast_vdd1v0       1.0260  
U8371                     NOR2X1          fast_vdd1v0       1.0260  
U8372                     NOR2X1          fast_vdd1v0       1.0260  
U8373                     NOR2X1          fast_vdd1v0       1.0260  
U8374                     NOR2X1          fast_vdd1v0       1.0260  
U8375                     NOR2X1          fast_vdd1v0       1.0260  
U8376                     NOR2X1          fast_vdd1v0       1.0260  
U8377                     NOR2X1          fast_vdd1v0       1.0260  
U8378                     NOR2X1          fast_vdd1v0       1.0260  
U8379                     NOR2X1          fast_vdd1v0       1.0260  
U8380                     NOR2X1          fast_vdd1v0       1.0260  
U8381                     NOR2X1          fast_vdd1v0       1.0260  
U8382                     NOR2X1          fast_vdd1v0       1.0260  
U8383                     NOR2X1          fast_vdd1v0       1.0260  
U8384                     NOR2X1          fast_vdd1v0       1.0260  
U8385                     NOR2X1          fast_vdd1v0       1.0260  
U8386                     NOR2X1          fast_vdd1v0       1.0260  
U8387                     NOR2X1          fast_vdd1v0       1.0260  
U8388                     NOR2X1          fast_vdd1v0       1.0260  
U8389                     NOR2X1          fast_vdd1v0       1.0260  
U8390                     NOR2X1          fast_vdd1v0       1.0260  
U8391                     NOR2X1          fast_vdd1v0       1.0260  
U8392                     NOR2X1          fast_vdd1v0       1.0260  
U8393                     NOR2X1          fast_vdd1v0       1.0260  
U8394                     NOR2X1          fast_vdd1v0       1.0260  
U8395                     NOR2X1          fast_vdd1v0       1.0260  
U8396                     NOR2X1          fast_vdd1v0       1.0260  
U8397                     NOR2X1          fast_vdd1v0       1.0260  
U8398                     NOR2X1          fast_vdd1v0       1.0260  
U8399                     NOR2X1          fast_vdd1v0       1.0260  
U8400                     NOR2X1          fast_vdd1v0       1.0260  
U8401                     NOR2X1          fast_vdd1v0       1.0260  
U8402                     NOR2X1          fast_vdd1v0       1.0260  
U8403                     NOR2X1          fast_vdd1v0       1.0260  
U8404                     NOR2X1          fast_vdd1v0       1.0260  
U8405                     NOR2X1          fast_vdd1v0       1.0260  
U8406                     NOR2X1          fast_vdd1v0       1.0260  
U8407                     NOR2X1          fast_vdd1v0       1.0260  
U8408                     NOR2X1          fast_vdd1v0       1.0260  
U8409                     NOR2X1          fast_vdd1v0       1.0260  
U8410                     NOR2X1          fast_vdd1v0       1.0260  
U8411                     NOR2X1          fast_vdd1v0       1.0260  
U8412                     NOR2X1          fast_vdd1v0       1.0260  
U8413                     NOR2X1          fast_vdd1v0       1.0260  
U8414                     NOR2X1          fast_vdd1v0       1.0260  
U8415                     NOR2X1          fast_vdd1v0       1.0260  
U8416                     NOR2X1          fast_vdd1v0       1.0260  
U8417                     NOR2X1          fast_vdd1v0       1.0260  
U8418                     NOR2X1          fast_vdd1v0       1.0260  
U8419                     NOR2X1          fast_vdd1v0       1.0260  
U8420                     NOR2X1          fast_vdd1v0       1.0260  
U8421                     NOR2X1          fast_vdd1v0       1.0260  
U8422                     NOR2X1          fast_vdd1v0       1.0260  
U8423                     NOR2X1          fast_vdd1v0       1.0260  
U8424                     NOR2X1          fast_vdd1v0       1.0260  
U8425                     NOR2X1          fast_vdd1v0       1.0260  
U8426                     NOR2X1          fast_vdd1v0       1.0260  
U8427                     NOR2X1          fast_vdd1v0       1.0260  
U8428                     NOR2X1          fast_vdd1v0       1.0260  
U8429                     NOR2X1          fast_vdd1v0       1.0260  
U8430                     NOR2X1          fast_vdd1v0       1.0260  
U8431                     NOR2X1          fast_vdd1v0       1.0260  
U8432                     NOR2X1          fast_vdd1v0       1.0260  
U8433                     NOR2X1          fast_vdd1v0       1.0260  
U8434                     NOR2X1          fast_vdd1v0       1.0260  
U8435                     NOR2X1          fast_vdd1v0       1.0260  
U8436                     NOR2X1          fast_vdd1v0       1.0260  
U8437                     NOR2X1          fast_vdd1v0       1.0260  
U8438                     NOR2X1          fast_vdd1v0       1.0260  
U8439                     NOR2X1          fast_vdd1v0       1.0260  
U8440                     NOR2X1          fast_vdd1v0       1.0260  
U8441                     NOR2X1          fast_vdd1v0       1.0260  
U8442                     NOR2X1          fast_vdd1v0       1.0260  
U8443                     NOR2X1          fast_vdd1v0       1.0260  
U8444                     NOR2X1          fast_vdd1v0       1.0260  
U8445                     NOR2X1          fast_vdd1v0       1.0260  
U8446                     NOR2X1          fast_vdd1v0       1.0260  
U8447                     NOR2X1          fast_vdd1v0       1.0260  
U8448                     NOR2X1          fast_vdd1v0       1.0260  
U8449                     NOR2X1          fast_vdd1v0       1.0260  
U8450                     NOR2X1          fast_vdd1v0       1.0260  
U8451                     NOR2X1          fast_vdd1v0       1.0260  
U8452                     NOR2X1          fast_vdd1v0       1.0260  
U8453                     NOR2X1          fast_vdd1v0       1.0260  
U8454                     NOR2X1          fast_vdd1v0       1.0260  
U8455                     NOR2X1          fast_vdd1v0       1.0260  
U8456                     NOR2X1          fast_vdd1v0       1.0260  
U8457                     NOR2X1          fast_vdd1v0       1.0260  
U8458                     NOR2X1          fast_vdd1v0       1.0260  
U8459                     NOR2X1          fast_vdd1v0       1.0260  
U8460                     NOR2X1          fast_vdd1v0       1.0260  
U8461                     NOR2X1          fast_vdd1v0       1.0260  
U8462                     NOR2X1          fast_vdd1v0       1.0260  
U8463                     NOR2X1          fast_vdd1v0       1.0260  
U8464                     NOR2X1          fast_vdd1v0       1.0260  
U8465                     NOR2X1          fast_vdd1v0       1.0260  
U8466                     NOR2X1          fast_vdd1v0       1.0260  
U8467                     NOR2X1          fast_vdd1v0       1.0260  
U8468                     NOR2X1          fast_vdd1v0       1.0260  
U8469                     NOR2X1          fast_vdd1v0       1.0260  
U8470                     NOR2X1          fast_vdd1v0       1.0260  
U8471                     NOR2X1          fast_vdd1v0       1.0260  
U8472                     NOR2X1          fast_vdd1v0       1.0260  
U8473                     NOR2X1          fast_vdd1v0       1.0260  
U8474                     NOR2X1          fast_vdd1v0       1.0260  
U8475                     NOR2X1          fast_vdd1v0       1.0260  
U8476                     NOR2X1          fast_vdd1v0       1.0260  
U8477                     NOR2X1          fast_vdd1v0       1.0260  
U8478                     NOR2X1          fast_vdd1v0       1.0260  
U8479                     NOR2X1          fast_vdd1v0       1.0260  
U8480                     NOR2X1          fast_vdd1v0       1.0260  
U8481                     NOR2X1          fast_vdd1v0       1.0260  
U8482                     NOR2X1          fast_vdd1v0       1.0260  
U8483                     NOR2X1          fast_vdd1v0       1.0260  
U8484                     NOR2X1          fast_vdd1v0       1.0260  
U8485                     NOR2X1          fast_vdd1v0       1.0260  
U8486                     NOR2X1          fast_vdd1v0       1.0260  
U8487                     NOR2X1          fast_vdd1v0       1.0260  
U8488                     NOR2X1          fast_vdd1v0       1.0260  
U8489                     NOR2X1          fast_vdd1v0       1.0260  
U8490                     NOR2X1          fast_vdd1v0       1.0260  
U8491                     NOR2X1          fast_vdd1v0       1.0260  
U8492                     NOR2X1          fast_vdd1v0       1.0260  
U8493                     NOR2X1          fast_vdd1v0       1.0260  
U8494                     NOR2X1          fast_vdd1v0       1.0260  
U8495                     NOR2X1          fast_vdd1v0       1.0260  
U8496                     NOR2X1          fast_vdd1v0       1.0260  
U8497                     NOR2X1          fast_vdd1v0       1.0260  
U8498                     NOR2X1          fast_vdd1v0       1.0260  
U8499                     NOR2X1          fast_vdd1v0       1.0260  
U8500                     NOR2X1          fast_vdd1v0       1.0260  
U8501                     NOR2X1          fast_vdd1v0       1.0260  
U8502                     NOR2X1          fast_vdd1v0       1.0260  
U8503                     NOR2X1          fast_vdd1v0       1.0260  
U8504                     NOR2X1          fast_vdd1v0       1.0260  
U8505                     NOR2X1          fast_vdd1v0       1.0260  
U8506                     NOR2X1          fast_vdd1v0       1.0260  
U8507                     NOR2X1          fast_vdd1v0       1.0260  
U8508                     NOR2X1          fast_vdd1v0       1.0260  
U8509                     NOR2X1          fast_vdd1v0       1.0260  
U8510                     NOR2X1          fast_vdd1v0       1.0260  
U8511                     NOR2X1          fast_vdd1v0       1.0260  
U8512                     NOR2X1          fast_vdd1v0       1.0260  
U8513                     NOR2X1          fast_vdd1v0       1.0260  
U8514                     NOR2X1          fast_vdd1v0       1.0260  
U8515                     NOR2X1          fast_vdd1v0       1.0260  
U8516                     NOR2X1          fast_vdd1v0       1.0260  
U8517                     NOR2X1          fast_vdd1v0       1.0260  
U8518                     NOR2X1          fast_vdd1v0       1.0260  
U8519                     NOR2X1          fast_vdd1v0       1.0260  
U8520                     NOR2X1          fast_vdd1v0       1.0260  
U8521                     NOR2X1          fast_vdd1v0       1.0260  
U8522                     NOR2X1          fast_vdd1v0       1.0260  
U8523                     NOR2X1          fast_vdd1v0       1.0260  
U8524                     NOR2X1          fast_vdd1v0       1.0260  
U8525                     NOR2X1          fast_vdd1v0       1.0260  
U8526                     NOR2X1          fast_vdd1v0       1.0260  
U8527                     NOR2X1          fast_vdd1v0       1.0260  
U8528                     NOR2X1          fast_vdd1v0       1.0260  
U8529                     NOR2X1          fast_vdd1v0       1.0260  
U8530                     NOR2X1          fast_vdd1v0       1.0260  
U8531                     NOR2X1          fast_vdd1v0       1.0260  
U8532                     NOR2X1          fast_vdd1v0       1.0260  
U8533                     NOR2X1          fast_vdd1v0       1.0260  
U8534                     NOR2X1          fast_vdd1v0       1.0260  
U8535                     NOR2X1          fast_vdd1v0       1.0260  
U8536                     NOR2X1          fast_vdd1v0       1.0260  
U8537                     NOR2X1          fast_vdd1v0       1.0260  
U8538                     NOR2X1          fast_vdd1v0       1.0260  
U8539                     NOR2X1          fast_vdd1v0       1.0260  
U8540                     NOR2X1          fast_vdd1v0       1.0260  
U8541                     NOR2X1          fast_vdd1v0       1.0260  
U8542                     NOR2X1          fast_vdd1v0       1.0260  
U8543                     NOR2X1          fast_vdd1v0       1.0260  
U8544                     NOR2X1          fast_vdd1v0       1.0260  
U8545                     NOR2X1          fast_vdd1v0       1.0260  
U8546                     NOR2X1          fast_vdd1v0       1.0260  
U8547                     NOR2X1          fast_vdd1v0       1.0260  
U8548                     NOR2X1          fast_vdd1v0       1.0260  
U8549                     NOR2X1          fast_vdd1v0       1.0260  
U8550                     NOR2X1          fast_vdd1v0       1.0260  
U8551                     NOR2X1          fast_vdd1v0       1.0260  
U8552                     NOR2X1          fast_vdd1v0       1.0260  
U8553                     NOR2X1          fast_vdd1v0       1.0260  
U8554                     NOR2X1          fast_vdd1v0       1.0260  
U8555                     NOR2X1          fast_vdd1v0       1.0260  
U8556                     NOR2X1          fast_vdd1v0       1.0260  
U8557                     NOR2X1          fast_vdd1v0       1.0260  
U8558                     NOR2X1          fast_vdd1v0       1.0260  
U8559                     NOR2X1          fast_vdd1v0       1.0260  
U8560                     NOR2X1          fast_vdd1v0       1.0260  
U8561                     NOR2X1          fast_vdd1v0       1.0260  
U8562                     NOR2X1          fast_vdd1v0       1.0260  
U8563                     NOR2X1          fast_vdd1v0       1.0260  
U8564                     NOR2X1          fast_vdd1v0       1.0260  
U8565                     NOR2X1          fast_vdd1v0       1.0260  
U8566                     NOR2X1          fast_vdd1v0       1.0260  
U8567                     NOR2X1          fast_vdd1v0       1.0260  
U8568                     NOR2X1          fast_vdd1v0       1.0260  
U8569                     NOR2X1          fast_vdd1v0       1.0260  
U8570                     NOR2X1          fast_vdd1v0       1.0260  
U8571                     NOR2X1          fast_vdd1v0       1.0260  
U8572                     NOR2X1          fast_vdd1v0       1.0260  
U8573                     NOR2X1          fast_vdd1v0       1.0260  
U8574                     NOR2X1          fast_vdd1v0       1.0260  
U8575                     NOR2X1          fast_vdd1v0       1.0260  
U8576                     NOR2X1          fast_vdd1v0       1.0260  
U8577                     NOR2X1          fast_vdd1v0       1.0260  
U8578                     NOR2X1          fast_vdd1v0       1.0260  
U8579                     NOR2X1          fast_vdd1v0       1.0260  
U8580                     NOR2X1          fast_vdd1v0       1.0260  
U8581                     NOR2X1          fast_vdd1v0       1.0260  
U8582                     NOR2X1          fast_vdd1v0       1.0260  
U8583                     NOR2X1          fast_vdd1v0       1.0260  
U8584                     NOR2X1          fast_vdd1v0       1.0260  
U8585                     NOR2X1          fast_vdd1v0       1.0260  
U8586                     NOR2X1          fast_vdd1v0       1.0260  
U8587                     NOR2X1          fast_vdd1v0       1.0260  
U8588                     NOR2X1          fast_vdd1v0       1.0260  
U8589                     NOR2X1          fast_vdd1v0       1.0260  
U8590                     NOR2X1          fast_vdd1v0       1.0260  
U8591                     NOR2X1          fast_vdd1v0       1.0260  
U8592                     NOR2X1          fast_vdd1v0       1.0260  
U8593                     NOR2X1          fast_vdd1v0       1.0260  
U8594                     NOR2X1          fast_vdd1v0       1.0260  
U8595                     NOR2X1          fast_vdd1v0       1.0260  
U8596                     NOR2X1          fast_vdd1v0       1.0260  
U8597                     NOR2X1          fast_vdd1v0       1.0260  
U8598                     NOR2X1          fast_vdd1v0       1.0260  
U8599                     NOR2X1          fast_vdd1v0       1.0260  
U8600                     NOR2X1          fast_vdd1v0       1.0260  
U8601                     NOR2X1          fast_vdd1v0       1.0260  
U8602                     NOR2X1          fast_vdd1v0       1.0260  
U8603                     NOR2X1          fast_vdd1v0       1.0260  
U8604                     NOR2X1          fast_vdd1v0       1.0260  
U8605                     NOR2X1          fast_vdd1v0       1.0260  
U8606                     NOR2X1          fast_vdd1v0       1.0260  
U8607                     NOR2X1          fast_vdd1v0       1.0260  
U8608                     NOR2X1          fast_vdd1v0       1.0260  
U8609                     NOR2X1          fast_vdd1v0       1.0260  
U8610                     NOR2X1          fast_vdd1v0       1.0260  
U8611                     NOR2X1          fast_vdd1v0       1.0260  
U8612                     NOR2X1          fast_vdd1v0       1.0260  
U8613                     NOR2X1          fast_vdd1v0       1.0260  
U8614                     NOR2X1          fast_vdd1v0       1.0260  
U8615                     NOR2X1          fast_vdd1v0       1.0260  
U8616                     NOR2X1          fast_vdd1v0       1.0260  
U8617                     NOR2X1          fast_vdd1v0       1.0260  
U8618                     NOR2X1          fast_vdd1v0       1.0260  
U8619                     NOR2X1          fast_vdd1v0       1.0260  
U8620                     NOR2X1          fast_vdd1v0       1.0260  
U8621                     NOR2X1          fast_vdd1v0       1.0260  
U8622                     NOR2X1          fast_vdd1v0       1.0260  
U8623                     NOR2X1          fast_vdd1v0       1.0260  
U8624                     NOR2X1          fast_vdd1v0       1.0260  
U8625                     NOR2X1          fast_vdd1v0       1.0260  
U8626                     NOR2X1          fast_vdd1v0       1.0260  
U8627                     NOR2X1          fast_vdd1v0       1.0260  
U8628                     NOR2X1          fast_vdd1v0       1.0260  
U8629                     NOR2X1          fast_vdd1v0       1.0260  
U8630                     NOR2X1          fast_vdd1v0       1.0260  
U8631                     NOR2X1          fast_vdd1v0       1.0260  
U8632                     NOR2X1          fast_vdd1v0       1.0260  
U8633                     NOR2X1          fast_vdd1v0       1.0260  
U8634                     NOR2X1          fast_vdd1v0       1.0260  
U8635                     NOR2X1          fast_vdd1v0       1.0260  
U8636                     NOR2X1          fast_vdd1v0       1.0260  
U8637                     NOR2X1          fast_vdd1v0       1.0260  
U8638                     NOR2X1          fast_vdd1v0       1.0260  
U8639                     NOR2X1          fast_vdd1v0       1.0260  
U8640                     NOR2X1          fast_vdd1v0       1.0260  
U8641                     NOR2X1          fast_vdd1v0       1.0260  
U8642                     NOR2X1          fast_vdd1v0       1.0260  
U8643                     NOR2X1          fast_vdd1v0       1.0260  
U8644                     NOR2X1          fast_vdd1v0       1.0260  
U8645                     NOR2X1          fast_vdd1v0       1.0260  
U8646                     NOR2X1          fast_vdd1v0       1.0260  
U8647                     NOR2X1          fast_vdd1v0       1.0260  
U8648                     NOR2X1          fast_vdd1v0       1.0260  
U8649                     NOR2X1          fast_vdd1v0       1.0260  
U8650                     NOR2X1          fast_vdd1v0       1.0260  
U8651                     NOR2X1          fast_vdd1v0       1.0260  
U8652                     NOR2X1          fast_vdd1v0       1.0260  
U8653                     NOR2X1          fast_vdd1v0       1.0260  
U8654                     NOR2X1          fast_vdd1v0       1.0260  
U8655                     NOR2X1          fast_vdd1v0       1.0260  
U8656                     NOR2X1          fast_vdd1v0       1.0260  
U8657                     NOR2X1          fast_vdd1v0       1.0260  
U8658                     NOR2X1          fast_vdd1v0       1.0260  
U8659                     NOR2X1          fast_vdd1v0       1.0260  
U8660                     NOR2X1          fast_vdd1v0       1.0260  
U8661                     NOR2X1          fast_vdd1v0       1.0260  
U8662                     NOR2X1          fast_vdd1v0       1.0260  
U8663                     NOR2X1          fast_vdd1v0       1.0260  
U8664                     NOR2X1          fast_vdd1v0       1.0260  
U8665                     NOR2X1          fast_vdd1v0       1.0260  
U8666                     NOR2X1          fast_vdd1v0       1.0260  
U8667                     NOR2X1          fast_vdd1v0       1.0260  
U8668                     NOR2X1          fast_vdd1v0       1.0260  
U8669                     NOR2X1          fast_vdd1v0       1.0260  
U8670                     NOR2X1          fast_vdd1v0       1.0260  
U8671                     NOR2X1          fast_vdd1v0       1.0260  
U8672                     NOR2X1          fast_vdd1v0       1.0260  
U8673                     NOR2X1          fast_vdd1v0       1.0260  
U8674                     NOR2X1          fast_vdd1v0       1.0260  
U8675                     NOR2X1          fast_vdd1v0       1.0260  
U8676                     NOR2X1          fast_vdd1v0       1.0260  
U8677                     NOR2X1          fast_vdd1v0       1.0260  
U8678                     NOR2X1          fast_vdd1v0       1.0260  
U8679                     NOR2X1          fast_vdd1v0       1.0260  
U8680                     NOR2X1          fast_vdd1v0       1.0260  
U8681                     NOR2X1          fast_vdd1v0       1.0260  
U8682                     NOR2X1          fast_vdd1v0       1.0260  
U8683                     NOR2X1          fast_vdd1v0       1.0260  
U8684                     NOR2X1          fast_vdd1v0       1.0260  
U8685                     NOR2X1          fast_vdd1v0       1.0260  
U8686                     NOR2X1          fast_vdd1v0       1.0260  
U8687                     NOR2X1          fast_vdd1v0       1.0260  
U8688                     NOR2X1          fast_vdd1v0       1.0260  
U8689                     NOR2X1          fast_vdd1v0       1.0260  
U8690                     NOR2X1          fast_vdd1v0       1.0260  
U8691                     NOR2X1          fast_vdd1v0       1.0260  
U8692                     NOR2X1          fast_vdd1v0       1.0260  
U8693                     NOR2X1          fast_vdd1v0       1.0260  
U8694                     NOR2X1          fast_vdd1v0       1.0260  
U8695                     NOR2X1          fast_vdd1v0       1.0260  
U8696                     NOR2X1          fast_vdd1v0       1.0260  
U8697                     NOR2X1          fast_vdd1v0       1.0260  
U8698                     NOR2X1          fast_vdd1v0       1.0260  
U8699                     NOR2X1          fast_vdd1v0       1.0260  
U8700                     NOR2X1          fast_vdd1v0       1.0260  
U8701                     NOR2X1          fast_vdd1v0       1.0260  
U8702                     NOR2X1          fast_vdd1v0       1.0260  
U8703                     NOR2X1          fast_vdd1v0       1.0260  
U8704                     NOR2X1          fast_vdd1v0       1.0260  
U8705                     NOR2X1          fast_vdd1v0       1.0260  
U8706                     NOR2X1          fast_vdd1v0       1.0260  
U8707                     NOR2X1          fast_vdd1v0       1.0260  
U8708                     NOR2X1          fast_vdd1v0       1.0260  
U8709                     NOR2X1          fast_vdd1v0       1.0260  
U8710                     NOR2X1          fast_vdd1v0       1.0260  
U8711                     NOR2X1          fast_vdd1v0       1.0260  
U8712                     NOR2X1          fast_vdd1v0       1.0260  
U8713                     NOR2X1          fast_vdd1v0       1.0260  
U8714                     NOR2X1          fast_vdd1v0       1.0260  
U8715                     NOR2X1          fast_vdd1v0       1.0260  
U8716                     NOR2X1          fast_vdd1v0       1.0260  
U8717                     NOR2X1          fast_vdd1v0       1.0260  
U8718                     NOR2X1          fast_vdd1v0       1.0260  
U8719                     NOR2X1          fast_vdd1v0       1.0260  
U8720                     NOR2X1          fast_vdd1v0       1.0260  
U8721                     NOR2X1          fast_vdd1v0       1.0260  
U8722                     NOR2X1          fast_vdd1v0       1.0260  
U8723                     NOR2X1          fast_vdd1v0       1.0260  
U8724                     NOR2X1          fast_vdd1v0       1.0260  
U8725                     NOR2X1          fast_vdd1v0       1.0260  
U8726                     NOR2X1          fast_vdd1v0       1.0260  
U8727                     NOR2X1          fast_vdd1v0       1.0260  
U8728                     NOR2X1          fast_vdd1v0       1.0260  
U8729                     NOR2X1          fast_vdd1v0       1.0260  
U8730                     NOR2X1          fast_vdd1v0       1.0260  
U8731                     NOR2X1          fast_vdd1v0       1.0260  
U8732                     NOR2X1          fast_vdd1v0       1.0260  
U8733                     NOR2X1          fast_vdd1v0       1.0260  
U8734                     NOR2X1          fast_vdd1v0       1.0260  
U8735                     NOR2X1          fast_vdd1v0       1.0260  
U8736                     NOR2X1          fast_vdd1v0       1.0260  
U8737                     NOR2X1          fast_vdd1v0       1.0260  
U8738                     NOR2X1          fast_vdd1v0       1.0260  
U8739                     NOR2X1          fast_vdd1v0       1.0260  
U8740                     NOR2X1          fast_vdd1v0       1.0260  
U8741                     NOR2X1          fast_vdd1v0       1.0260  
U8742                     NOR2X1          fast_vdd1v0       1.0260  
U8743                     NOR2X1          fast_vdd1v0       1.0260  
U8744                     NOR2X1          fast_vdd1v0       1.0260  
U8745                     NOR2X1          fast_vdd1v0       1.0260  
U8746                     NOR2X1          fast_vdd1v0       1.0260  
U8747                     NOR2X1          fast_vdd1v0       1.0260  
U8748                     NOR2X1          fast_vdd1v0       1.0260  
U8749                     NOR2X1          fast_vdd1v0       1.0260  
U8750                     NOR2X1          fast_vdd1v0       1.0260  
U8751                     NOR2X1          fast_vdd1v0       1.0260  
U8752                     NOR2X1          fast_vdd1v0       1.0260  
U8753                     NOR2X1          fast_vdd1v0       1.0260  
U8754                     NOR2X1          fast_vdd1v0       1.0260  
U8755                     NOR2X1          fast_vdd1v0       1.0260  
U8756                     NOR2X1          fast_vdd1v0       1.0260  
U8757                     NOR2X1          fast_vdd1v0       1.0260  
U8758                     NOR2X1          fast_vdd1v0       1.0260  
U8759                     NOR2X1          fast_vdd1v0       1.0260  
U8760                     NOR2X1          fast_vdd1v0       1.0260  
U8761                     NOR2X1          fast_vdd1v0       1.0260  
U8762                     NOR2X1          fast_vdd1v0       1.0260  
U8763                     NOR2X1          fast_vdd1v0       1.0260  
U8764                     NOR2X1          fast_vdd1v0       1.0260  
U8765                     NOR2X1          fast_vdd1v0       1.0260  
U8766                     NOR2X1          fast_vdd1v0       1.0260  
U8767                     NOR2X1          fast_vdd1v0       1.0260  
U8768                     NOR2X1          fast_vdd1v0       1.0260  
U8769                     NOR2X1          fast_vdd1v0       1.0260  
U8770                     NOR2X1          fast_vdd1v0       1.0260  
U8771                     NOR2X1          fast_vdd1v0       1.0260  
U8772                     NOR2X1          fast_vdd1v0       1.0260  
U8773                     NOR2X1          fast_vdd1v0       1.0260  
U8774                     NOR2X1          fast_vdd1v0       1.0260  
U8775                     NOR2X1          fast_vdd1v0       1.0260  
U8776                     NOR2X1          fast_vdd1v0       1.0260  
U8777                     NOR2X1          fast_vdd1v0       1.0260  
U8778                     NOR2X1          fast_vdd1v0       1.0260  
U8779                     NOR2X1          fast_vdd1v0       1.0260  
U8780                     NOR2X1          fast_vdd1v0       1.0260  
U8781                     NOR2X1          fast_vdd1v0       1.0260  
U8782                     NOR2X1          fast_vdd1v0       1.0260  
U8783                     NOR2X1          fast_vdd1v0       1.0260  
U8784                     NOR2X1          fast_vdd1v0       1.0260  
U8785                     NOR2X1          fast_vdd1v0       1.0260  
U8786                     NOR2X1          fast_vdd1v0       1.0260  
U8787                     NOR2X1          fast_vdd1v0       1.0260  
U8788                     NOR2X1          fast_vdd1v0       1.0260  
U8789                     NOR2X1          fast_vdd1v0       1.0260  
U8790                     NOR2X1          fast_vdd1v0       1.0260  
U8791                     NOR2X1          fast_vdd1v0       1.0260  
U8792                     NOR2X1          fast_vdd1v0       1.0260  
U8793                     NOR2X1          fast_vdd1v0       1.0260  
U8794                     NOR2X1          fast_vdd1v0       1.0260  
U8795                     NOR2X1          fast_vdd1v0       1.0260  
U8796                     NOR2X1          fast_vdd1v0       1.0260  
U8797                     NOR2X1          fast_vdd1v0       1.0260  
U8798                     NOR2X1          fast_vdd1v0       1.0260  
U8799                     NOR2X1          fast_vdd1v0       1.0260  
U8800                     NOR2X1          fast_vdd1v0       1.0260  
U8801                     NOR2X1          fast_vdd1v0       1.0260  
U8802                     NOR2X1          fast_vdd1v0       1.0260  
U8803                     NOR2X1          fast_vdd1v0       1.0260  
U8804                     NOR2X1          fast_vdd1v0       1.0260  
U8805                     NOR2X1          fast_vdd1v0       1.0260  
U8806                     NOR2X1          fast_vdd1v0       1.0260  
U8807                     NOR2X1          fast_vdd1v0       1.0260  
U8808                     NOR2X1          fast_vdd1v0       1.0260  
U8809                     NOR2X1          fast_vdd1v0       1.0260  
U8810                     NOR2X1          fast_vdd1v0       1.0260  
U8811                     NOR2X1          fast_vdd1v0       1.0260  
U8812                     NOR2X1          fast_vdd1v0       1.0260  
U8813                     NOR2X1          fast_vdd1v0       1.0260  
U8814                     NOR2X1          fast_vdd1v0       1.0260  
U8815                     NOR2X1          fast_vdd1v0       1.0260  
U8816                     NOR2X1          fast_vdd1v0       1.0260  
U8817                     NOR2X1          fast_vdd1v0       1.0260  
U8818                     NOR2X1          fast_vdd1v0       1.0260  
U8819                     NOR2X1          fast_vdd1v0       1.0260  
U8820                     NOR2X1          fast_vdd1v0       1.0260  
U8821                     NOR2X1          fast_vdd1v0       1.0260  
U8822                     NOR2X1          fast_vdd1v0       1.0260  
U8823                     NOR2X1          fast_vdd1v0       1.0260  
U8824                     NOR2X1          fast_vdd1v0       1.0260  
U8825                     NOR2X1          fast_vdd1v0       1.0260  
U8826                     NOR2X1          fast_vdd1v0       1.0260  
U8827                     NOR2X1          fast_vdd1v0       1.0260  
U8828                     NOR2X1          fast_vdd1v0       1.0260  
U8829                     NOR2X1          fast_vdd1v0       1.0260  
U8830                     NOR2X1          fast_vdd1v0       1.0260  
U8831                     NOR2X1          fast_vdd1v0       1.0260  
U8832                     NOR2X1          fast_vdd1v0       1.0260  
U8833                     NOR2X1          fast_vdd1v0       1.0260  
U8834                     NOR2X1          fast_vdd1v0       1.0260  
U8835                     NOR2X1          fast_vdd1v0       1.0260  
U8836                     NOR2X1          fast_vdd1v0       1.0260  
U8837                     NOR2X1          fast_vdd1v0       1.0260  
U8838                     NOR2X1          fast_vdd1v0       1.0260  
U8839                     NOR2X1          fast_vdd1v0       1.0260  
U8840                     NOR2X1          fast_vdd1v0       1.0260  
U8841                     NOR2X1          fast_vdd1v0       1.0260  
U8842                     NOR2X1          fast_vdd1v0       1.0260  
U8843                     NOR2X1          fast_vdd1v0       1.0260  
U8844                     NOR2X1          fast_vdd1v0       1.0260  
U8845                     NOR2X1          fast_vdd1v0       1.0260  
U8846                     NOR2X1          fast_vdd1v0       1.0260  
U8847                     NOR2X1          fast_vdd1v0       1.0260  
U8848                     NOR2X1          fast_vdd1v0       1.0260  
U8849                     NOR2X1          fast_vdd1v0       1.0260  
U8850                     NOR2X1          fast_vdd1v0       1.0260  
U8851                     NOR2X1          fast_vdd1v0       1.0260  
U8852                     NOR2X1          fast_vdd1v0       1.0260  
U8853                     NOR2X1          fast_vdd1v0       1.0260  
U8854                     NOR2X1          fast_vdd1v0       1.0260  
U8855                     NOR2X1          fast_vdd1v0       1.0260  
U8856                     NOR2X1          fast_vdd1v0       1.0260  
U8857                     NOR2X1          fast_vdd1v0       1.0260  
U8858                     NOR2X1          fast_vdd1v0       1.0260  
U8859                     NOR2X1          fast_vdd1v0       1.0260  
U8860                     NOR2X1          fast_vdd1v0       1.0260  
U8861                     NOR2X1          fast_vdd1v0       1.0260  
U8862                     NOR2X1          fast_vdd1v0       1.0260  
U8863                     NOR2X1          fast_vdd1v0       1.0260  
U8864                     NOR2X1          fast_vdd1v0       1.0260  
U8865                     NOR2X1          fast_vdd1v0       1.0260  
U8866                     NOR2X1          fast_vdd1v0       1.0260  
U8867                     NOR2X1          fast_vdd1v0       1.0260  
U8868                     NOR2X1          fast_vdd1v0       1.0260  
U8869                     NOR2X1          fast_vdd1v0       1.0260  
U8870                     NOR2X1          fast_vdd1v0       1.0260  
U8871                     NOR2X1          fast_vdd1v0       1.0260  
U8872                     NOR2X1          fast_vdd1v0       1.0260  
U8873                     NOR2X1          fast_vdd1v0       1.0260  
U8874                     NOR2X1          fast_vdd1v0       1.0260  
U8875                     NOR2X1          fast_vdd1v0       1.0260  
U8876                     NOR2X1          fast_vdd1v0       1.0260  
U8877                     NOR2X1          fast_vdd1v0       1.0260  
U8878                     NOR2X1          fast_vdd1v0       1.0260  
U8879                     NOR2X1          fast_vdd1v0       1.0260  
U8880                     NOR2X1          fast_vdd1v0       1.0260  
U8881                     NOR2X1          fast_vdd1v0       1.0260  
U8882                     NOR2X1          fast_vdd1v0       1.0260  
U8883                     NOR2X1          fast_vdd1v0       1.0260  
U8884                     NOR2X1          fast_vdd1v0       1.0260  
U8885                     NOR2X1          fast_vdd1v0       1.0260  
U8886                     NOR2X1          fast_vdd1v0       1.0260  
U8887                     NOR2X1          fast_vdd1v0       1.0260  
U8888                     NOR2X1          fast_vdd1v0       1.0260  
U8889                     NOR2X1          fast_vdd1v0       1.0260  
U8890                     NOR2X1          fast_vdd1v0       1.0260  
U8891                     NOR2X1          fast_vdd1v0       1.0260  
U8892                     NOR2X1          fast_vdd1v0       1.0260  
U8893                     NOR2X1          fast_vdd1v0       1.0260  
U8894                     NOR2X1          fast_vdd1v0       1.0260  
U8895                     NOR2X1          fast_vdd1v0       1.0260  
U8896                     NOR2X1          fast_vdd1v0       1.0260  
U8897                     NOR2X1          fast_vdd1v0       1.0260  
U8898                     NOR2X1          fast_vdd1v0       1.0260  
U8899                     NOR2X1          fast_vdd1v0       1.0260  
U8900                     NOR2X1          fast_vdd1v0       1.0260  
U8901                     NOR2X1          fast_vdd1v0       1.0260  
U8902                     INVX1           fast_vdd1v0       0.6840  
U8903                     NOR2X1          fast_vdd1v0       1.0260  
U8904                     NOR2X1          fast_vdd1v0       1.0260  
U8905                     NOR2X1          fast_vdd1v0       1.0260  
U8906                     NOR2X1          fast_vdd1v0       1.0260  
U8907                     NOR2X1          fast_vdd1v0       1.0260  
U8908                     NOR2X1          fast_vdd1v0       1.0260  
U8909                     NOR2X1          fast_vdd1v0       1.0260  
U8910                     NOR2X1          fast_vdd1v0       1.0260  
U8911                     NOR2X1          fast_vdd1v0       1.0260  
U8912                     NOR2X1          fast_vdd1v0       1.0260  
U8913                     NOR2X1          fast_vdd1v0       1.0260  
U8914                     NOR2X1          fast_vdd1v0       1.0260  
U8915                     NOR2X1          fast_vdd1v0       1.0260  
U8916                     NOR2X1          fast_vdd1v0       1.0260  
U8917                     NOR2X1          fast_vdd1v0       1.0260  
U8918                     NOR2X1          fast_vdd1v0       1.0260  
U8919                     NOR2X1          fast_vdd1v0       1.0260  
U8920                     NOR2X1          fast_vdd1v0       1.0260  
U8921                     NOR2X1          fast_vdd1v0       1.0260  
U8922                     NOR2X1          fast_vdd1v0       1.0260  
U8923                     NOR2X1          fast_vdd1v0       1.0260  
U8924                     NOR2X1          fast_vdd1v0       1.0260  
U8925                     NOR2X1          fast_vdd1v0       1.0260  
U8926                     NOR2X1          fast_vdd1v0       1.0260  
U8927                     NOR2X1          fast_vdd1v0       1.0260  
U8928                     NOR2X1          fast_vdd1v0       1.0260  
U8929                     NOR2X1          fast_vdd1v0       1.0260  
U8930                     NOR2X1          fast_vdd1v0       1.0260  
U8931                     NOR2X1          fast_vdd1v0       1.0260  
U8932                     NOR2X1          fast_vdd1v0       1.0260  
U8933                     NOR2X1          fast_vdd1v0       1.0260  
U8934                     NOR2X1          fast_vdd1v0       1.0260  
U8935                     NOR2X1          fast_vdd1v0       1.0260  
U8936                     NOR2X1          fast_vdd1v0       1.0260  
U8937                     NOR2X1          fast_vdd1v0       1.0260  
U8938                     NOR2X1          fast_vdd1v0       1.0260  
U8939                     NOR2X1          fast_vdd1v0       1.0260  
U8940                     NOR2X1          fast_vdd1v0       1.0260  
U8941                     NOR2X1          fast_vdd1v0       1.0260  
U8942                     NOR2X1          fast_vdd1v0       1.0260  
U8943                     NOR2X1          fast_vdd1v0       1.0260  
U8944                     NOR2X1          fast_vdd1v0       1.0260  
U8945                     NOR2X1          fast_vdd1v0       1.0260  
U8946                     NOR2X1          fast_vdd1v0       1.0260  
U8947                     NOR2X1          fast_vdd1v0       1.0260  
U8948                     NOR2X1          fast_vdd1v0       1.0260  
U8949                     NOR2X1          fast_vdd1v0       1.0260  
U8950                     NOR2X1          fast_vdd1v0       1.0260  
U8951                     NOR2X1          fast_vdd1v0       1.0260  
U8952                     NOR2X1          fast_vdd1v0       1.0260  
U8953                     NOR2X1          fast_vdd1v0       1.0260  
U8954                     NOR2X1          fast_vdd1v0       1.0260  
U8955                     NOR2X1          fast_vdd1v0       1.0260  
U8956                     NOR2X1          fast_vdd1v0       1.0260  
U8957                     NOR2X1          fast_vdd1v0       1.0260  
U8958                     NOR2X1          fast_vdd1v0       1.0260  
U8959                     NOR2X1          fast_vdd1v0       1.0260  
U8960                     NOR2X1          fast_vdd1v0       1.0260  
U8961                     NOR2X1          fast_vdd1v0       1.0260  
U8962                     NOR2X1          fast_vdd1v0       1.0260  
U8963                     NOR2X1          fast_vdd1v0       1.0260  
U8964                     NOR2X1          fast_vdd1v0       1.0260  
U8965                     NOR2X1          fast_vdd1v0       1.0260  
U8966                     NOR2X1          fast_vdd1v0       1.0260  
U8967                     NOR2X1          fast_vdd1v0       1.0260  
U8968                     NOR2X1          fast_vdd1v0       1.0260  
U8969                     NOR2X1          fast_vdd1v0       1.0260  
U8970                     NOR2X1          fast_vdd1v0       1.0260  
U8971                     NOR2X1          fast_vdd1v0       1.0260  
U8972                     NOR2X1          fast_vdd1v0       1.0260  
U8973                     NOR2X1          fast_vdd1v0       1.0260  
U8974                     NOR2X1          fast_vdd1v0       1.0260  
U8975                     NOR2X1          fast_vdd1v0       1.0260  
U8976                     NOR2X1          fast_vdd1v0       1.0260  
U8977                     NOR2X1          fast_vdd1v0       1.0260  
U8978                     NOR2X1          fast_vdd1v0       1.0260  
U8979                     NOR2X1          fast_vdd1v0       1.0260  
U8980                     NOR2X1          fast_vdd1v0       1.0260  
U8981                     NOR2X1          fast_vdd1v0       1.0260  
U8982                     NOR2X1          fast_vdd1v0       1.0260  
U8983                     NOR2X1          fast_vdd1v0       1.0260  
U8984                     NOR2X1          fast_vdd1v0       1.0260  
U8985                     NOR2X1          fast_vdd1v0       1.0260  
U8986                     NOR2X1          fast_vdd1v0       1.0260  
U8987                     NOR2X1          fast_vdd1v0       1.0260  
U8988                     NOR2X1          fast_vdd1v0       1.0260  
U8989                     NOR2X1          fast_vdd1v0       1.0260  
U8990                     NOR2X1          fast_vdd1v0       1.0260  
U8991                     NOR2X1          fast_vdd1v0       1.0260  
U8992                     NOR2X1          fast_vdd1v0       1.0260  
U8993                     NOR2X1          fast_vdd1v0       1.0260  
U8994                     NOR2X1          fast_vdd1v0       1.0260  
U8995                     NOR2X1          fast_vdd1v0       1.0260  
U8996                     NOR2X1          fast_vdd1v0       1.0260  
U8997                     NOR2X1          fast_vdd1v0       1.0260  
U8998                     NOR2X1          fast_vdd1v0       1.0260  
U8999                     NOR2X1          fast_vdd1v0       1.0260  
U9000                     NOR2X1          fast_vdd1v0       1.0260  
U9001                     NOR2X1          fast_vdd1v0       1.0260  
U9002                     NOR2X1          fast_vdd1v0       1.0260  
U9003                     NOR2X1          fast_vdd1v0       1.0260  
U9004                     NOR2X1          fast_vdd1v0       1.0260  
U9005                     NOR2X1          fast_vdd1v0       1.0260  
U9006                     NOR2X1          fast_vdd1v0       1.0260  
U9007                     NOR2X1          fast_vdd1v0       1.0260  
U9008                     NOR2X1          fast_vdd1v0       1.0260  
U9009                     NOR2X1          fast_vdd1v0       1.0260  
U9010                     NOR2X1          fast_vdd1v0       1.0260  
U9011                     NOR2X1          fast_vdd1v0       1.0260  
U9012                     NOR2X1          fast_vdd1v0       1.0260  
U9013                     NOR2X1          fast_vdd1v0       1.0260  
U9014                     NOR2X1          fast_vdd1v0       1.0260  
U9015                     NOR2X1          fast_vdd1v0       1.0260  
U9016                     NOR2X1          fast_vdd1v0       1.0260  
U9017                     NOR2X1          fast_vdd1v0       1.0260  
U9018                     NOR2X1          fast_vdd1v0       1.0260  
U9019                     NOR2X1          fast_vdd1v0       1.0260  
U9020                     NOR2X1          fast_vdd1v0       1.0260  
U9021                     NOR2X1          fast_vdd1v0       1.0260  
U9022                     NOR2X1          fast_vdd1v0       1.0260  
U9023                     NOR2X1          fast_vdd1v0       1.0260  
U9024                     NOR2X1          fast_vdd1v0       1.0260  
U9025                     NOR2X1          fast_vdd1v0       1.0260  
U9026                     NOR2X1          fast_vdd1v0       1.0260  
U9027                     NOR2X1          fast_vdd1v0       1.0260  
U9028                     NOR2X1          fast_vdd1v0       1.0260  
U9029                     NOR2X1          fast_vdd1v0       1.0260  
U9030                     NOR2X1          fast_vdd1v0       1.0260  
U9031                     NOR2X1          fast_vdd1v0       1.0260  
U9032                     NOR2X1          fast_vdd1v0       1.0260  
U9033                     NOR2X1          fast_vdd1v0       1.0260  
U9034                     NOR2X1          fast_vdd1v0       1.0260  
U9035                     NOR2X1          fast_vdd1v0       1.0260  
U9036                     NOR2X1          fast_vdd1v0       1.0260  
U9037                     NOR2X1          fast_vdd1v0       1.0260  
U9038                     NOR2X1          fast_vdd1v0       1.0260  
U9039                     NOR2X1          fast_vdd1v0       1.0260  
U9040                     NOR2X1          fast_vdd1v0       1.0260  
U9041                     NOR2X1          fast_vdd1v0       1.0260  
U9042                     NOR2X1          fast_vdd1v0       1.0260  
U9043                     NOR2X1          fast_vdd1v0       1.0260  
U9044                     NOR2X1          fast_vdd1v0       1.0260  
U9045                     NOR2X1          fast_vdd1v0       1.0260  
U9046                     NOR2X1          fast_vdd1v0       1.0260  
U9047                     NOR2X1          fast_vdd1v0       1.0260  
U9048                     NOR2X1          fast_vdd1v0       1.0260  
U9049                     NOR2X1          fast_vdd1v0       1.0260  
U9050                     NOR2X1          fast_vdd1v0       1.0260  
U9051                     NOR2X1          fast_vdd1v0       1.0260  
U9052                     NOR2X1          fast_vdd1v0       1.0260  
U9053                     NOR2X1          fast_vdd1v0       1.0260  
U9054                     NOR2X1          fast_vdd1v0       1.0260  
U9055                     NOR2X1          fast_vdd1v0       1.0260  
U9056                     NOR2X1          fast_vdd1v0       1.0260  
U9057                     NOR2X1          fast_vdd1v0       1.0260  
U9058                     NOR2X1          fast_vdd1v0       1.0260  
U9059                     NOR2X1          fast_vdd1v0       1.0260  
U9060                     NOR2X1          fast_vdd1v0       1.0260  
U9061                     NOR2X1          fast_vdd1v0       1.0260  
U9062                     INVX1           fast_vdd1v0       0.6840  
U9063                     NOR2X1          fast_vdd1v0       1.0260  
U9064                     NOR2X1          fast_vdd1v0       1.0260  
U9065                     NOR2X1          fast_vdd1v0       1.0260  
U9066                     NOR2X1          fast_vdd1v0       1.0260  
U9067                     NOR2X1          fast_vdd1v0       1.0260  
U9068                     NOR2X1          fast_vdd1v0       1.0260  
U9069                     NOR2X1          fast_vdd1v0       1.0260  
U9070                     NOR2X1          fast_vdd1v0       1.0260  
U9071                     NOR2X1          fast_vdd1v0       1.0260  
U9072                     NOR2X1          fast_vdd1v0       1.0260  
U9073                     NOR2X1          fast_vdd1v0       1.0260  
U9074                     NOR2X1          fast_vdd1v0       1.0260  
U9075                     NOR2X1          fast_vdd1v0       1.0260  
U9076                     NOR2X1          fast_vdd1v0       1.0260  
U9077                     NOR2X1          fast_vdd1v0       1.0260  
U9078                     NOR2X1          fast_vdd1v0       1.0260  
U9079                     NOR2X1          fast_vdd1v0       1.0260  
U9080                     NOR2X1          fast_vdd1v0       1.0260  
U9081                     NOR2X1          fast_vdd1v0       1.0260  
U9082                     NOR2X1          fast_vdd1v0       1.0260  
U9083                     NOR2X1          fast_vdd1v0       1.0260  
U9084                     NOR2X1          fast_vdd1v0       1.0260  
U9085                     NOR2X1          fast_vdd1v0       1.0260  
U9086                     NOR2X1          fast_vdd1v0       1.0260  
U9087                     NOR2X1          fast_vdd1v0       1.0260  
U9088                     NOR2X1          fast_vdd1v0       1.0260  
U9089                     NOR2X1          fast_vdd1v0       1.0260  
U9090                     NOR2X1          fast_vdd1v0       1.0260  
U9091                     NOR2X1          fast_vdd1v0       1.0260  
U9092                     NOR2X1          fast_vdd1v0       1.0260  
U9093                     NOR2X1          fast_vdd1v0       1.0260  
U9094                     NOR2X1          fast_vdd1v0       1.0260  
U9095                     NOR2X1          fast_vdd1v0       1.0260  
U9096                     NOR2X1          fast_vdd1v0       1.0260  
U9097                     NOR2X1          fast_vdd1v0       1.0260  
U9098                     NOR2X1          fast_vdd1v0       1.0260  
U9099                     NOR2X1          fast_vdd1v0       1.0260  
U9100                     NOR2X1          fast_vdd1v0       1.0260  
U9101                     NOR2X1          fast_vdd1v0       1.0260  
U9102                     NOR2X1          fast_vdd1v0       1.0260  
U9103                     NOR2X1          fast_vdd1v0       1.0260  
U9104                     NOR2X1          fast_vdd1v0       1.0260  
U9105                     NOR2X1          fast_vdd1v0       1.0260  
U9106                     NOR2X1          fast_vdd1v0       1.0260  
U9107                     NOR2X1          fast_vdd1v0       1.0260  
U9108                     NOR2X1          fast_vdd1v0       1.0260  
U9109                     NOR2X1          fast_vdd1v0       1.0260  
U9110                     NOR2X1          fast_vdd1v0       1.0260  
U9111                     NOR2X1          fast_vdd1v0       1.0260  
U9112                     NOR2X1          fast_vdd1v0       1.0260  
U9113                     NOR2X1          fast_vdd1v0       1.0260  
U9114                     NOR2X1          fast_vdd1v0       1.0260  
U9115                     NOR2X1          fast_vdd1v0       1.0260  
U9116                     NOR2X1          fast_vdd1v0       1.0260  
U9117                     NOR2X1          fast_vdd1v0       1.0260  
U9118                     NOR2X1          fast_vdd1v0       1.0260  
U9119                     NOR2X1          fast_vdd1v0       1.0260  
U9120                     NOR2X1          fast_vdd1v0       1.0260  
U9121                     NOR2X1          fast_vdd1v0       1.0260  
U9122                     NOR2X1          fast_vdd1v0       1.0260  
U9123                     NOR2X1          fast_vdd1v0       1.0260  
U9124                     NOR2X1          fast_vdd1v0       1.0260  
U9125                     NOR2X1          fast_vdd1v0       1.0260  
U9126                     NOR2X1          fast_vdd1v0       1.0260  
U9127                     NOR2X1          fast_vdd1v0       1.0260  
U9128                     NOR2X1          fast_vdd1v0       1.0260  
U9129                     NOR2X1          fast_vdd1v0       1.0260  
U9130                     NOR2X1          fast_vdd1v0       1.0260  
U9131                     NOR2X1          fast_vdd1v0       1.0260  
U9132                     NOR2X1          fast_vdd1v0       1.0260  
U9133                     NOR2X1          fast_vdd1v0       1.0260  
U9134                     NOR2X1          fast_vdd1v0       1.0260  
U9135                     NOR2X1          fast_vdd1v0       1.0260  
U9136                     NOR2X1          fast_vdd1v0       1.0260  
U9137                     NOR2X1          fast_vdd1v0       1.0260  
U9138                     NOR2X1          fast_vdd1v0       1.0260  
U9139                     NOR2X1          fast_vdd1v0       1.0260  
U9140                     NOR2X1          fast_vdd1v0       1.0260  
U9141                     NOR2X1          fast_vdd1v0       1.0260  
U9142                     NOR2X1          fast_vdd1v0       1.0260  
U9143                     NOR2X1          fast_vdd1v0       1.0260  
U9144                     NOR2X1          fast_vdd1v0       1.0260  
U9145                     NOR2X1          fast_vdd1v0       1.0260  
U9146                     NOR2X1          fast_vdd1v0       1.0260  
U9147                     NOR2X1          fast_vdd1v0       1.0260  
U9148                     NOR2X1          fast_vdd1v0       1.0260  
U9149                     NOR2X1          fast_vdd1v0       1.0260  
U9150                     NOR2X1          fast_vdd1v0       1.0260  
U9151                     NOR2X1          fast_vdd1v0       1.0260  
U9152                     NOR2X1          fast_vdd1v0       1.0260  
U9153                     NOR2X1          fast_vdd1v0       1.0260  
U9154                     NOR2X1          fast_vdd1v0       1.0260  
U9155                     NOR2X1          fast_vdd1v0       1.0260  
U9156                     NOR2X1          fast_vdd1v0       1.0260  
U9157                     NOR2X1          fast_vdd1v0       1.0260  
U9158                     NOR2X1          fast_vdd1v0       1.0260  
U9159                     NOR2X1          fast_vdd1v0       1.0260  
U9160                     NOR2X1          fast_vdd1v0       1.0260  
U9161                     NOR2X1          fast_vdd1v0       1.0260  
U9162                     NOR2X1          fast_vdd1v0       1.0260  
U9163                     NOR2X1          fast_vdd1v0       1.0260  
U9164                     NOR2X1          fast_vdd1v0       1.0260  
U9165                     NOR2X1          fast_vdd1v0       1.0260  
U9166                     NOR2X1          fast_vdd1v0       1.0260  
U9167                     NOR2X1          fast_vdd1v0       1.0260  
U9168                     NOR2X1          fast_vdd1v0       1.0260  
U9169                     NOR2X1          fast_vdd1v0       1.0260  
U9170                     NOR2X1          fast_vdd1v0       1.0260  
U9171                     NOR2X1          fast_vdd1v0       1.0260  
U9172                     NOR2X1          fast_vdd1v0       1.0260  
U9173                     NOR2X1          fast_vdd1v0       1.0260  
U9174                     NOR2X1          fast_vdd1v0       1.0260  
U9175                     NOR2X1          fast_vdd1v0       1.0260  
U9176                     NOR2X1          fast_vdd1v0       1.0260  
U9177                     NOR2X1          fast_vdd1v0       1.0260  
U9178                     NOR2X1          fast_vdd1v0       1.0260  
U9179                     NOR2X1          fast_vdd1v0       1.0260  
U9180                     NOR2X1          fast_vdd1v0       1.0260  
U9181                     NOR2X1          fast_vdd1v0       1.0260  
U9182                     NOR2X1          fast_vdd1v0       1.0260  
U9183                     NOR2X1          fast_vdd1v0       1.0260  
U9184                     NOR2X1          fast_vdd1v0       1.0260  
U9185                     NOR2X1          fast_vdd1v0       1.0260  
U9186                     NOR2X1          fast_vdd1v0       1.0260  
U9187                     NOR2X1          fast_vdd1v0       1.0260  
U9188                     NOR2X1          fast_vdd1v0       1.0260  
U9189                     NOR2X1          fast_vdd1v0       1.0260  
U9190                     NOR2X1          fast_vdd1v0       1.0260  
U9191                     NOR2X1          fast_vdd1v0       1.0260  
U9192                     NOR2X1          fast_vdd1v0       1.0260  
U9193                     NOR2X1          fast_vdd1v0       1.0260  
U9194                     NOR2X1          fast_vdd1v0       1.0260  
U9195                     NOR2X1          fast_vdd1v0       1.0260  
U9196                     NOR2X1          fast_vdd1v0       1.0260  
U9197                     NOR2X1          fast_vdd1v0       1.0260  
U9198                     NOR2X1          fast_vdd1v0       1.0260  
U9199                     NOR2X1          fast_vdd1v0       1.0260  
U9200                     NOR2X1          fast_vdd1v0       1.0260  
U9201                     NOR2X1          fast_vdd1v0       1.0260  
U9202                     NOR2X1          fast_vdd1v0       1.0260  
U9203                     NOR2X1          fast_vdd1v0       1.0260  
U9204                     NOR2X1          fast_vdd1v0       1.0260  
U9205                     NOR2X1          fast_vdd1v0       1.0260  
U9206                     NOR2X1          fast_vdd1v0       1.0260  
U9207                     NOR2X1          fast_vdd1v0       1.0260  
U9208                     NOR2X1          fast_vdd1v0       1.0260  
U9209                     NOR2X1          fast_vdd1v0       1.0260  
U9210                     NOR2X1          fast_vdd1v0       1.0260  
U9211                     NOR2X1          fast_vdd1v0       1.0260  
U9212                     NOR2X1          fast_vdd1v0       1.0260  
U9213                     NOR2X1          fast_vdd1v0       1.0260  
U9214                     NOR2X1          fast_vdd1v0       1.0260  
U9215                     NOR2X1          fast_vdd1v0       1.0260  
U9216                     NOR2X1          fast_vdd1v0       1.0260  
U9217                     NOR2X1          fast_vdd1v0       1.0260  
U9218                     NOR2X1          fast_vdd1v0       1.0260  
U9219                     NOR2X1          fast_vdd1v0       1.0260  
U9220                     NOR2X1          fast_vdd1v0       1.0260  
U9221                     NOR2X1          fast_vdd1v0       1.0260  
U9222                     NOR2X1          fast_vdd1v0       1.0260  
U9223                     NOR2X1          fast_vdd1v0       1.0260  
U9224                     NOR2X1          fast_vdd1v0       1.0260  
U9225                     NOR2X1          fast_vdd1v0       1.0260  
U9226                     NOR2X1          fast_vdd1v0       1.0260  
U9227                     NOR2X1          fast_vdd1v0       1.0260  
U9228                     NOR2X1          fast_vdd1v0       1.0260  
U9229                     NOR2X1          fast_vdd1v0       1.0260  
U9230                     NOR2X1          fast_vdd1v0       1.0260  
U9231                     NOR2X1          fast_vdd1v0       1.0260  
U9232                     NOR2X1          fast_vdd1v0       1.0260  
U9233                     NOR2X1          fast_vdd1v0       1.0260  
U9234                     NOR2X1          fast_vdd1v0       1.0260  
U9235                     NOR2X1          fast_vdd1v0       1.0260  
U9236                     NOR2X1          fast_vdd1v0       1.0260  
U9237                     NOR2X1          fast_vdd1v0       1.0260  
U9238                     NOR2X1          fast_vdd1v0       1.0260  
U9239                     NOR2X1          fast_vdd1v0       1.0260  
U9240                     NOR2X1          fast_vdd1v0       1.0260  
U9241                     NOR2X1          fast_vdd1v0       1.0260  
U9242                     NOR2X1          fast_vdd1v0       1.0260  
U9243                     NOR2X1          fast_vdd1v0       1.0260  
U9244                     NOR2X1          fast_vdd1v0       1.0260  
U9245                     NOR2X1          fast_vdd1v0       1.0260  
U9246                     NOR2X1          fast_vdd1v0       1.0260  
U9247                     NOR2X1          fast_vdd1v0       1.0260  
U9248                     NOR2X1          fast_vdd1v0       1.0260  
U9249                     NOR2X1          fast_vdd1v0       1.0260  
U9250                     NOR2X1          fast_vdd1v0       1.0260  
U9251                     NOR2X1          fast_vdd1v0       1.0260  
U9252                     NOR2X1          fast_vdd1v0       1.0260  
U9253                     NOR2X1          fast_vdd1v0       1.0260  
U9254                     NOR2X1          fast_vdd1v0       1.0260  
U9255                     NOR2X1          fast_vdd1v0       1.0260  
U9256                     NOR2X1          fast_vdd1v0       1.0260  
U9257                     NOR2X1          fast_vdd1v0       1.0260  
U9258                     NOR2X1          fast_vdd1v0       1.0260  
U9259                     NOR2X1          fast_vdd1v0       1.0260  
U9260                     NOR2X1          fast_vdd1v0       1.0260  
U9261                     NOR2X1          fast_vdd1v0       1.0260  
U9262                     NOR2X1          fast_vdd1v0       1.0260  
U9263                     NOR2X1          fast_vdd1v0       1.0260  
U9264                     NOR2X1          fast_vdd1v0       1.0260  
U9265                     NOR2X1          fast_vdd1v0       1.0260  
U9266                     NOR2X1          fast_vdd1v0       1.0260  
U9267                     NOR2X1          fast_vdd1v0       1.0260  
U9268                     NOR2X1          fast_vdd1v0       1.0260  
U9269                     NOR2X1          fast_vdd1v0       1.0260  
U9270                     NOR2X1          fast_vdd1v0       1.0260  
U9271                     NOR2X1          fast_vdd1v0       1.0260  
U9272                     NOR2X1          fast_vdd1v0       1.0260  
U9273                     NOR2X1          fast_vdd1v0       1.0260  
U9274                     NOR2X1          fast_vdd1v0       1.0260  
U9275                     NOR2X1          fast_vdd1v0       1.0260  
U9276                     NOR2X1          fast_vdd1v0       1.0260  
U9277                     NOR2X1          fast_vdd1v0       1.0260  
U9278                     NOR2X1          fast_vdd1v0       1.0260  
U9279                     NOR2X1          fast_vdd1v0       1.0260  
U9280                     NOR2X1          fast_vdd1v0       1.0260  
U9281                     NOR2X1          fast_vdd1v0       1.0260  
U9282                     NOR2X1          fast_vdd1v0       1.0260  
U9283                     NOR2X1          fast_vdd1v0       1.0260  
U9284                     NOR2X1          fast_vdd1v0       1.0260  
U9285                     NOR2X1          fast_vdd1v0       1.0260  
U9286                     NOR2X1          fast_vdd1v0       1.0260  
U9287                     NOR2X1          fast_vdd1v0       1.0260  
U9288                     NOR2X1          fast_vdd1v0       1.0260  
U9289                     NOR2X1          fast_vdd1v0       1.0260  
U9290                     NOR2X1          fast_vdd1v0       1.0260  
U9291                     NOR2X1          fast_vdd1v0       1.0260  
U9292                     NOR2X1          fast_vdd1v0       1.0260  
U9293                     NOR2X1          fast_vdd1v0       1.0260  
U9294                     NOR2X1          fast_vdd1v0       1.0260  
U9295                     NOR2X1          fast_vdd1v0       1.0260  
U9296                     NOR2X1          fast_vdd1v0       1.0260  
U9297                     NOR2X1          fast_vdd1v0       1.0260  
U9298                     NOR2X1          fast_vdd1v0       1.0260  
U9299                     NOR2X1          fast_vdd1v0       1.0260  
U9300                     NOR2X1          fast_vdd1v0       1.0260  
U9301                     NOR2X1          fast_vdd1v0       1.0260  
U9302                     NOR2X1          fast_vdd1v0       1.0260  
U9303                     NOR2X1          fast_vdd1v0       1.0260  
U9304                     NOR2X1          fast_vdd1v0       1.0260  
U9305                     NOR2X1          fast_vdd1v0       1.0260  
U9306                     NOR2X1          fast_vdd1v0       1.0260  
U9307                     NOR2X1          fast_vdd1v0       1.0260  
U9308                     NOR2X1          fast_vdd1v0       1.0260  
U9309                     NOR2X1          fast_vdd1v0       1.0260  
U9310                     NOR2X1          fast_vdd1v0       1.0260  
U9311                     NOR2X1          fast_vdd1v0       1.0260  
U9312                     NOR2X1          fast_vdd1v0       1.0260  
U9313                     NOR2X1          fast_vdd1v0       1.0260  
U9314                     NOR2X1          fast_vdd1v0       1.0260  
U9315                     NOR2X1          fast_vdd1v0       1.0260  
U9316                     NOR2X1          fast_vdd1v0       1.0260  
U9317                     NOR2X1          fast_vdd1v0       1.0260  
U9318                     NOR2X1          fast_vdd1v0       1.0260  
U9319                     NOR2X1          fast_vdd1v0       1.0260  
U9320                     NOR2X1          fast_vdd1v0       1.0260  
U9321                     NOR2X1          fast_vdd1v0       1.0260  
U9322                     NOR2X1          fast_vdd1v0       1.0260  
U9323                     NOR2X1          fast_vdd1v0       1.0260  
U9324                     NOR2X1          fast_vdd1v0       1.0260  
U9325                     NOR2X1          fast_vdd1v0       1.0260  
U9326                     NOR2X1          fast_vdd1v0       1.0260  
U9327                     NOR2X1          fast_vdd1v0       1.0260  
U9328                     NOR2X1          fast_vdd1v0       1.0260  
U9329                     NOR2X1          fast_vdd1v0       1.0260  
U9330                     NOR2X1          fast_vdd1v0       1.0260  
U9331                     NOR2X1          fast_vdd1v0       1.0260  
U9332                     NOR2X1          fast_vdd1v0       1.0260  
U9333                     NOR2X1          fast_vdd1v0       1.0260  
U9334                     NOR2X1          fast_vdd1v0       1.0260  
U9335                     NOR2X1          fast_vdd1v0       1.0260  
U9336                     NOR2X1          fast_vdd1v0       1.0260  
U9337                     NOR2X1          fast_vdd1v0       1.0260  
U9338                     NOR2X1          fast_vdd1v0       1.0260  
U9339                     NOR2X1          fast_vdd1v0       1.0260  
U9340                     NOR2X1          fast_vdd1v0       1.0260  
U9341                     NOR2X1          fast_vdd1v0       1.0260  
U9342                     NOR2X1          fast_vdd1v0       1.0260  
U9343                     NOR2X1          fast_vdd1v0       1.0260  
U9344                     NOR2X1          fast_vdd1v0       1.0260  
U9345                     NOR2X1          fast_vdd1v0       1.0260  
U9346                     NOR2X1          fast_vdd1v0       1.0260  
U9347                     NOR2X1          fast_vdd1v0       1.0260  
U9348                     NOR2X1          fast_vdd1v0       1.0260  
U9349                     NOR2X1          fast_vdd1v0       1.0260  
U9350                     NOR2X1          fast_vdd1v0       1.0260  
U9351                     NOR2X1          fast_vdd1v0       1.0260  
U9352                     NOR2X1          fast_vdd1v0       1.0260  
U9353                     NOR2X1          fast_vdd1v0       1.0260  
U9354                     NOR2X1          fast_vdd1v0       1.0260  
U9355                     NOR2X1          fast_vdd1v0       1.0260  
U9356                     NOR2X1          fast_vdd1v0       1.0260  
U9357                     NOR2X1          fast_vdd1v0       1.0260  
U9358                     NOR2X1          fast_vdd1v0       1.0260  
U9359                     NOR2X1          fast_vdd1v0       1.0260  
U9360                     NOR2X1          fast_vdd1v0       1.0260  
U9361                     NOR2X1          fast_vdd1v0       1.0260  
U9362                     NOR2X1          fast_vdd1v0       1.0260  
U9363                     NOR2X1          fast_vdd1v0       1.0260  
U9364                     NOR2X1          fast_vdd1v0       1.0260  
U9365                     NOR2X1          fast_vdd1v0       1.0260  
U9366                     NOR2X1          fast_vdd1v0       1.0260  
U9367                     NOR2X1          fast_vdd1v0       1.0260  
U9368                     NOR2X1          fast_vdd1v0       1.0260  
U9369                     NOR2X1          fast_vdd1v0       1.0260  
U9370                     NOR2X1          fast_vdd1v0       1.0260  
U9371                     NOR2X1          fast_vdd1v0       1.0260  
U9372                     NOR2X1          fast_vdd1v0       1.0260  
U9373                     NOR2X1          fast_vdd1v0       1.0260  
U9374                     NOR2X1          fast_vdd1v0       1.0260  
U9375                     NOR2X1          fast_vdd1v0       1.0260  
U9376                     NOR2X1          fast_vdd1v0       1.0260  
U9377                     NOR2X1          fast_vdd1v0       1.0260  
U9378                     NOR2X1          fast_vdd1v0       1.0260  
U9379                     NOR2X1          fast_vdd1v0       1.0260  
U9380                     NOR2X1          fast_vdd1v0       1.0260  
U9381                     NOR2X1          fast_vdd1v0       1.0260  
U9382                     NOR2X1          fast_vdd1v0       1.0260  
U9383                     NOR2X1          fast_vdd1v0       1.0260  
U9384                     NOR2X1          fast_vdd1v0       1.0260  
U9385                     NOR2X1          fast_vdd1v0       1.0260  
U9386                     NOR2X1          fast_vdd1v0       1.0260  
U9387                     NOR2X1          fast_vdd1v0       1.0260  
U9388                     NOR2X1          fast_vdd1v0       1.0260  
U9389                     NOR2X1          fast_vdd1v0       1.0260  
U9390                     NOR2X1          fast_vdd1v0       1.0260  
U9391                     NOR2X1          fast_vdd1v0       1.0260  
U9392                     NOR2X1          fast_vdd1v0       1.0260  
U9393                     NOR2X1          fast_vdd1v0       1.0260  
U9394                     NOR2X1          fast_vdd1v0       1.0260  
U9395                     NOR2X1          fast_vdd1v0       1.0260  
U9396                     NOR2X1          fast_vdd1v0       1.0260  
U9397                     NOR2X1          fast_vdd1v0       1.0260  
U9398                     NOR2X1          fast_vdd1v0       1.0260  
U9399                     NOR2X1          fast_vdd1v0       1.0260  
U9400                     NOR2X1          fast_vdd1v0       1.0260  
U9401                     NOR2X1          fast_vdd1v0       1.0260  
U9402                     NOR2X1          fast_vdd1v0       1.0260  
U9403                     NOR2X1          fast_vdd1v0       1.0260  
U9404                     NOR2X1          fast_vdd1v0       1.0260  
U9405                     NOR2X1          fast_vdd1v0       1.0260  
U9406                     NOR2X1          fast_vdd1v0       1.0260  
U9407                     NOR2X1          fast_vdd1v0       1.0260  
U9408                     NOR2X1          fast_vdd1v0       1.0260  
U9409                     NOR2X1          fast_vdd1v0       1.0260  
U9410                     NOR2X1          fast_vdd1v0       1.0260  
U9411                     NOR2X1          fast_vdd1v0       1.0260  
U9412                     NOR2X1          fast_vdd1v0       1.0260  
U9413                     NOR2X1          fast_vdd1v0       1.0260  
U9414                     NOR2X1          fast_vdd1v0       1.0260  
U9415                     INVX1           fast_vdd1v0       0.6840  
U9416                     NOR2X1          fast_vdd1v0       1.0260  
U9417                     NOR2X1          fast_vdd1v0       1.0260  
U9418                     NOR2X1          fast_vdd1v0       1.0260  
U9419                     NOR2X1          fast_vdd1v0       1.0260  
U9420                     INVX1           fast_vdd1v0       0.6840  
U9421                     NOR2X1          fast_vdd1v0       1.0260  
U9422                     NOR2X1          fast_vdd1v0       1.0260  
U9423                     NOR2X1          fast_vdd1v0       1.0260  
U9424                     NOR2X1          fast_vdd1v0       1.0260  
U9425                     NOR2X1          fast_vdd1v0       1.0260  
U9426                     NOR2X1          fast_vdd1v0       1.0260  
U9427                     NOR2X1          fast_vdd1v0       1.0260  
U9428                     NOR2X1          fast_vdd1v0       1.0260  
U9429                     NOR2X1          fast_vdd1v0       1.0260  
U9430                     NOR2X1          fast_vdd1v0       1.0260  
U9431                     NOR2X1          fast_vdd1v0       1.0260  
U9432                     NOR2X1          fast_vdd1v0       1.0260  
U9433                     NOR2X1          fast_vdd1v0       1.0260  
U9434                     NOR2X1          fast_vdd1v0       1.0260  
U9435                     NOR2X1          fast_vdd1v0       1.0260  
U9436                     NOR2X1          fast_vdd1v0       1.0260  
U9437                     NOR2X1          fast_vdd1v0       1.0260  
U9438                     NOR2X1          fast_vdd1v0       1.0260  
U9439                     NOR2X1          fast_vdd1v0       1.0260  
U9440                     NOR2X1          fast_vdd1v0       1.0260  
U9441                     NOR2X1          fast_vdd1v0       1.0260  
U9442                     NOR2X1          fast_vdd1v0       1.0260  
U9443                     NOR2X1          fast_vdd1v0       1.0260  
U9444                     NOR2X1          fast_vdd1v0       1.0260  
U9445                     NOR2X1          fast_vdd1v0       1.0260  
U9446                     NOR2X1          fast_vdd1v0       1.0260  
U9447                     NOR2X1          fast_vdd1v0       1.0260  
U9448                     NOR2X1          fast_vdd1v0       1.0260  
U9449                     NOR2X1          fast_vdd1v0       1.0260  
U9450                     NOR2X1          fast_vdd1v0       1.0260  
U9451                     NOR2X1          fast_vdd1v0       1.0260  
U9452                     NOR2X1          fast_vdd1v0       1.0260  
U9453                     NOR2X1          fast_vdd1v0       1.0260  
U9454                     NOR2X1          fast_vdd1v0       1.0260  
U9455                     NOR2X1          fast_vdd1v0       1.0260  
U9456                     NOR2X1          fast_vdd1v0       1.0260  
U9457                     NOR2X1          fast_vdd1v0       1.0260  
U9458                     NOR2X1          fast_vdd1v0       1.0260  
U9459                     NOR2X1          fast_vdd1v0       1.0260  
U9460                     NOR2X1          fast_vdd1v0       1.0260  
U9461                     NOR2X1          fast_vdd1v0       1.0260  
U9462                     NOR2X1          fast_vdd1v0       1.0260  
U9463                     NOR2X1          fast_vdd1v0       1.0260  
U9464                     NOR2X1          fast_vdd1v0       1.0260  
U9465                     NOR2X1          fast_vdd1v0       1.0260  
U9466                     NOR2X1          fast_vdd1v0       1.0260  
U9467                     NOR2X1          fast_vdd1v0       1.0260  
U9468                     NOR2X1          fast_vdd1v0       1.0260  
U9469                     NOR2X1          fast_vdd1v0       1.0260  
U9470                     NOR2X1          fast_vdd1v0       1.0260  
U9471                     NOR2X1          fast_vdd1v0       1.0260  
U9472                     NOR2X1          fast_vdd1v0       1.0260  
U9473                     NOR2X1          fast_vdd1v0       1.0260  
U9474                     NOR2X1          fast_vdd1v0       1.0260  
U9475                     NOR2X1          fast_vdd1v0       1.0260  
U9476                     NOR2X1          fast_vdd1v0       1.0260  
U9477                     NOR2X1          fast_vdd1v0       1.0260  
U9478                     NOR2X1          fast_vdd1v0       1.0260  
U9479                     NOR2X1          fast_vdd1v0       1.0260  
U9480                     NOR2X1          fast_vdd1v0       1.0260  
U9481                     NOR2X1          fast_vdd1v0       1.0260  
U9482                     NOR2X1          fast_vdd1v0       1.0260  
U9483                     NOR2X1          fast_vdd1v0       1.0260  
U9484                     NOR2X1          fast_vdd1v0       1.0260  
U9485                     NOR2X1          fast_vdd1v0       1.0260  
U9486                     NOR2X1          fast_vdd1v0       1.0260  
U9487                     NOR2X1          fast_vdd1v0       1.0260  
U9488                     NOR2X1          fast_vdd1v0       1.0260  
U9489                     NOR2X1          fast_vdd1v0       1.0260  
U9490                     NOR2X1          fast_vdd1v0       1.0260  
U9491                     NOR2X1          fast_vdd1v0       1.0260  
U9492                     NOR2X1          fast_vdd1v0       1.0260  
U9493                     NOR2X1          fast_vdd1v0       1.0260  
U9494                     NOR2X1          fast_vdd1v0       1.0260  
U9495                     NOR2X1          fast_vdd1v0       1.0260  
U9496                     NOR2X1          fast_vdd1v0       1.0260  
U9497                     NOR2X1          fast_vdd1v0       1.0260  
U9498                     NOR2X1          fast_vdd1v0       1.0260  
U9499                     NOR2X1          fast_vdd1v0       1.0260  
U9500                     NOR2X1          fast_vdd1v0       1.0260  
U9501                     NOR2X1          fast_vdd1v0       1.0260  
U9502                     NOR2X1          fast_vdd1v0       1.0260  
U9503                     NOR2X1          fast_vdd1v0       1.0260  
U9504                     NOR2X1          fast_vdd1v0       1.0260  
U9505                     NOR2X1          fast_vdd1v0       1.0260  
U9506                     NOR2X1          fast_vdd1v0       1.0260  
U9507                     NOR2X1          fast_vdd1v0       1.0260  
U9508                     NOR2X1          fast_vdd1v0       1.0260  
U9509                     NOR2X1          fast_vdd1v0       1.0260  
U9510                     NOR2X1          fast_vdd1v0       1.0260  
U9511                     NOR2X1          fast_vdd1v0       1.0260  
U9512                     NOR2X1          fast_vdd1v0       1.0260  
U9513                     NOR2X1          fast_vdd1v0       1.0260  
U9514                     NOR2X1          fast_vdd1v0       1.0260  
U9515                     NOR2X1          fast_vdd1v0       1.0260  
U9516                     NOR2X1          fast_vdd1v0       1.0260  
U9517                     NOR2X1          fast_vdd1v0       1.0260  
U9518                     NOR2X1          fast_vdd1v0       1.0260  
U9519                     NOR2X1          fast_vdd1v0       1.0260  
U9520                     NOR2X1          fast_vdd1v0       1.0260  
U9521                     NOR2X1          fast_vdd1v0       1.0260  
U9522                     NOR2X1          fast_vdd1v0       1.0260  
U9523                     NOR2X1          fast_vdd1v0       1.0260  
U9524                     NOR2X1          fast_vdd1v0       1.0260  
U9525                     NOR2X1          fast_vdd1v0       1.0260  
U9526                     NOR2X1          fast_vdd1v0       1.0260  
U9527                     NOR2X1          fast_vdd1v0       1.0260  
U9528                     NOR2X1          fast_vdd1v0       1.0260  
U9529                     NOR2X1          fast_vdd1v0       1.0260  
U9530                     NOR2X1          fast_vdd1v0       1.0260  
U9531                     NOR2X1          fast_vdd1v0       1.0260  
U9532                     NOR2X1          fast_vdd1v0       1.0260  
U9533                     NOR2X1          fast_vdd1v0       1.0260  
U9534                     NOR2X1          fast_vdd1v0       1.0260  
U9535                     NOR2X1          fast_vdd1v0       1.0260  
U9536                     NOR2X1          fast_vdd1v0       1.0260  
U9537                     NOR2X1          fast_vdd1v0       1.0260  
U9538                     NOR2X1          fast_vdd1v0       1.0260  
U9539                     NOR2X1          fast_vdd1v0       1.0260  
U9540                     NOR2X1          fast_vdd1v0       1.0260  
U9541                     NOR2X1          fast_vdd1v0       1.0260  
U9542                     NOR2X1          fast_vdd1v0       1.0260  
U9543                     NOR2X1          fast_vdd1v0       1.0260  
U9544                     NOR2X1          fast_vdd1v0       1.0260  
U9545                     NOR2X1          fast_vdd1v0       1.0260  
U9546                     NOR2X1          fast_vdd1v0       1.0260  
U9547                     NOR2X1          fast_vdd1v0       1.0260  
U9548                     NOR2X1          fast_vdd1v0       1.0260  
U9549                     NOR2X1          fast_vdd1v0       1.0260  
U9550                     NOR2X1          fast_vdd1v0       1.0260  
U9551                     NOR2X1          fast_vdd1v0       1.0260  
U9552                     NOR2X1          fast_vdd1v0       1.0260  
U9553                     NOR2X1          fast_vdd1v0       1.0260  
U9554                     NOR2X1          fast_vdd1v0       1.0260  
U9555                     NOR2X1          fast_vdd1v0       1.0260  
U9556                     NOR2X1          fast_vdd1v0       1.0260  
U9557                     NOR2X1          fast_vdd1v0       1.0260  
U9558                     NOR2X1          fast_vdd1v0       1.0260  
U9559                     NOR2X1          fast_vdd1v0       1.0260  
U9560                     NOR2X1          fast_vdd1v0       1.0260  
U9561                     NOR2X1          fast_vdd1v0       1.0260  
U9562                     NOR2X1          fast_vdd1v0       1.0260  
U9563                     NOR2X1          fast_vdd1v0       1.0260  
U9564                     NOR2X1          fast_vdd1v0       1.0260  
U9565                     NOR2X1          fast_vdd1v0       1.0260  
U9566                     NOR2X1          fast_vdd1v0       1.0260  
U9567                     NOR2X1          fast_vdd1v0       1.0260  
U9568                     NOR2X1          fast_vdd1v0       1.0260  
U9569                     NOR2X1          fast_vdd1v0       1.0260  
U9570                     NOR2X1          fast_vdd1v0       1.0260  
U9571                     NOR2X1          fast_vdd1v0       1.0260  
U9572                     NOR2X1          fast_vdd1v0       1.0260  
U9573                     NOR2X1          fast_vdd1v0       1.0260  
U9574                     NOR2X1          fast_vdd1v0       1.0260  
U9575                     NOR2X1          fast_vdd1v0       1.0260  
U9576                     NOR2X1          fast_vdd1v0       1.0260  
U9577                     NOR2X1          fast_vdd1v0       1.0260  
U9578                     NOR2X1          fast_vdd1v0       1.0260  
U9579                     NOR2X1          fast_vdd1v0       1.0260  
U9580                     NOR2X1          fast_vdd1v0       1.0260  
U9581                     NOR2X1          fast_vdd1v0       1.0260  
U9582                     NOR2X1          fast_vdd1v0       1.0260  
U9583                     NOR2X1          fast_vdd1v0       1.0260  
U9584                     NOR2X1          fast_vdd1v0       1.0260  
U9585                     NOR2X1          fast_vdd1v0       1.0260  
U9586                     NOR2X1          fast_vdd1v0       1.0260  
U9587                     NOR2X1          fast_vdd1v0       1.0260  
U9588                     NOR2X1          fast_vdd1v0       1.0260  
U9589                     NOR2X1          fast_vdd1v0       1.0260  
U9590                     NOR2X1          fast_vdd1v0       1.0260  
U9591                     NOR2X1          fast_vdd1v0       1.0260  
U9592                     NOR2X1          fast_vdd1v0       1.0260  
U9593                     NOR2X1          fast_vdd1v0       1.0260  
U9594                     NOR2X1          fast_vdd1v0       1.0260  
U9595                     NOR2X1          fast_vdd1v0       1.0260  
U9596                     NOR2X1          fast_vdd1v0       1.0260  
U9597                     NOR2X1          fast_vdd1v0       1.0260  
U9598                     NOR2X1          fast_vdd1v0       1.0260  
U9599                     NOR2X1          fast_vdd1v0       1.0260  
U9600                     NOR2X1          fast_vdd1v0       1.0260  
U9601                     NOR2X1          fast_vdd1v0       1.0260  
U9602                     NOR2X1          fast_vdd1v0       1.0260  
U9603                     NOR2X1          fast_vdd1v0       1.0260  
U9604                     NOR2X1          fast_vdd1v0       1.0260  
U9605                     NOR2X1          fast_vdd1v0       1.0260  
U9606                     NOR2X1          fast_vdd1v0       1.0260  
U9607                     NOR2X1          fast_vdd1v0       1.0260  
U9608                     NOR2X1          fast_vdd1v0       1.0260  
U9609                     NOR2X1          fast_vdd1v0       1.0260  
U9610                     NOR2X1          fast_vdd1v0       1.0260  
U9611                     NOR2X1          fast_vdd1v0       1.0260  
U9612                     NOR2X1          fast_vdd1v0       1.0260  
U9613                     NOR2X1          fast_vdd1v0       1.0260  
U9614                     NOR2X1          fast_vdd1v0       1.0260  
U9615                     NOR2X1          fast_vdd1v0       1.0260  
U9616                     NOR2X1          fast_vdd1v0       1.0260  
U9617                     NOR2X1          fast_vdd1v0       1.0260  
U9618                     NOR2X1          fast_vdd1v0       1.0260  
U9619                     NOR2X1          fast_vdd1v0       1.0260  
U9620                     NOR2X1          fast_vdd1v0       1.0260  
U9621                     NOR2X1          fast_vdd1v0       1.0260  
U9622                     NOR2X1          fast_vdd1v0       1.0260  
U9623                     NOR2X1          fast_vdd1v0       1.0260  
U9624                     NOR2X1          fast_vdd1v0       1.0260  
U9625                     NOR2X1          fast_vdd1v0       1.0260  
U9626                     NOR2X1          fast_vdd1v0       1.0260  
U9627                     NOR2X1          fast_vdd1v0       1.0260  
U9628                     NOR2X1          fast_vdd1v0       1.0260  
U9629                     NOR2X1          fast_vdd1v0       1.0260  
U9630                     NOR2X1          fast_vdd1v0       1.0260  
U9631                     NOR2X1          fast_vdd1v0       1.0260  
U9632                     NOR2X1          fast_vdd1v0       1.0260  
U9633                     NOR2X1          fast_vdd1v0       1.0260  
U9634                     NOR2X1          fast_vdd1v0       1.0260  
U9635                     NOR2X1          fast_vdd1v0       1.0260  
U9636                     NOR2X1          fast_vdd1v0       1.0260  
U9637                     NOR2X1          fast_vdd1v0       1.0260  
U9638                     NOR2X1          fast_vdd1v0       1.0260  
U9639                     NOR2X1          fast_vdd1v0       1.0260  
U9640                     NOR2X1          fast_vdd1v0       1.0260  
U9641                     NOR2X1          fast_vdd1v0       1.0260  
U9642                     NOR2X1          fast_vdd1v0       1.0260  
U9643                     NOR2X1          fast_vdd1v0       1.0260  
U9644                     NOR2X1          fast_vdd1v0       1.0260  
U9645                     NOR2X1          fast_vdd1v0       1.0260  
U9646                     NOR2X1          fast_vdd1v0       1.0260  
U9647                     NOR2X1          fast_vdd1v0       1.0260  
U9648                     NOR2X1          fast_vdd1v0       1.0260  
U9649                     NOR2X1          fast_vdd1v0       1.0260  
U9650                     NOR2X1          fast_vdd1v0       1.0260  
U9651                     NOR2X1          fast_vdd1v0       1.0260  
U9652                     NOR2X1          fast_vdd1v0       1.0260  
U9653                     NOR2X1          fast_vdd1v0       1.0260  
U9654                     NOR2X1          fast_vdd1v0       1.0260  
U9655                     NOR2X1          fast_vdd1v0       1.0260  
U9656                     NOR2X1          fast_vdd1v0       1.0260  
U9657                     NOR2X1          fast_vdd1v0       1.0260  
U9658                     NOR2X1          fast_vdd1v0       1.0260  
U9659                     NOR2X1          fast_vdd1v0       1.0260  
U9660                     NOR2X1          fast_vdd1v0       1.0260  
U9661                     NOR2X1          fast_vdd1v0       1.0260  
U9662                     NOR2X1          fast_vdd1v0       1.0260  
U9663                     NOR2X1          fast_vdd1v0       1.0260  
U9664                     NOR2X1          fast_vdd1v0       1.0260  
U9665                     NOR2X1          fast_vdd1v0       1.0260  
U9666                     NOR2X1          fast_vdd1v0       1.0260  
U9667                     NOR2X1          fast_vdd1v0       1.0260  
U9668                     NOR2X1          fast_vdd1v0       1.0260  
U9669                     NOR2X1          fast_vdd1v0       1.0260  
U9670                     NOR2X1          fast_vdd1v0       1.0260  
U9671                     NOR2X1          fast_vdd1v0       1.0260  
U9672                     NOR2X1          fast_vdd1v0       1.0260  
U9673                     NOR2X1          fast_vdd1v0       1.0260  
U9674                     NOR2X1          fast_vdd1v0       1.0260  
U9675                     NOR2X1          fast_vdd1v0       1.0260  
U9676                     NOR2X1          fast_vdd1v0       1.0260  
U9677                     NOR2X1          fast_vdd1v0       1.0260  
U9678                     NOR2X1          fast_vdd1v0       1.0260  
U9679                     NOR2X1          fast_vdd1v0       1.0260  
U9680                     NOR2X1          fast_vdd1v0       1.0260  
U9681                     NOR2X1          fast_vdd1v0       1.0260  
U9682                     NOR2X1          fast_vdd1v0       1.0260  
U9683                     NOR2X1          fast_vdd1v0       1.0260  
U9684                     NOR2X1          fast_vdd1v0       1.0260  
U9685                     NOR2X1          fast_vdd1v0       1.0260  
U9686                     NOR2X1          fast_vdd1v0       1.0260  
U9687                     NOR2X1          fast_vdd1v0       1.0260  
U9688                     NOR2X1          fast_vdd1v0       1.0260  
U9689                     NOR2X1          fast_vdd1v0       1.0260  
U9690                     NOR2X1          fast_vdd1v0       1.0260  
U9691                     NOR2X1          fast_vdd1v0       1.0260  
U9692                     NOR2X1          fast_vdd1v0       1.0260  
U9693                     NOR2X1          fast_vdd1v0       1.0260  
U9694                     NOR2X1          fast_vdd1v0       1.0260  
U9695                     NOR2X1          fast_vdd1v0       1.0260  
U9696                     NOR2X1          fast_vdd1v0       1.0260  
U9697                     NOR2X1          fast_vdd1v0       1.0260  
U9698                     NOR2X1          fast_vdd1v0       1.0260  
U9699                     NOR2X1          fast_vdd1v0       1.0260  
U9700                     NOR2X1          fast_vdd1v0       1.0260  
U9701                     NOR2X1          fast_vdd1v0       1.0260  
U9702                     NOR2X1          fast_vdd1v0       1.0260  
U9703                     NOR2X1          fast_vdd1v0       1.0260  
U9704                     NOR2X1          fast_vdd1v0       1.0260  
U9705                     NOR2X1          fast_vdd1v0       1.0260  
U9706                     NOR2X1          fast_vdd1v0       1.0260  
U9707                     NOR2X1          fast_vdd1v0       1.0260  
U9708                     NOR2X1          fast_vdd1v0       1.0260  
U9709                     NOR2X1          fast_vdd1v0       1.0260  
U9710                     NOR2X1          fast_vdd1v0       1.0260  
U9711                     NOR2X1          fast_vdd1v0       1.0260  
U9712                     NOR2X1          fast_vdd1v0       1.0260  
U9713                     NOR2X1          fast_vdd1v0       1.0260  
U9714                     NOR2X1          fast_vdd1v0       1.0260  
U9715                     NOR2X1          fast_vdd1v0       1.0260  
U9716                     NOR2X1          fast_vdd1v0       1.0260  
U9717                     NOR2X1          fast_vdd1v0       1.0260  
U9718                     NOR2X1          fast_vdd1v0       1.0260  
U9719                     NOR2X1          fast_vdd1v0       1.0260  
U9720                     NOR2X1          fast_vdd1v0       1.0260  
U9721                     NOR2X1          fast_vdd1v0       1.0260  
U9722                     NOR2X1          fast_vdd1v0       1.0260  
U9723                     NOR2X1          fast_vdd1v0       1.0260  
U9724                     NOR2X1          fast_vdd1v0       1.0260  
U9725                     NOR2X1          fast_vdd1v0       1.0260  
U9726                     NOR2X1          fast_vdd1v0       1.0260  
U9727                     NOR2X1          fast_vdd1v0       1.0260  
U9728                     NOR2X1          fast_vdd1v0       1.0260  
U9729                     NOR2X1          fast_vdd1v0       1.0260  
U9730                     NOR2X1          fast_vdd1v0       1.0260  
U9731                     NOR2X1          fast_vdd1v0       1.0260  
U9732                     NOR2X1          fast_vdd1v0       1.0260  
U9733                     NOR2X1          fast_vdd1v0       1.0260  
U9734                     NOR2X1          fast_vdd1v0       1.0260  
U9735                     NOR2X1          fast_vdd1v0       1.0260  
U9736                     NOR2X1          fast_vdd1v0       1.0260  
U9737                     NOR2X1          fast_vdd1v0       1.0260  
U9738                     NOR2X1          fast_vdd1v0       1.0260  
U9739                     NOR2X1          fast_vdd1v0       1.0260  
U9740                     NOR2X1          fast_vdd1v0       1.0260  
U9741                     NOR2X1          fast_vdd1v0       1.0260  
U9742                     NOR2X1          fast_vdd1v0       1.0260  
U9743                     NOR2X1          fast_vdd1v0       1.0260  
U9744                     NOR2X1          fast_vdd1v0       1.0260  
U9745                     NOR2X1          fast_vdd1v0       1.0260  
U9746                     NOR2X1          fast_vdd1v0       1.0260  
U9747                     NOR2X1          fast_vdd1v0       1.0260  
U9748                     NOR2X1          fast_vdd1v0       1.0260  
U9749                     NOR2X1          fast_vdd1v0       1.0260  
U9750                     NOR2X1          fast_vdd1v0       1.0260  
U9751                     NOR2X1          fast_vdd1v0       1.0260  
U9752                     NOR2X1          fast_vdd1v0       1.0260  
U9753                     NOR2X1          fast_vdd1v0       1.0260  
U9754                     NOR2X1          fast_vdd1v0       1.0260  
U9755                     NOR2X1          fast_vdd1v0       1.0260  
U9756                     NOR2X1          fast_vdd1v0       1.0260  
U9757                     NOR2X1          fast_vdd1v0       1.0260  
U9758                     NOR2X1          fast_vdd1v0       1.0260  
U9759                     NOR2X1          fast_vdd1v0       1.0260  
U9760                     NOR2X1          fast_vdd1v0       1.0260  
U9761                     NOR2X1          fast_vdd1v0       1.0260  
U9762                     NOR2X1          fast_vdd1v0       1.0260  
U9763                     NOR2X1          fast_vdd1v0       1.0260  
U9764                     NOR2X1          fast_vdd1v0       1.0260  
U9765                     NOR2X1          fast_vdd1v0       1.0260  
U9766                     NOR2X1          fast_vdd1v0       1.0260  
U9767                     NOR2X1          fast_vdd1v0       1.0260  
U9768                     NOR2X1          fast_vdd1v0       1.0260  
U9769                     NOR2X1          fast_vdd1v0       1.0260  
U9770                     NOR2X1          fast_vdd1v0       1.0260  
U9771                     NOR2X1          fast_vdd1v0       1.0260  
U9772                     NOR2X1          fast_vdd1v0       1.0260  
U9773                     NOR2X1          fast_vdd1v0       1.0260  
U9774                     NOR2X1          fast_vdd1v0       1.0260  
U9775                     NOR2X1          fast_vdd1v0       1.0260  
U9776                     NOR2X1          fast_vdd1v0       1.0260  
U9777                     NOR2X1          fast_vdd1v0       1.0260  
U9778                     NOR2X1          fast_vdd1v0       1.0260  
U9779                     NOR2X1          fast_vdd1v0       1.0260  
U9780                     NOR2X1          fast_vdd1v0       1.0260  
U9781                     NOR2X1          fast_vdd1v0       1.0260  
U9782                     NOR2X1          fast_vdd1v0       1.0260  
U9783                     NOR2X1          fast_vdd1v0       1.0260  
U9784                     NOR2X1          fast_vdd1v0       1.0260  
U9785                     NOR2X1          fast_vdd1v0       1.0260  
U9786                     NOR2X1          fast_vdd1v0       1.0260  
U9787                     NOR2X1          fast_vdd1v0       1.0260  
U9788                     NOR2X1          fast_vdd1v0       1.0260  
U9789                     NOR2X1          fast_vdd1v0       1.0260  
U9790                     NOR2X1          fast_vdd1v0       1.0260  
U9791                     NOR2X1          fast_vdd1v0       1.0260  
U9792                     NOR2X1          fast_vdd1v0       1.0260  
U9793                     NOR2X1          fast_vdd1v0       1.0260  
U9794                     NOR2X1          fast_vdd1v0       1.0260  
U9795                     NOR2X1          fast_vdd1v0       1.0260  
U9796                     NOR2X1          fast_vdd1v0       1.0260  
U9797                     NOR2X1          fast_vdd1v0       1.0260  
U9798                     NOR2X1          fast_vdd1v0       1.0260  
U9799                     NOR2X1          fast_vdd1v0       1.0260  
U9800                     NOR2X1          fast_vdd1v0       1.0260  
U9801                     NOR2X1          fast_vdd1v0       1.0260  
U9802                     NOR2X1          fast_vdd1v0       1.0260  
U9803                     NOR2X1          fast_vdd1v0       1.0260  
U9804                     NOR2X1          fast_vdd1v0       1.0260  
U9805                     NOR2X1          fast_vdd1v0       1.0260  
U9806                     NOR2X1          fast_vdd1v0       1.0260  
U9807                     NOR2X1          fast_vdd1v0       1.0260  
U9808                     NOR2X1          fast_vdd1v0       1.0260  
U9809                     NOR2X1          fast_vdd1v0       1.0260  
U9810                     NOR2X1          fast_vdd1v0       1.0260  
U9811                     NOR2X1          fast_vdd1v0       1.0260  
U9812                     NOR2X1          fast_vdd1v0       1.0260  
U9813                     NOR2X1          fast_vdd1v0       1.0260  
U9814                     NOR2X1          fast_vdd1v0       1.0260  
U9815                     NOR2X1          fast_vdd1v0       1.0260  
U9816                     NOR2X1          fast_vdd1v0       1.0260  
U9817                     NOR2X1          fast_vdd1v0       1.0260  
U9818                     NOR2X1          fast_vdd1v0       1.0260  
U9819                     NOR2X1          fast_vdd1v0       1.0260  
U9820                     NOR2X1          fast_vdd1v0       1.0260  
U9821                     NOR2X1          fast_vdd1v0       1.0260  
U9822                     NOR2X1          fast_vdd1v0       1.0260  
U9823                     NOR2X1          fast_vdd1v0       1.0260  
U9824                     NOR2X1          fast_vdd1v0       1.0260  
U9825                     NOR2X1          fast_vdd1v0       1.0260  
U9826                     NOR2X1          fast_vdd1v0       1.0260  
U9827                     NOR2X1          fast_vdd1v0       1.0260  
U9828                     NOR2X1          fast_vdd1v0       1.0260  
U9829                     NOR2X1          fast_vdd1v0       1.0260  
U9830                     NOR2X1          fast_vdd1v0       1.0260  
U9831                     NOR2X1          fast_vdd1v0       1.0260  
U9832                     NOR2X1          fast_vdd1v0       1.0260  
U9833                     NOR2X1          fast_vdd1v0       1.0260  
U9834                     NOR2X1          fast_vdd1v0       1.0260  
U9835                     NOR2X1          fast_vdd1v0       1.0260  
U9836                     NOR2X1          fast_vdd1v0       1.0260  
U9837                     NOR2X1          fast_vdd1v0       1.0260  
U9838                     NOR2X1          fast_vdd1v0       1.0260  
U9839                     NOR2X1          fast_vdd1v0       1.0260  
U9840                     NOR2X1          fast_vdd1v0       1.0260  
U9841                     NOR2X1          fast_vdd1v0       1.0260  
U9842                     NOR2X1          fast_vdd1v0       1.0260  
U9843                     NOR2X1          fast_vdd1v0       1.0260  
U9844                     NOR2X1          fast_vdd1v0       1.0260  
U9845                     NOR2X1          fast_vdd1v0       1.0260  
U9846                     NOR2X1          fast_vdd1v0       1.0260  
U9847                     NOR2X1          fast_vdd1v0       1.0260  
U9848                     NOR2X1          fast_vdd1v0       1.0260  
U9849                     NOR2X1          fast_vdd1v0       1.0260  
U9850                     NOR2X1          fast_vdd1v0       1.0260  
U9851                     NOR2X1          fast_vdd1v0       1.0260  
U9852                     NOR2X1          fast_vdd1v0       1.0260  
U9853                     NOR2X1          fast_vdd1v0       1.0260  
U9854                     NOR2X1          fast_vdd1v0       1.0260  
U9855                     NOR2X1          fast_vdd1v0       1.0260  
U9856                     NOR2X1          fast_vdd1v0       1.0260  
U9857                     NOR2X1          fast_vdd1v0       1.0260  
U9858                     NOR2X1          fast_vdd1v0       1.0260  
U9859                     NOR2X1          fast_vdd1v0       1.0260  
U9860                     NOR2X1          fast_vdd1v0       1.0260  
U9861                     NOR2X1          fast_vdd1v0       1.0260  
U9862                     NOR2X1          fast_vdd1v0       1.0260  
U9863                     NOR2X1          fast_vdd1v0       1.0260  
U9864                     NOR2X1          fast_vdd1v0       1.0260  
U9865                     NOR2X1          fast_vdd1v0       1.0260  
U9866                     NOR2X1          fast_vdd1v0       1.0260  
U9867                     NOR2X1          fast_vdd1v0       1.0260  
U9868                     NOR2X1          fast_vdd1v0       1.0260  
U9869                     NOR2X1          fast_vdd1v0       1.0260  
U9870                     NOR2X1          fast_vdd1v0       1.0260  
U9871                     NOR2X1          fast_vdd1v0       1.0260  
U9872                     NOR2X1          fast_vdd1v0       1.0260  
U9873                     NOR2X1          fast_vdd1v0       1.0260  
U9874                     NOR2X1          fast_vdd1v0       1.0260  
U9875                     NOR2X1          fast_vdd1v0       1.0260  
U9876                     NOR2X1          fast_vdd1v0       1.0260  
U9877                     NOR2X1          fast_vdd1v0       1.0260  
U9878                     NOR2X1          fast_vdd1v0       1.0260  
U9879                     NOR2X1          fast_vdd1v0       1.0260  
U9880                     NOR2X1          fast_vdd1v0       1.0260  
U9881                     NOR2X1          fast_vdd1v0       1.0260  
U9882                     NOR2X1          fast_vdd1v0       1.0260  
U9883                     NOR2X1          fast_vdd1v0       1.0260  
U9884                     NOR2X1          fast_vdd1v0       1.0260  
U9885                     NOR2X1          fast_vdd1v0       1.0260  
U9886                     NOR2X1          fast_vdd1v0       1.0260  
U9887                     NOR2X1          fast_vdd1v0       1.0260  
U9888                     NOR2X1          fast_vdd1v0       1.0260  
U9889                     NOR2X1          fast_vdd1v0       1.0260  
U9890                     NOR2X1          fast_vdd1v0       1.0260  
U9891                     NOR2X1          fast_vdd1v0       1.0260  
U9892                     NOR2X1          fast_vdd1v0       1.0260  
U9893                     NOR2X1          fast_vdd1v0       1.0260  
U9894                     NOR2X1          fast_vdd1v0       1.0260  
U9895                     NOR2X1          fast_vdd1v0       1.0260  
U9896                     NOR2X1          fast_vdd1v0       1.0260  
U9897                     NOR2X1          fast_vdd1v0       1.0260  
U9898                     NOR2X1          fast_vdd1v0       1.0260  
U9899                     NOR2X1          fast_vdd1v0       1.0260  
U9900                     NOR2X1          fast_vdd1v0       1.0260  
U9901                     NOR2X1          fast_vdd1v0       1.0260  
U9902                     NOR2X1          fast_vdd1v0       1.0260  
U9903                     NOR2X1          fast_vdd1v0       1.0260  
U9904                     NOR2X1          fast_vdd1v0       1.0260  
U9905                     NOR2X1          fast_vdd1v0       1.0260  
U9906                     NOR2X1          fast_vdd1v0       1.0260  
U9907                     NOR2X1          fast_vdd1v0       1.0260  
U9908                     NOR2X1          fast_vdd1v0       1.0260  
U9909                     NOR2X1          fast_vdd1v0       1.0260  
U9910                     NOR2X1          fast_vdd1v0       1.0260  
U9911                     NOR2X1          fast_vdd1v0       1.0260  
U9912                     NOR2X1          fast_vdd1v0       1.0260  
U9913                     NOR2X1          fast_vdd1v0       1.0260  
U9914                     NOR2X1          fast_vdd1v0       1.0260  
U9915                     NOR2X1          fast_vdd1v0       1.0260  
U9916                     NOR2X1          fast_vdd1v0       1.0260  
U9917                     NOR2X1          fast_vdd1v0       1.0260  
U9918                     NOR2X1          fast_vdd1v0       1.0260  
U9919                     NOR2X1          fast_vdd1v0       1.0260  
U9920                     NOR2X1          fast_vdd1v0       1.0260  
U9921                     NOR2X1          fast_vdd1v0       1.0260  
U9922                     NOR2X1          fast_vdd1v0       1.0260  
U9923                     NOR2X1          fast_vdd1v0       1.0260  
U9924                     NOR2X1          fast_vdd1v0       1.0260  
U9925                     NOR2X1          fast_vdd1v0       1.0260  
U9926                     NOR2X1          fast_vdd1v0       1.0260  
U9927                     NOR2X1          fast_vdd1v0       1.0260  
U9928                     NOR2X1          fast_vdd1v0       1.0260  
U9929                     NOR2X1          fast_vdd1v0       1.0260  
U9930                     NOR2X1          fast_vdd1v0       1.0260  
U9931                     NOR2X1          fast_vdd1v0       1.0260  
U9932                     NOR2X1          fast_vdd1v0       1.0260  
U9933                     NOR2X1          fast_vdd1v0       1.0260  
U9934                     NOR2X1          fast_vdd1v0       1.0260  
U9935                     NOR2X1          fast_vdd1v0       1.0260  
U9936                     NOR2X1          fast_vdd1v0       1.0260  
U9937                     NOR2X1          fast_vdd1v0       1.0260  
U9938                     NOR2X1          fast_vdd1v0       1.0260  
U9939                     NOR2X1          fast_vdd1v0       1.0260  
U9940                     NOR2X1          fast_vdd1v0       1.0260  
U9941                     NOR2X1          fast_vdd1v0       1.0260  
U9942                     NOR2X1          fast_vdd1v0       1.0260  
U9943                     NOR2X1          fast_vdd1v0       1.0260  
U9944                     NOR2X1          fast_vdd1v0       1.0260  
U9945                     NOR2X1          fast_vdd1v0       1.0260  
U9946                     NOR2X1          fast_vdd1v0       1.0260  
U9947                     NOR2X1          fast_vdd1v0       1.0260  
U9948                     NOR2X1          fast_vdd1v0       1.0260  
U9949                     NOR2X1          fast_vdd1v0       1.0260  
U9950                     NOR2X1          fast_vdd1v0       1.0260  
U9951                     NOR2X1          fast_vdd1v0       1.0260  
U9952                     NOR2X1          fast_vdd1v0       1.0260  
U9953                     NOR2X1          fast_vdd1v0       1.0260  
U9954                     NOR2X1          fast_vdd1v0       1.0260  
U9955                     NOR2X1          fast_vdd1v0       1.0260  
U9956                     NOR2X1          fast_vdd1v0       1.0260  
U9957                     NOR2X1          fast_vdd1v0       1.0260  
U9958                     NOR2X1          fast_vdd1v0       1.0260  
U9959                     NOR2X1          fast_vdd1v0       1.0260  
U9960                     NOR2X1          fast_vdd1v0       1.0260  
U9961                     NOR2X1          fast_vdd1v0       1.0260  
U9962                     NOR2X1          fast_vdd1v0       1.0260  
U9963                     NOR2X1          fast_vdd1v0       1.0260  
U9964                     NOR2X1          fast_vdd1v0       1.0260  
U9965                     NOR2X1          fast_vdd1v0       1.0260  
U9966                     NOR2X1          fast_vdd1v0       1.0260  
U9967                     NOR2X1          fast_vdd1v0       1.0260  
U9968                     NOR2X1          fast_vdd1v0       1.0260  
U9969                     NOR2X1          fast_vdd1v0       1.0260  
U9970                     NOR2X1          fast_vdd1v0       1.0260  
U9971                     NOR2X1          fast_vdd1v0       1.0260  
U9972                     NOR2X1          fast_vdd1v0       1.0260  
U9973                     NOR2X1          fast_vdd1v0       1.0260  
U9974                     NOR2X1          fast_vdd1v0       1.0260  
U9975                     NOR2X1          fast_vdd1v0       1.0260  
U9976                     NOR2X1          fast_vdd1v0       1.0260  
U9977                     NOR2X1          fast_vdd1v0       1.0260  
U9978                     NOR2X1          fast_vdd1v0       1.0260  
U9979                     NOR2X1          fast_vdd1v0       1.0260  
U9980                     NOR2X1          fast_vdd1v0       1.0260  
U9981                     NOR2X1          fast_vdd1v0       1.0260  
U9982                     NOR2X1          fast_vdd1v0       1.0260  
U9983                     NOR2X1          fast_vdd1v0       1.0260  
U9984                     NOR2X1          fast_vdd1v0       1.0260  
U9985                     NOR2X1          fast_vdd1v0       1.0260  
U9986                     NOR2X1          fast_vdd1v0       1.0260  
U9987                     NOR2X1          fast_vdd1v0       1.0260  
U9988                     NOR2X1          fast_vdd1v0       1.0260  
U9989                     NOR2X1          fast_vdd1v0       1.0260  
U9990                     NOR2X1          fast_vdd1v0       1.0260  
U9991                     NOR2X1          fast_vdd1v0       1.0260  
U9992                     NOR2X1          fast_vdd1v0       1.0260  
U9993                     NOR2X1          fast_vdd1v0       1.0260  
U9994                     NOR2X1          fast_vdd1v0       1.0260  
U9995                     NOR2X1          fast_vdd1v0       1.0260  
U9996                     NOR2X1          fast_vdd1v0       1.0260  
U9997                     NOR2X1          fast_vdd1v0       1.0260  
U9998                     NOR2X1          fast_vdd1v0       1.0260  
U9999                     NOR2X1          fast_vdd1v0       1.0260  
U10000                    NOR2X1          fast_vdd1v0       1.0260  
U10001                    NOR2X1          fast_vdd1v0       1.0260  
U10002                    NOR2X1          fast_vdd1v0       1.0260  
U10003                    NOR2X1          fast_vdd1v0       1.0260  
U10004                    NOR2X1          fast_vdd1v0       1.0260  
U10005                    NOR2X1          fast_vdd1v0       1.0260  
U10006                    NOR2X1          fast_vdd1v0       1.0260  
U10007                    NOR2X1          fast_vdd1v0       1.0260  
U10008                    NOR2X1          fast_vdd1v0       1.0260  
U10009                    NOR2X1          fast_vdd1v0       1.0260  
U10010                    NOR2X1          fast_vdd1v0       1.0260  
U10011                    NOR2X1          fast_vdd1v0       1.0260  
U10012                    NOR2X1          fast_vdd1v0       1.0260  
U10013                    NOR2X1          fast_vdd1v0       1.0260  
U10014                    NOR2X1          fast_vdd1v0       1.0260  
U10015                    NOR2X1          fast_vdd1v0       1.0260  
U10016                    NOR2X1          fast_vdd1v0       1.0260  
U10017                    NOR2X1          fast_vdd1v0       1.0260  
U10018                    NOR2X1          fast_vdd1v0       1.0260  
U10019                    NOR2X1          fast_vdd1v0       1.0260  
U10020                    NOR2X1          fast_vdd1v0       1.0260  
U10021                    NOR2X1          fast_vdd1v0       1.0260  
U10022                    NOR2X1          fast_vdd1v0       1.0260  
U10023                    NOR2X1          fast_vdd1v0       1.0260  
U10024                    NOR2X1          fast_vdd1v0       1.0260  
U10025                    NOR2X1          fast_vdd1v0       1.0260  
U10026                    NOR2X1          fast_vdd1v0       1.0260  
U10027                    NOR2X1          fast_vdd1v0       1.0260  
U10028                    NOR2X1          fast_vdd1v0       1.0260  
U10029                    NOR2X1          fast_vdd1v0       1.0260  
U10030                    NOR2X1          fast_vdd1v0       1.0260  
U10031                    NOR2X1          fast_vdd1v0       1.0260  
U10032                    NOR2X1          fast_vdd1v0       1.0260  
U10033                    NOR2X1          fast_vdd1v0       1.0260  
U10034                    NOR2X1          fast_vdd1v0       1.0260  
U10035                    NOR2X1          fast_vdd1v0       1.0260  
U10036                    NOR2X1          fast_vdd1v0       1.0260  
U10037                    NOR2X1          fast_vdd1v0       1.0260  
U10038                    NOR2X1          fast_vdd1v0       1.0260  
U10039                    NOR2X1          fast_vdd1v0       1.0260  
U10040                    NOR2X1          fast_vdd1v0       1.0260  
U10041                    NOR2X1          fast_vdd1v0       1.0260  
U10042                    NOR2X1          fast_vdd1v0       1.0260  
U10043                    NOR2X1          fast_vdd1v0       1.0260  
U10044                    NOR2X1          fast_vdd1v0       1.0260  
U10045                    NOR2X1          fast_vdd1v0       1.0260  
U10046                    NOR2X1          fast_vdd1v0       1.0260  
U10047                    NOR2X1          fast_vdd1v0       1.0260  
U10048                    NOR2X1          fast_vdd1v0       1.0260  
U10049                    NOR2X1          fast_vdd1v0       1.0260  
U10050                    NOR2X1          fast_vdd1v0       1.0260  
U10051                    NOR2X1          fast_vdd1v0       1.0260  
U10052                    NOR2X1          fast_vdd1v0       1.0260  
U10053                    NOR2X1          fast_vdd1v0       1.0260  
U10054                    NOR2X1          fast_vdd1v0       1.0260  
U10055                    NOR2X1          fast_vdd1v0       1.0260  
U10056                    NOR2X1          fast_vdd1v0       1.0260  
U10057                    NOR2X1          fast_vdd1v0       1.0260  
U10058                    NOR2X1          fast_vdd1v0       1.0260  
U10059                    NOR2X1          fast_vdd1v0       1.0260  
U10060                    NOR2X1          fast_vdd1v0       1.0260  
U10061                    NOR2X1          fast_vdd1v0       1.0260  
U10062                    NOR2X1          fast_vdd1v0       1.0260  
U10063                    NOR2X1          fast_vdd1v0       1.0260  
U10064                    NOR2X1          fast_vdd1v0       1.0260  
U10065                    NOR2X1          fast_vdd1v0       1.0260  
U10066                    NOR2X1          fast_vdd1v0       1.0260  
U10067                    NOR2X1          fast_vdd1v0       1.0260  
U10068                    NOR2X1          fast_vdd1v0       1.0260  
U10069                    NOR2X1          fast_vdd1v0       1.0260  
U10070                    NOR2X1          fast_vdd1v0       1.0260  
U10071                    NOR2X1          fast_vdd1v0       1.0260  
U10072                    NOR2X1          fast_vdd1v0       1.0260  
U10073                    NOR2X1          fast_vdd1v0       1.0260  
U10074                    NOR2X1          fast_vdd1v0       1.0260  
U10075                    NOR2X1          fast_vdd1v0       1.0260  
U10076                    NOR2X1          fast_vdd1v0       1.0260  
U10077                    NOR2X1          fast_vdd1v0       1.0260  
U10078                    NOR2X1          fast_vdd1v0       1.0260  
U10079                    NOR2X1          fast_vdd1v0       1.0260  
U10080                    NOR2X1          fast_vdd1v0       1.0260  
U10081                    NOR2X1          fast_vdd1v0       1.0260  
U10082                    NOR2X1          fast_vdd1v0       1.0260  
U10083                    NOR2X1          fast_vdd1v0       1.0260  
U10084                    NOR2X1          fast_vdd1v0       1.0260  
U10085                    NOR2X1          fast_vdd1v0       1.0260  
U10086                    NOR2X1          fast_vdd1v0       1.0260  
U10087                    NOR2X1          fast_vdd1v0       1.0260  
U10088                    NOR2X1          fast_vdd1v0       1.0260  
U10089                    NOR2X1          fast_vdd1v0       1.0260  
U10090                    NOR2X1          fast_vdd1v0       1.0260  
U10091                    NOR2X1          fast_vdd1v0       1.0260  
U10092                    NOR2X1          fast_vdd1v0       1.0260  
U10093                    NOR2X1          fast_vdd1v0       1.0260  
U10094                    NOR2X1          fast_vdd1v0       1.0260  
U10095                    NOR2X1          fast_vdd1v0       1.0260  
U10096                    NOR2X1          fast_vdd1v0       1.0260  
U10097                    NOR2X1          fast_vdd1v0       1.0260  
U10098                    NOR2X1          fast_vdd1v0       1.0260  
U10099                    NOR2X1          fast_vdd1v0       1.0260  
U10100                    NOR2X1          fast_vdd1v0       1.0260  
U10101                    NOR2X1          fast_vdd1v0       1.0260  
U10102                    NOR2X1          fast_vdd1v0       1.0260  
U10103                    NOR2X1          fast_vdd1v0       1.0260  
U10104                    NOR2X1          fast_vdd1v0       1.0260  
U10105                    NOR2X1          fast_vdd1v0       1.0260  
U10106                    NOR2X1          fast_vdd1v0       1.0260  
U10107                    NOR2X1          fast_vdd1v0       1.0260  
U10108                    NOR2X1          fast_vdd1v0       1.0260  
U10109                    NOR2X1          fast_vdd1v0       1.0260  
U10110                    NOR2X1          fast_vdd1v0       1.0260  
U10111                    NOR2X1          fast_vdd1v0       1.0260  
U10112                    NOR2X1          fast_vdd1v0       1.0260  
U10113                    NOR2X1          fast_vdd1v0       1.0260  
U10114                    NOR2X1          fast_vdd1v0       1.0260  
U10115                    NOR2X1          fast_vdd1v0       1.0260  
U10116                    NOR2X1          fast_vdd1v0       1.0260  
U10117                    NOR2X1          fast_vdd1v0       1.0260  
U10118                    NOR2X1          fast_vdd1v0       1.0260  
U10119                    NOR2X1          fast_vdd1v0       1.0260  
U10120                    NOR2X1          fast_vdd1v0       1.0260  
U10121                    NOR2X1          fast_vdd1v0       1.0260  
U10122                    NOR2X1          fast_vdd1v0       1.0260  
U10123                    NOR2X1          fast_vdd1v0       1.0260  
U10124                    NOR2X1          fast_vdd1v0       1.0260  
U10125                    NOR2X1          fast_vdd1v0       1.0260  
U10126                    NOR2X1          fast_vdd1v0       1.0260  
U10127                    NOR2X1          fast_vdd1v0       1.0260  
U10128                    NOR2X1          fast_vdd1v0       1.0260  
U10129                    NOR2X1          fast_vdd1v0       1.0260  
U10130                    NOR2X1          fast_vdd1v0       1.0260  
U10131                    NOR2X1          fast_vdd1v0       1.0260  
U10132                    NOR2X1          fast_vdd1v0       1.0260  
U10133                    NOR2X1          fast_vdd1v0       1.0260  
U10134                    NOR2X1          fast_vdd1v0       1.0260  
U10135                    NOR2X1          fast_vdd1v0       1.0260  
U10136                    NOR2X1          fast_vdd1v0       1.0260  
U10137                    NOR2X1          fast_vdd1v0       1.0260  
U10138                    NOR2X1          fast_vdd1v0       1.0260  
U10139                    NOR2X1          fast_vdd1v0       1.0260  
U10140                    NOR2X1          fast_vdd1v0       1.0260  
U10141                    NOR2X1          fast_vdd1v0       1.0260  
U10142                    NOR2X1          fast_vdd1v0       1.0260  
U10143                    NOR2X1          fast_vdd1v0       1.0260  
U10144                    NOR2X1          fast_vdd1v0       1.0260  
U10145                    NOR2X1          fast_vdd1v0       1.0260  
U10146                    NOR2X1          fast_vdd1v0       1.0260  
U10147                    NOR2X1          fast_vdd1v0       1.0260  
U10148                    NOR2X1          fast_vdd1v0       1.0260  
U10149                    NOR2X1          fast_vdd1v0       1.0260  
U10150                    NOR2X1          fast_vdd1v0       1.0260  
U10151                    NOR2X1          fast_vdd1v0       1.0260  
U10152                    NOR2X1          fast_vdd1v0       1.0260  
U10153                    NOR2X1          fast_vdd1v0       1.0260  
U10154                    NOR2X1          fast_vdd1v0       1.0260  
U10155                    NOR2X1          fast_vdd1v0       1.0260  
U10156                    NOR2X1          fast_vdd1v0       1.0260  
U10157                    NOR2X1          fast_vdd1v0       1.0260  
U10158                    NOR2X1          fast_vdd1v0       1.0260  
U10159                    NOR2X1          fast_vdd1v0       1.0260  
U10160                    NOR2X1          fast_vdd1v0       1.0260  
U10161                    NOR2X1          fast_vdd1v0       1.0260  
U10162                    NOR2X1          fast_vdd1v0       1.0260  
U10163                    NOR2X1          fast_vdd1v0       1.0260  
U10164                    NOR2X1          fast_vdd1v0       1.0260  
U10165                    NOR2X1          fast_vdd1v0       1.0260  
U10166                    NOR2X1          fast_vdd1v0       1.0260  
U10167                    NOR2X1          fast_vdd1v0       1.0260  
U10168                    NOR2X1          fast_vdd1v0       1.0260  
U10169                    NOR2X1          fast_vdd1v0       1.0260  
U10170                    NOR2X1          fast_vdd1v0       1.0260  
U10171                    NOR2X1          fast_vdd1v0       1.0260  
U10172                    NOR2X1          fast_vdd1v0       1.0260  
U10173                    NOR2X1          fast_vdd1v0       1.0260  
U10174                    NOR2X1          fast_vdd1v0       1.0260  
U10175                    NOR2X1          fast_vdd1v0       1.0260  
U10176                    NOR2X1          fast_vdd1v0       1.0260  
U10177                    NOR2X1          fast_vdd1v0       1.0260  
U10178                    NOR2X1          fast_vdd1v0       1.0260  
U10179                    NOR2X1          fast_vdd1v0       1.0260  
U10180                    NOR2X1          fast_vdd1v0       1.0260  
U10181                    NOR2X1          fast_vdd1v0       1.0260  
U10182                    NOR2X1          fast_vdd1v0       1.0260  
U10183                    NOR2X1          fast_vdd1v0       1.0260  
U10184                    NOR2X1          fast_vdd1v0       1.0260  
U10185                    NOR2X1          fast_vdd1v0       1.0260  
U10186                    NOR2X1          fast_vdd1v0       1.0260  
U10187                    NOR2X1          fast_vdd1v0       1.0260  
U10188                    NOR2X1          fast_vdd1v0       1.0260  
U10189                    NOR2X1          fast_vdd1v0       1.0260  
U10190                    NOR2X1          fast_vdd1v0       1.0260  
U10191                    NOR2X1          fast_vdd1v0       1.0260  
U10192                    NOR2X1          fast_vdd1v0       1.0260  
U10193                    NOR2X1          fast_vdd1v0       1.0260  
U10194                    NOR2X1          fast_vdd1v0       1.0260  
U10195                    NOR2X1          fast_vdd1v0       1.0260  
U10196                    NOR2X1          fast_vdd1v0       1.0260  
U10197                    NOR2X1          fast_vdd1v0       1.0260  
U10198                    NOR2X1          fast_vdd1v0       1.0260  
U10199                    NOR2X1          fast_vdd1v0       1.0260  
U10200                    NOR2X1          fast_vdd1v0       1.0260  
U10201                    NOR2X1          fast_vdd1v0       1.0260  
U10202                    NOR2X1          fast_vdd1v0       1.0260  
U10203                    NOR2X1          fast_vdd1v0       1.0260  
U10204                    NOR2X1          fast_vdd1v0       1.0260  
U10205                    NOR2X1          fast_vdd1v0       1.0260  
U10206                    NOR2X1          fast_vdd1v0       1.0260  
U10207                    NOR2X1          fast_vdd1v0       1.0260  
U10208                    NOR2X1          fast_vdd1v0       1.0260  
U10209                    NOR2X1          fast_vdd1v0       1.0260  
U10210                    NOR2X1          fast_vdd1v0       1.0260  
U10211                    NOR2X1          fast_vdd1v0       1.0260  
U10212                    NOR2X1          fast_vdd1v0       1.0260  
U10213                    INVX1           fast_vdd1v0       0.6840  
U10214                    OAI32X1         fast_vdd1v0       2.3940  
U10215                    INVX1           fast_vdd1v0       0.6840  
U10216                    AOI21X1         fast_vdd1v0       1.7100  
U10217                    INVX1           fast_vdd1v0       0.6840  
U10218                    OAI32X1         fast_vdd1v0       2.3940  
U10219                    INVX1           fast_vdd1v0       0.6840  
U10220                    INVX1           fast_vdd1v0       0.6840  
U10221                    AOI21X1         fast_vdd1v0       1.7100  
U10222                    BUFX2           fast_vdd1v0       1.7100  
U10223                    BUFX2           fast_vdd1v0       1.7100  
U10224                    BUFX2           fast_vdd1v0       1.7100  
U10225                    BUFX2           fast_vdd1v0       1.7100  
U10226                    AOI21X1         fast_vdd1v0       1.7100  
U10227                    NOR3X1          fast_vdd1v0       1.7100  
U10228                    NOR3X1          fast_vdd1v0       1.7100  
U10229                    NOR2X1          fast_vdd1v0       1.0260  
U10230                    NOR2X1          fast_vdd1v0       1.0260  
U10231                    NAND4XL         fast_vdd1v0       1.7100  
U10232                    NAND4XL         fast_vdd1v0       1.7100  
U10233                    INVX1           fast_vdd1v0       0.6840  
U10234                    NOR4BBX1        fast_vdd1v0       2.7360  
U10235                    NOR4X1          fast_vdd1v0       1.7100  
U10236                    NOR2X1          fast_vdd1v0       1.0260  
U10237                    NOR2X1          fast_vdd1v0       1.0260  
U10238                    TIELO           fast_vdd1v0       1.0260  
a_fifo_inst               input_fifo_DATA_WIDTH256_DEPTH16
                                                          42165.1809
                                                                    h, n, p
a_sram_inst               act_sram_WORD_WIDTH256_DEPTH1024
                                                          1280175.7966
                                                                    h, n, p
act_fifo_wr_en_reg        DFFRHQX1        fast_vdd1v0       6.1560  n
act_pump_active_reg       DFFRX1          fast_vdd1v0       6.8400  n
act_sram_raddr_reg[0]     DFFRX1          fast_vdd1v0       6.8400  n
act_sram_raddr_reg[1]     DFFRHQX1        fast_vdd1v0       6.1560  n
act_sram_raddr_reg[2]     DFFRHQX1        fast_vdd1v0       6.1560  n
act_sram_raddr_reg[3]     DFFRHQX1        fast_vdd1v0       6.1560  n
act_sram_raddr_reg[4]     DFFRHQX1        fast_vdd1v0       6.1560  n
act_sram_raddr_reg[5]     DFFRHQX1        fast_vdd1v0       6.1560  n
act_sram_raddr_reg[6]     DFFRHQX1        fast_vdd1v0       6.1560  n
act_sram_raddr_reg[7]     DFFRHQX1        fast_vdd1v0       6.1560  n
act_sram_raddr_reg[8]     DFFRHQX1        fast_vdd1v0       6.1560  n
act_sram_raddr_reg[9]     DFFRHQX1        fast_vdd1v0       6.1560  n
act_sram_ren_reg          DFFRHQX1        fast_vdd1v0       6.1560  n
act_valid_q_reg           DFFRHQX1        fast_vdd1v0       6.1560  n
add_102_S2/U1_1_1         ADDHX1          fast_vdd1v0       3.7620  mo, r
add_102_S2/U1_1_2         ADDHX1          fast_vdd1v0       3.7620  mo, r
add_102_S2/U1_1_3         ADDHX1          fast_vdd1v0       3.7620  mo, r
add_102_S2/U1_1_4         ADDHX1          fast_vdd1v0       3.7620  mo, r
add_102_S2/U1_1_5         ADDHX1          fast_vdd1v0       3.7620  mo, r
add_102_S2/U1_1_6         ADDHX1          fast_vdd1v0       3.7620  mo, r
add_171_S2/U1_1_1         ADDHX1          fast_vdd1v0       3.7620  mo, r
add_171_S2/U1_1_2         ADDHX1          fast_vdd1v0       3.7620  mo, r
add_171_S2/U1_1_3         ADDHX1          fast_vdd1v0       3.7620  mo, r
add_171_S2/U1_1_4         ADDHX1          fast_vdd1v0       3.7620  mo, r
add_171_S2/U1_1_5         ADDHX1          fast_vdd1v0       3.7620  mo, r
add_171_S2/U1_1_6         ADDHX1          fast_vdd1v0       3.7620  mo, r
add_171_S2/U1_1_7         ADDHX1          fast_vdd1v0       3.7620  mo, r
add_171_S2/U1_1_8         ADDHX1          fast_vdd1v0       3.7620  mo, r
core_array_inst           systolic_array_N16_ACT_WIDTH16_WT_WIDTH16_PSUM_WIDTH32
                                                          536772.7740
                                                                    h, n, p
flush_timer_reg[0]        DFFRHQX1        fast_vdd1v0       6.1560  n
flush_timer_reg[1]        DFFRHQX1        fast_vdd1v0       6.1560  n
flush_timer_reg[2]        DFFRHQX1        fast_vdd1v0       6.1560  n
flush_timer_reg[3]        DFFRHQX1        fast_vdd1v0       6.1560  n
flush_timer_reg[4]        DFFRHQX1        fast_vdd1v0       6.1560  n
flush_timer_reg[5]        DFFRHQX1        fast_vdd1v0       6.1560  n
skew_buffer_en_reg        DFFRHQX1        fast_vdd1v0       6.1560  n
skew_inst                 act_skew_buffer_N16_ACT_WIDTH16 17734.4104
                                                                    h, n, p
sub_191/U1_A_1            XNOR2X1         fast_vdd1v0       2.3940  mo
sub_191/U1_A_2            XNOR2X1         fast_vdd1v0       2.3940  mo
sub_191/U1_A_3            XNOR2X1         fast_vdd1v0       2.3940  mo
sub_191/U1_A_4            XNOR2X1         fast_vdd1v0       2.3940  mo
sub_191/U1_A_5            XNOR2X1         fast_vdd1v0       2.3940  mo
sub_191/U1_B_1            OR2XL           fast_vdd1v0       1.3680  mo
sub_191/U1_B_2            OR2XL           fast_vdd1v0       1.3680  mo
sub_191/U1_B_3            OR2XL           fast_vdd1v0       1.3680  mo
sub_191/U1_B_4            OR2XL           fast_vdd1v0       1.3680  mo
w_ctrl_inst               weight_controller_N16_WT_WIDTH16
                                                          138.5100  h, n, p
w_fifo_inst               weight_fifo_DATA_WIDTH16_DEPTH16
                                                          2771.9101 h, n, p
w_sram_inst               weight_sram_WORD_WIDTH16_DEPTH256
                                                          40541.0229
                                                                    h, n, p
wt_fifo_wr_en_reg         DFFRHQX1        fast_vdd1v0       6.1560  n
wt_pump_active_reg        DFFRHQX1        fast_vdd1v0       6.1560  n
wt_sram_raddr_reg[0]      DFFRX1          fast_vdd1v0       6.8400  n
wt_sram_raddr_reg[1]      DFFRHQX1        fast_vdd1v0       6.1560  n
wt_sram_raddr_reg[2]      DFFRHQX1        fast_vdd1v0       6.1560  n
wt_sram_raddr_reg[3]      DFFRHQX1        fast_vdd1v0       6.1560  n
wt_sram_raddr_reg[4]      DFFRHQX1        fast_vdd1v0       6.1560  n
wt_sram_raddr_reg[5]      DFFRHQX1        fast_vdd1v0       6.1560  n
wt_sram_raddr_reg[6]      DFFRHQX1        fast_vdd1v0       6.1560  n
wt_sram_raddr_reg[7]      DFFRHQX1        fast_vdd1v0       6.1560  n
wt_sram_ren_reg           DFFRHQX1        fast_vdd1v0       6.1560  n
--------------------------------------------------------------------------------
Total 5608 cells                                          1926690.9010
1
